#{"t_start": 1786705703.9099445, "env_id": "None"}
r,l,t,completed,gate_reached,constraint_success,phase1_speed_failure,premature_entry_failure,terminal_constraint_failure,distance_failure,time_failure,mission_phase,phase1_curriculum_difficulty,phase1_curriculum_full_sample
-30.697954,382,5.010873,False,False,True,False,False,False,True,False,0,1.0,True
-26.598964,285,6.366343,False,False,True,True,False,False,False,False,0,1.0,True
-31.02737,421,8.3795,False,False,True,True,False,False,False,False,0,1.0,True
-31.773808,403,10.319344,False,False,True,True,False,False,False,False,0,1.0,True
-28.943268,303,11.75496,False,False,True,True,False,False,False,False,0,1.0,True
-32.844888,431,13.857152,False,False,True,True,False,False,False,False,0,1.0,True
-33.209735,488,16.16361,False,False,True,False,False,False,True,False,0,1.0,True
-34.128743,482,18.437007,False,False,True,False,False,False,True,False,0,1.0,True
-28.261789,316,19.945256,False,False,True,True,False,False,False,False,0,1.0,True
-37.45418,566,22.600877,False,False,True,False,False,False,True,False,0,1.0,True
-29.209775,352,24.27902,False,False,True,True,False,False,False,False,0,1.0,True
-34.064384,501,26.641799,False,False,True,True,False,False,False,False,0,1.0,True
-29.807645,370,30.946815,False,False,True,True,False,False,False,False,0,1.0,True
-26.965644,280,34.346298,False,False,True,True,False,False,False,False,0,1.0,True
-28.21956,312,39.095183,False,False,True,False,False,False,True,False,0,1.0,True
-39.972459,778,49.377693,False,False,True,True,False,False,False,False,0,1.0,True
-28.281924,298,53.047292,False,False,True,True,False,False,False,False,0,1.0,True
-39.217345,611,60.739268,False,False,True,True,False,False,False,False,0,1.0,True
-25.575971,251,63.653913,False,False,True,True,False,False,False,False,0,1.0,True
-28.348921,308,67.214238,False,False,True,False,True,False,False,False,0,1.0,True
-22.430936,195,69.401733,False,False,True,False,True,False,False,False,0,1.0,True
-26.987237,300,72.709891,False,False,True,True,False,False,False,False,0,1.0,True
-39.011817,608,79.475049,False,False,True,True,False,False,False,False,0,1.0,True
-28.992043,392,83.846829,False,False,True,True,False,False,False,False,0,1.0,True
-28.970272,295,86.994766,False,False,True,True,False,False,False,False,0,1.0,True
-24.961029,206,89.280784,False,False,True,True,False,False,False,False,0,1.0,True
-31.468521,400,93.58334,False,False,True,True,False,False,False,False,0,1.0,True
-32.738445,378,97.890536,False,False,True,True,False,False,False,False,0,1.0,True
-24.227404,336,101.516454,False,False,True,False,True,False,False,False,0,1.0,True
-38.065605,553,108.147552,False,False,True,True,False,False,False,False,0,1.0,True
-43.378329,794,117.186543,False,False,True,True,False,False,False,False,0,1.0,True
-33.578487,466,122.471792,False,False,True,True,False,False,False,False,0,1.0,True
-34.79717,606,129.107435,False,False,True,True,False,False,False,False,0,1.0,True
-37.047931,551,135.159719,False,False,True,True,False,False,False,False,0,1.0,True
-27.068519,260,138.30913,False,False,True,True,False,False,False,False,0,1.0,True
-27.953943,406,142.846209,False,False,True,True,False,False,False,False,0,1.0,True
-30.770979,408,147.376791,False,False,True,True,False,False,False,False,0,1.0,True
-27.269925,299,150.800183,False,False,True,True,False,False,False,False,0,1.0,True
-28.335849,318,154.280464,False,False,True,True,False,False,False,False,0,1.0,True
-60.713161,1042,165.818382,False,False,True,False,False,False,True,False,0,1.0,True
-26.134199,311,169.639678,False,False,True,True,False,False,False,False,0,1.0,True
-33.909976,423,175.330413,False,False,True,False,False,False,True,False,0,1.0,True
-38.642039,662,182.764984,False,False,True,False,False,False,True,False,0,1.0,True
-29.354982,350,186.672026,False,False,True,True,False,False,False,False,0,1.0,True
-26.371665,246,189.522019,False,False,True,True,False,False,False,False,0,1.0,True
-27.549111,293,192.769383,False,False,True,True,False,False,False,False,0,1.0,True
-25.760544,225,195.20533,False,False,True,True,False,False,False,False,0,1.0,True
-24.863065,204,197.601078,False,False,True,True,False,False,False,False,0,1.0,True
-23.27736,184,199.533126,False,False,True,True,False,False,False,False,0,1.0,True
-25.994059,257,202.47396,False,False,True,True,False,False,False,False,0,1.0,True
-27.735776,276,205.435759,False,False,True,False,False,False,True,False,0,1.0,True
-31.257426,335,209.171171,False,False,True,False,False,False,True,False,0,1.0,True
-27.778387,290,212.380207,False,False,True,True,False,False,False,False,0,1.0,True
-43.903101,684,222.873667,False,False,True,False,False,False,True,False,0,1.0,True
-36.377299,522,232.813038,False,False,True,True,False,False,False,False,0,1.0,True
-52.781978,1034,245.830387,False,False,True,False,False,False,True,False,0,1.0,True
-34.016162,679,253.572706,False,False,True,False,True,False,False,False,0,1.0,True
-33.960104,396,258.302092,False,False,True,False,False,False,True,False,0,1.0,True
-37.48215,608,265.121559,False,False,True,False,False,False,True,False,0,1.0,True
-49.714796,886,277.804862,False,False,True,True,False,False,False,False,0,1.0,True
-26.69904,253,280.789609,False,False,True,True,False,False,False,False,0,1.0,True
-42.311764,761,292.712099,False,False,True,False,False,False,True,False,0,1.0,True
-26.173459,246,295.700233,False,False,True,True,False,False,False,False,0,1.0,True
-31.863723,395,300.213096,False,False,True,True,False,False,False,False,0,1.0,True
-29.070739,328,304.179758,False,False,True,True,False,False,False,False,0,1.0,True
-25.642651,260,307.413093,False,False,True,True,False,False,False,False,0,1.0,True
-24.395946,450,312.421526,False,False,True,False,True,False,False,False,0,1.0,True
-20.037229,256,315.139264,False,False,True,False,True,False,False,False,0,1.0,True
-33.973575,471,320.538044,False,False,True,True,False,False,False,False,0,1.0,True
-24.498765,233,323.15361,False,False,True,True,False,False,False,False,0,1.0,True
-27.13375,311,326.638499,False,False,True,True,False,False,False,False,0,1.0,True
-42.260249,651,335.241061,False,False,True,True,False,False,False,False,0,1.0,True
-26.870728,314,340.061355,False,False,True,True,False,False,False,False,0,1.0,True
-28.148601,308,343.847085,False,False,True,True,False,False,False,False,0,1.0,True
-39.03318,570,350.637934,False,False,True,False,False,False,True,False,0,1.0,True
-30.60613,414,355.858889,False,False,True,True,False,False,False,False,0,1.0,True
-26.48405,248,358.816917,False,False,True,True,False,False,False,False,0,1.0,True
-26.43387,284,363.154285,False,False,True,True,False,False,False,False,0,1.0,True
-24.384052,195,365.337822,False,False,True,True,False,False,False,False,0,1.0,True
-31.292815,446,371.026652,False,False,True,True,False,False,False,False,0,1.0,True
-46.617717,801,380.015626,False,False,True,True,False,False,False,False,0,1.0,True
-24.816426,250,382.844929,False,False,True,True,False,False,False,False,0,1.0,True
-22.217644,140,384.510336,False,False,True,True,False,False,False,False,0,1.0,True
-26.234721,329,388.113965,False,False,True,True,False,False,False,False,0,1.0,True
-29.537315,548,394.184768,False,False,True,True,False,False,False,False,0,1.0,True
-24.321143,204,396.520965,False,False,True,True,False,False,False,False,0,1.0,True
-27.636151,335,400.275327,False,False,True,True,False,False,False,False,0,1.0,True
-22.468024,152,401.890815,False,False,True,True,False,False,False,False,0,1.0,True
-28.661498,330,405.678671,False,False,True,True,False,False,False,False,0,1.0,True
-24.500888,170,407.64325,False,False,True,True,False,False,False,False,0,1.0,True
-24.791868,224,410.234888,False,False,True,True,False,False,False,False,0,1.0,True
-28.070348,487,415.534915,False,False,True,True,False,False,False,False,0,1.0,True
-42.09137,716,423.931388,False,False,True,True,False,False,False,False,0,1.0,True
-25.367673,306,428.251445,False,False,True,True,False,False,False,False,0,1.0,True
-21.671496,137,429.851999,False,False,True,True,False,False,False,False,0,1.0,True
-40.652406,631,437.286415,False,False,True,True,False,False,False,False,0,1.0,True
-24.201722,300,440.697289,False,False,True,False,True,False,False,False,0,1.0,True
-26.666674,348,444.559228,False,False,True,False,True,False,False,False,0,1.0,True
-24.411236,206,446.920655,False,False,True,True,False,False,False,False,0,1.0,True
-24.312438,184,448.972137,False,False,True,True,False,False,False,False,0,1.0,True
-35.423877,458,454.009466,False,False,True,True,False,False,False,False,0,1.0,True
-28.408586,329,457.838407,False,False,True,False,False,False,True,False,0,1.0,True
-25.845519,279,461.10657,False,False,True,False,True,False,False,False,0,1.0,True
-25.793064,303,465.435114,False,False,True,True,False,False,False,False,0,1.0,True
-20.951707,220,468.102371,False,False,True,False,True,False,False,False,0,1.0,True
-22.9998,238,470.853467,False,False,True,True,False,False,False,False,0,1.0,True
-24.441691,260,473.759906,False,False,True,True,False,False,False,False,0,1.0,True
-23.264612,145,475.403103,False,False,True,True,False,False,False,False,0,1.0,True
-29.225552,332,479.459895,False,False,True,False,False,False,True,False,0,1.0,True
-31.122145,336,483.519467,False,False,True,True,False,False,False,False,0,1.0,True
-29.630758,286,487.102423,False,False,True,True,False,False,False,False,0,1.0,True
-34.533902,442,492.546391,False,False,True,True,False,False,False,False,0,1.0,True
-21.856335,145,494.679846,False,False,True,True,False,False,False,False,0,1.0,True
-28.664567,352,499.051714,False,False,True,True,False,False,False,False,0,1.0,True
-28.458935,300,502.511944,False,False,True,True,False,False,False,False,0,1.0,True
-33.170518,426,507.267775,False,False,True,True,False,False,False,False,0,1.0,True
-36.581537,501,512.94345,False,False,True,True,False,False,False,False,0,1.0,True
-25.318012,225,515.428166,False,False,True,True,False,False,False,False,0,1.0,True
-33.018021,421,520.140219,False,False,True,True,False,False,False,False,0,1.0,True
-46.158343,1040,532.137352,False,False,True,False,False,False,True,False,0,1.0,True
-44.125156,731,540.655159,False,False,True,True,False,False,False,False,0,1.0,True
-32.976197,361,544.876826,False,False,True,False,False,False,True,False,0,1.0,True
-35.544483,602,551.677365,False,False,True,True,False,False,False,False,0,1.0,True
-42.02718,653,558.84506,False,False,True,True,False,False,False,False,0,1.0,True
-29.007952,465,563.984338,False,False,True,False,True,False,False,False,0,1.0,True
-26.822187,257,596.582871,False,False,True,True,False,False,False,False,0,1.0,True
-30.098416,334,600.340936,False,False,True,True,False,False,False,False,0,1.0,True
-24.921363,233,603.063234,False,False,True,True,False,False,False,False,0,1.0,True
-26.650508,288,606.728054,False,False,True,False,False,False,True,False,0,1.0,True
-31.259991,394,611.360373,False,False,True,False,False,False,True,False,0,1.0,True
-37.28283,470,616.90312,False,False,True,True,False,False,False,False,0,1.0,True
-31.412278,362,621.259341,False,False,True,False,False,False,True,False,0,1.0,True
-25.63669,228,623.699998,False,False,True,True,False,False,False,False,0,1.0,True
-24.090042,214,626.203552,False,False,True,True,False,False,False,False,0,1.0,True
-29.752147,349,630.452938,False,False,True,True,False,False,False,False,0,1.0,True
-32.257476,360,634.62133,False,False,True,True,False,False,False,False,0,1.0,True
-26.780267,229,637.350436,False,False,True,False,False,False,True,False,0,1.0,True
-26.129497,292,640.937286,False,False,True,True,False,False,False,False,0,1.0,True
-26.973628,267,643.936172,False,False,True,True,False,False,False,False,0,1.0,True
-25.030528,195,646.278075,False,False,True,True,False,False,False,False,0,1.0,True
-22.615159,143,647.99488,False,False,True,True,False,False,False,False,0,1.0,True
-38.550172,524,654.069346,False,False,True,True,False,False,False,False,0,1.0,True
-45.516257,797,663.505643,False,False,True,False,False,False,True,False,0,1.0,True
-25.489098,220,666.045099,False,False,True,True,False,False,False,False,0,1.0,True
-22.757574,227,668.817432,False,False,True,True,False,False,False,False,0,1.0,True
-27.089244,252,672.162982,False,False,True,True,False,False,False,False,0,1.0,True
-23.015979,256,675.268556,False,False,True,False,True,False,False,False,0,1.0,True
-27.620611,237,678.217094,False,False,True,True,False,False,False,False,0,1.0,True
-29.837203,313,682.539173,False,False,True,True,False,False,False,False,0,1.0,True
-25.305858,396,687.621636,False,False,True,False,True,False,False,False,0,1.0,True
-24.526349,179,689.96826,False,False,True,True,False,False,False,False,0,1.0,True
-37.005285,588,697.393199,False,False,True,False,False,False,True,False,0,1.0,True
-23.877318,247,700.399747,False,False,True,False,True,False,False,False,0,1.0,True
-27.087136,230,703.128113,False,False,True,False,False,False,True,False,0,1.0,True
-41.375401,651,710.690823,False,False,True,True,False,False,False,False,0,1.0,True
-24.26515,441,715.891177,False,False,True,False,True,False,False,False,0,1.0,True
-41.064399,695,724.066408,False,False,True,True,False,False,False,False,0,1.0,True
-24.121969,264,727.182676,False,False,True,False,True,False,False,False,0,1.0,True
-25.425138,218,729.7785,False,False,True,True,False,False,False,False,0,1.0,True
-23.316406,239,732.434806,False,False,True,True,False,False,False,False,0,1.0,True
-33.42262,410,737.324961,False,False,True,True,False,False,False,False,0,1.0,True
-20.688976,168,739.308164,False,False,True,False,True,False,False,False,0,1.0,True
-27.021937,313,742.995051,False,False,True,True,False,False,False,False,0,1.0,True
-38.538054,587,749.894212,False,False,True,True,False,False,False,False,0,1.0,True
-35.062578,515,755.845278,False,False,True,False,False,False,True,False,0,1.0,True
-27.796617,296,759.20274,False,False,True,True,False,False,False,False,0,1.0,True
-49.669684,799,768.582658,False,False,True,True,False,False,False,False,0,1.0,True
-30.262756,414,773.550248,False,False,True,True,False,False,False,False,0,1.0,True
-23.850014,216,775.883254,False,False,True,True,False,False,False,False,0,1.0,True
-22.633021,147,777.67192,False,False,True,True,False,False,False,False,0,1.0,True
-27.253176,259,780.682338,False,False,True,True,False,False,False,False,0,1.0,True
-28.754846,384,785.115192,False,False,True,True,False,False,False,False,0,1.0,True
-22.660536,261,788.138517,False,False,True,False,True,False,False,False,0,1.0,True
-32.801717,506,794.094356,False,False,True,True,False,False,False,False,0,1.0,True
-47.08463,768,803.019746,False,False,True,True,False,False,False,False,0,1.0,True
-48.273415,873,813.258381,False,False,True,False,False,False,True,False,0,1.0,True
-26.005992,277,816.501836,False,False,True,True,False,False,False,False,0,1.0,True
-37.689285,633,823.940731,False,False,True,False,False,False,True,False,0,1.0,True
-25.105855,272,827.187252,False,False,True,False,True,False,False,False,0,1.0,True
-51.246529,977,838.752885,False,False,True,False,False,False,True,False,0,1.0,True
-48.735656,1020,850.59681,False,False,True,False,False,False,True,False,0,1.0,True
-29.17208,289,853.983057,False,False,True,True,False,False,False,False,0,1.0,True
-24.497136,229,856.71839,False,False,True,True,False,False,False,False,0,1.0,True
-30.231173,308,860.426782,False,False,True,True,False,False,False,False,0,1.0,True
-30.526462,345,864.50121,False,False,True,True,False,False,False,False,0,1.0,True
-25.418576,290,867.799626,False,False,True,True,False,False,False,False,0,1.0,True
-26.879035,220,870.384076,False,False,True,False,False,False,True,False,0,1.0,True
-23.109182,175,872.466173,False,False,True,True,False,False,False,False,0,1.0,True
-22.438023,178,874.576628,False,False,True,True,False,False,False,False,0,1.0,True
-21.737452,203,876.983733,False,False,True,False,True,False,False,False,0,1.0,True
-47.526597,868,887.170496,False,False,True,False,False,False,True,False,0,1.0,True
-23.339015,169,889.187131,False,False,True,True,False,False,False,False,0,1.0,True
-24.529341,250,894.773491,False,False,True,True,False,False,False,False,0,1.0,True
-24.178764,264,897.714922,False,False,True,False,True,False,False,False,0,1.0,True
-25.962918,278,900.824373,False,False,True,False,True,False,False,False,0,1.0,True
-31.706307,418,905.738577,False,False,True,True,False,False,False,False,0,1.0,True
-41.236753,633,913.205237,False,False,True,True,False,False,False,False,0,1.0,True
-29.345437,394,917.779473,False,False,True,False,True,False,False,False,0,1.0,True
-34.820261,445,922.918122,False,False,True,True,False,False,False,False,0,1.0,True
-23.747868,304,926.44979,False,False,True,False,True,False,False,False,0,1.0,True
-37.773702,494,932.251435,False,False,True,False,False,False,True,False,0,1.0,True
-29.959296,347,936.376675,False,False,True,True,False,False,False,False,0,1.0,True
-25.240956,309,939.850308,False,False,True,True,False,False,False,False,0,1.0,True
-27.0831,259,942.934662,False,False,True,True,False,False,False,False,0,1.0,True
-26.639853,323,946.765619,False,False,True,True,False,False,False,False,0,1.0,True
-26.674798,266,949.896981,False,False,True,True,False,False,False,False,0,1.0,True
-36.514643,616,957.218323,False,False,True,True,False,False,False,False,0,1.0,True
-34.87308,582,964.138603,False,False,True,False,False,False,True,False,0,1.0,True
-29.172746,320,967.740615,False,False,True,False,True,False,False,False,0,1.0,True
-26.4347,272,970.985475,False,False,True,True,False,False,False,False,0,1.0,True
-58.978286,1198,984.798123,False,False,True,False,False,False,True,False,0,1.0,True
-51.890258,1131,998.124743,False,False,True,False,False,False,True,False,0,1.0,True
-19.737028,158,999.858131,False,False,True,False,True,False,False,False,0,1.0,True
-37.455435,627,1007.118616,False,False,True,True,False,False,False,False,0,1.0,True
-28.868156,284,1010.479548,False,False,True,True,False,False,False,False,0,1.0,True
-40.369451,629,1017.761355,False,False,True,True,False,False,False,False,0,1.0,True
-51.60309,838,1027.40095,False,False,True,True,False,False,False,False,0,1.0,True
-30.124927,306,1030.909205,False,False,True,True,False,False,False,False,0,1.0,True
-32.76066,405,1035.68081,False,False,True,False,False,False,True,False,0,1.0,True
-42.231946,680,1043.623344,False,False,True,True,False,False,False,False,0,1.0,True
-24.21934,248,1046.342535,False,False,True,False,True,False,False,False,0,1.0,True
-36.639495,453,1051.749733,False,False,True,True,False,False,False,False,0,1.0,True
-26.698702,255,1054.660067,False,False,True,True,False,False,False,False,0,1.0,True
-59.585888,1085,1067.779634,False,False,True,True,False,False,False,False,0,1.0,True
-27.282646,307,1071.524692,False,False,True,True,False,False,False,False,0,1.0,True
-27.894777,273,1075.379814,False,False,True,True,False,False,False,False,0,1.0,True
-23.188249,171,1077.452604,False,False,True,True,False,False,False,False,0,1.0,True
-24.674202,227,1080.259658,False,False,True,True,False,False,False,False,0,1.0,True
-36.744352,579,1087.374568,False,False,True,False,False,False,True,False,0,1.0,True
-39.712278,524,1093.453764,False,False,True,True,False,False,False,False,0,1.0,True
-30.20448,327,1097.11615,False,False,True,True,False,False,False,False,0,1.0,True
-50.025604,903,1107.158824,False,False,True,True,False,False,False,False,0,1.0,True
-35.382358,458,1112.226,False,False,True,True,False,False,False,False,0,1.0,True
-24.916178,252,1114.933793,False,False,True,False,True,False,False,False,0,1.0,True
-31.923714,462,1120.138885,False,False,True,True,False,False,False,False,0,1.0,True
-48.930692,774,1128.946721,False,False,True,False,False,False,True,False,0,1.0,True
-21.349375,223,1131.470051,False,False,True,True,False,False,False,False,0,1.0,True
-31.952765,359,1135.539579,False,False,True,True,False,False,False,False,0,1.0,True
-31.171036,402,1139.829305,False,False,True,True,False,False,False,False,0,1.0,True
-27.007489,251,1142.68364,False,False,True,True,False,False,False,False,0,1.0,True
-36.293316,538,1148.734735,False,False,True,True,False,False,False,False,0,1.0,True
-39.233069,629,1155.642219,False,False,True,False,False,False,True,False,0,1.0,True
-38.115071,503,1161.175117,False,False,True,True,False,False,False,False,0,1.0,True
-33.116439,477,1166.571726,False,False,True,True,False,False,False,False,0,1.0,True
-34.200268,401,1170.896023,False,False,True,False,False,False,True,False,0,1.0,True
-33.309936,456,1175.933348,False,False,True,True,False,False,False,False,0,1.0,True
-41.813736,716,1214.355033,False,False,True,True,False,False,False,False,0,1.0,True
-57.619106,881,1224.643659,False,False,True,False,False,False,True,False,0,1.0,True
-26.286208,246,1227.98436,False,False,True,True,False,False,False,False,0,1.0,True
-46.400648,711,1236.500725,False,False,True,True,False,False,False,False,0,1.0,True
-23.270399,218,1238.830926,False,False,True,True,False,False,False,False,0,1.0,True
-23.928235,250,1241.741346,False,False,True,True,False,False,False,False,0,1.0,True
-22.234031,152,1243.404848,False,False,True,True,False,False,False,False,0,1.0,True
-29.800733,359,1247.474673,False,False,True,True,False,False,False,False,0,1.0,True
-38.359963,550,1253.624622,False,False,True,True,False,False,False,False,0,1.0,True
-24.476887,182,1255.715717,False,False,True,True,False,False,False,False,0,1.0,True
-27.21826,231,1258.21669,False,False,True,True,False,False,False,False,0,1.0,True
-37.845951,514,1263.862,False,False,True,True,False,False,False,False,0,1.0,True
-32.800489,397,1268.272831,False,False,True,True,False,False,False,False,0,1.0,True
-23.170845,277,1271.43299,False,False,True,True,False,False,False,False,0,1.0,True
-23.848268,152,1273.091777,False,False,True,True,False,False,False,False,0,1.0,True
-32.456047,432,1277.809111,False,False,True,True,False,False,False,False,0,1.0,True
-41.043793,677,1285.233225,False,False,True,True,False,False,False,False,0,1.0,True
-24.798628,208,1287.700193,False,False,True,True,False,False,False,False,0,1.0,True
-28.057219,278,1290.849428,False,False,True,True,False,False,False,False,0,1.0,True
-28.234428,312,1294.376664,False,False,True,True,False,False,False,False,0,1.0,True
-29.6447,331,1297.978953,False,False,True,True,False,False,False,False,0,1.0,True
-30.215943,369,1302.041132,False,False,True,True,False,False,False,False,0,1.0,True
-25.482243,222,1304.549331,False,False,True,True,False,False,False,False,0,1.0,True
-25.151499,244,1307.346611,False,False,True,True,False,False,False,False,0,1.0,True
-31.334915,345,1311.201379,False,False,True,False,False,False,True,False,0,1.0,True
-27.543934,261,1314.10574,False,False,True,True,False,False,False,False,0,1.0,True
-22.820318,159,1315.907662,False,False,True,True,False,False,False,False,0,1.0,True
-25.056676,221,1318.387598,False,False,True,True,False,False,False,False,0,1.0,True
-29.81138,342,1322.172439,False,False,True,True,False,False,False,False,0,1.0,True
-28.766396,271,1325.199689,False,False,True,True,False,False,False,False,0,1.0,True
-34.779772,385,1329.529324,False,False,True,True,False,False,False,False,0,1.0,True
-23.889024,203,1331.950112,False,False,True,True,False,False,False,False,0,1.0,True
-30.474907,421,1337.650519,False,False,True,True,False,False,False,False,0,1.0,True
-31.121894,374,1343.274133,False,False,True,True,False,False,False,False,0,1.0,True
-30.679873,398,1349.074089,False,False,True,True,False,False,False,False,0,1.0,True
-24.8827,174,1351.457945,False,False,True,True,False,False,False,False,0,1.0,True
-30.920807,301,1355.965137,False,False,True,False,False,False,True,False,0,1.0,True
-26.47818,260,1360.733844,False,False,True,True,False,False,False,False,0,1.0,True
-40.843007,621,1369.623996,False,False,True,False,False,False,True,False,0,1.0,True
-49.128864,776,1378.717945,False,False,True,True,False,False,False,False,0,1.0,True
-40.393085,607,1385.605123,False,False,True,True,False,False,False,False,0,1.0,True
-57.996489,999,1397.200065,False,False,True,True,False,False,False,False,0,1.0,True
-25.006395,215,1399.636299,False,False,True,True,False,False,False,False,0,1.0,True
-64.186324,1168,1412.740481,False,False,True,False,False,False,True,False,0,1.0,True
-25.423608,221,1415.278713,False,False,True,True,False,False,False,False,0,1.0,True
-28.015946,252,1418.146953,False,False,True,True,False,False,False,False,0,1.0,True
-25.894298,340,1421.97892,False,False,True,False,True,False,False,False,0,1.0,True
-24.179349,221,1424.439255,False,False,True,False,True,False,False,False,0,1.0,True
-25.823845,232,1427.009455,False,False,True,True,False,False,False,False,0,1.0,True
-22.002646,135,1428.480677,False,False,True,True,False,False,False,False,0,1.0,True
-43.264632,653,1435.955786,False,False,True,True,False,False,False,False,0,1.0,True
-27.788127,265,1438.8428,False,False,True,True,False,False,False,False,0,1.0,True
-24.799195,176,1440.846428,False,False,True,True,False,False,False,False,0,1.0,True
-25.049559,212,1443.170575,False,False,True,True,False,False,False,False,0,1.0,True
-24.084022,187,1445.195754,False,False,True,True,False,False,False,False,0,1.0,True
-50.848483,911,1456.398621,False,False,True,True,False,False,False,False,0,1.0,True
-27.437611,240,1459.046302,False,False,True,True,False,False,False,False,0,1.0,True
-29.300299,298,1462.655879,False,False,True,True,False,False,False,False,0,1.0,True
-51.439254,852,1472.186885,False,False,True,True,False,False,False,False,0,1.0,True
-30.66281,314,1475.696548,False,False,True,True,False,False,False,False,0,1.0,True
-55.364661,989,1486.522142,False,False,True,True,False,False,False,False,0,1.0,True
-33.893949,549,1492.697195,False,False,True,True,False,False,False,False,0,1.0,True
-23.97131,265,1495.706768,False,False,True,False,True,False,False,False,0,1.0,True
-41.491225,726,1503.712778,False,False,True,True,False,False,False,False,0,1.0,True
-23.669387,151,1505.364153,False,False,True,True,False,False,False,False,0,1.0,True
-27.984583,316,1511.632768,False,False,True,True,False,False,False,False,0,1.0,True
-23.746065,171,1513.648425,False,False,True,True,False,False,False,False,0,1.0,True
-22.63352,155,1515.315983,False,False,True,True,False,False,False,False,0,1.0,True
-26.171189,237,1517.843021,False,False,True,True,False,False,False,False,0,1.0,True
-28.215609,265,1520.846065,False,False,True,True,False,False,False,False,0,1.0,True
-25.066787,206,1523.041372,False,False,True,True,False,False,False,False,0,1.0,True
-31.777917,332,1526.873753,False,False,True,True,False,False,False,False,0,1.0,True
-32.620015,364,1530.789121,False,False,True,True,False,False,False,False,0,1.0,True
-30.156018,325,1534.372194,False,False,True,True,False,False,False,False,0,1.0,True
-32.694782,417,1539.223965,False,False,True,True,False,False,False,False,0,1.0,True
-35.924185,450,1544.222085,False,False,True,True,False,False,False,False,0,1.0,True
-29.124206,269,1547.081398,False,False,True,False,False,False,True,False,0,1.0,True
-27.799802,281,1550.311246,False,False,True,True,False,False,False,False,0,1.0,True
-23.909192,180,1552.162966,False,False,True,True,False,False,False,False,0,1.0,True
-27.755923,379,1556.675513,False,False,True,True,False,False,False,False,0,1.0,True
-38.711494,567,1563.039663,False,False,True,True,False,False,False,False,0,1.0,True
-24.913558,173,1564.957371,False,False,True,True,False,False,False,False,0,1.0,True
-32.058227,377,1569.03966,False,False,True,True,False,False,False,False,0,1.0,True
-25.458885,225,1571.608261,False,False,True,True,False,False,False,False,0,1.0,True
-29.551512,282,1574.706782,False,False,True,True,False,False,False,False,0,1.0,True
-22.977884,177,1576.618819,False,False,True,True,False,False,False,False,0,1.0,True
-22.672163,140,1578.090074,False,False,True,True,False,False,False,False,0,1.0,True
-25.857586,221,1580.68007,False,False,True,True,False,False,False,False,0,1.0,True
-34.186263,420,1585.422928,False,False,True,True,False,False,False,False,0,1.0,True
-20.718169,130,1586.908941,False,False,True,True,False,False,False,False,0,1.0,True
-37.771608,472,1592.222368,False,False,True,False,False,False,True,False,0,1.0,True
-31.39277,341,1595.927397,False,False,True,False,False,False,True,False,0,1.0,True
-34.182196,399,1600.319149,False,False,True,True,False,False,False,False,0,1.0,True
-24.498785,188,1602.507362,False,False,True,True,False,False,False,False,0,1.0,True
-29.049589,300,1605.873862,False,False,True,True,False,False,False,False,0,1.0,True
-27.032935,235,1608.406087,False,False,True,True,False,False,False,False,0,1.0,True
-33.650434,400,1612.832009,False,False,True,False,False,False,True,False,0,1.0,True
-30.977742,474,1618.072774,False,False,True,True,False,False,False,False,0,1.0,True
-25.103525,228,1620.598699,False,False,True,True,False,False,False,False,0,1.0,True
-26.948926,258,1623.454018,False,False,True,True,False,False,False,False,0,1.0,True
-23.14797,180,1625.468435,False,False,True,True,False,False,False,False,0,1.0,True
-25.073996,208,1627.746666,False,False,True,True,False,False,False,False,0,1.0,True
-31.673271,427,1632.437109,False,False,True,True,False,False,False,False,0,1.0,True
-23.417278,224,1634.809973,False,False,True,True,False,False,False,False,0,1.0,True
-30.930704,371,1639.336428,False,False,True,False,False,False,True,False,0,1.0,True
-24.285324,209,1641.647623,False,False,True,True,False,False,False,False,0,1.0,True
-27.255055,234,1644.224974,False,False,True,True,False,False,False,False,0,1.0,True
-24.957428,206,1646.589297,False,False,True,True,False,False,False,False,0,1.0,True
-24.221171,203,1648.939246,False,False,True,True,False,False,False,False,0,1.0,True
-36.60952,551,1655.013319,False,False,True,True,False,False,False,False,0,1.0,True
-46.879055,720,1662.955948,False,False,True,True,False,False,False,False,0,1.0,True
-24.302095,257,1665.807949,False,False,True,False,True,False,False,False,0,1.0,True
-25.104934,182,1667.747537,False,False,True,True,False,False,False,False,0,1.0,True
-24.16631,197,1669.988853,False,False,True,True,False,False,False,False,0,1.0,True
-38.163674,559,1676.047395,False,False,True,False,False,False,True,False,0,1.0,True
-22.428972,126,1677.506931,False,False,True,True,False,False,False,False,0,1.0,True
-25.782007,254,1680.325998,False,False,True,True,False,False,False,False,0,1.0,True
-31.909079,358,1684.339091,False,False,True,True,False,False,False,False,0,1.0,True
-26.14729,236,1686.822448,False,False,True,True,False,False,False,False,0,1.0,True
-33.967659,444,1692.013328,False,False,True,True,False,False,False,False,0,1.0,True
-22.888743,159,1693.755412,False,False,True,True,False,False,False,False,0,1.0,True
-29.068876,275,1696.90465,False,False,True,True,False,False,False,False,0,1.0,True
-33.733082,465,1702.06942,False,False,True,True,False,False,False,False,0,1.0,True
-35.13004,425,1706.865098,False,False,True,True,False,False,False,False,0,1.0,True
-29.521133,295,1710.17029,False,False,True,False,False,False,True,False,0,1.0,True
-28.004266,255,1713.053565,False,False,True,True,False,False,False,False,0,1.0,True
-28.030502,277,1716.005883,False,False,True,False,False,False,True,False,0,1.0,True
-38.601209,478,1721.929421,False,False,True,True,False,False,False,False,0,1.0,True
-26.457387,299,1725.615104,False,False,True,True,False,False,False,False,0,1.0,True
-28.70386,349,1729.955467,False,False,True,True,False,False,False,False,0,1.0,True
-31.919752,416,1735.071366,False,False,True,True,False,False,False,False,0,1.0,True
-38.074349,500,1741.269789,False,False,True,True,False,False,False,False,0,1.0,True
-33.061075,473,1746.363469,False,False,True,True,False,False,False,False,0,1.0,True
-34.640508,441,1752.213634,False,False,True,True,False,False,False,False,0,1.0,True
-35.48626,461,1758.482249,False,False,True,False,False,False,True,False,0,1.0,True
-22.475533,144,1760.284794,False,False,True,True,False,False,False,False,0,1.0,True
-31.638329,357,1764.873489,False,False,True,True,False,False,False,False,0,1.0,True
-32.699195,400,1769.807223,False,False,True,True,False,False,False,False,0,1.0,True
-23.458911,167,1771.75767,False,False,True,True,False,False,False,False,0,1.0,True
-33.725455,431,1777.2436,False,False,True,True,False,False,False,False,0,1.0,True
-29.070612,326,1781.079134,False,False,True,True,False,False,False,False,0,1.0,True
-24.167777,199,1783.651159,False,False,True,True,False,False,False,False,0,1.0,True
-29.909428,354,1788.131101,False,False,True,True,False,False,False,False,0,1.0,True
-24.063453,193,1790.904057,False,False,True,True,False,False,False,False,0,1.0,True
-30.323417,363,1795.074375,False,False,True,False,False,False,True,False,0,1.0,True
-33.492234,382,1832.299581,False,False,True,False,False,False,True,False,0,1.0,True
-23.51274,146,1833.878775,False,False,True,True,False,False,False,False,0,1.0,True
-30.475045,334,1837.9206,False,False,True,True,False,False,False,False,0,1.0,True
-25.812802,219,1840.353704,False,False,True,True,False,False,False,False,0,1.0,True
-26.827705,270,1843.367128,False,False,True,True,False,False,False,False,0,1.0,True
-32.295662,330,1847.223773,False,False,True,False,False,False,True,False,0,1.0,True
-32.408361,415,1851.987172,False,False,True,True,False,False,False,False,0,1.0,True
-29.752136,386,1856.272736,False,False,True,False,False,False,True,False,0,1.0,True
-34.685061,444,1861.33817,False,False,True,True,False,False,False,False,0,1.0,True
-27.530062,269,1864.473439,False,False,True,True,False,False,False,False,0,1.0,True
-27.241248,261,1867.337255,False,False,True,True,False,False,False,False,0,1.0,True
-28.500143,248,1870.212075,False,False,True,True,False,False,False,False,0,1.0,True
-24.830497,200,1872.470286,False,False,True,True,False,False,False,False,0,1.0,True
-44.456199,649,1879.911758,False,False,True,False,False,False,True,False,0,1.0,True
-25.510549,180,1882.086676,False,False,True,True,False,False,False,False,0,1.0,True
-26.174531,217,1884.581164,False,False,True,True,False,False,False,False,0,1.0,True
-25.78729,226,1887.09958,False,False,True,True,False,False,False,False,0,1.0,True
-31.409093,370,1891.380164,False,False,True,True,False,False,False,False,0,1.0,True
-46.394275,717,1899.819107,False,False,True,True,False,False,False,False,0,1.0,True
-27.579534,248,1902.689944,False,False,True,True,False,False,False,False,0,1.0,True
-25.481724,278,1906.061921,False,False,True,True,False,False,False,False,0,1.0,True
-34.257352,436,1911.415027,False,False,True,False,False,False,True,False,0,1.0,True
-30.014424,380,1915.974238,False,False,True,True,False,False,False,False,0,1.0,True
-37.17111,529,1922.218066,False,False,True,True,False,False,False,False,0,1.0,True
-25.594161,215,1924.767817,False,False,True,True,False,False,False,False,0,1.0,True
-31.798044,385,1929.185639,False,False,True,False,False,False,True,False,0,1.0,True
-29.179553,312,1932.97002,False,False,True,False,False,False,True,False,0,1.0,True
-38.871849,524,1939.462562,False,False,True,True,False,False,False,False,0,1.0,True
-26.472129,261,1942.370998,False,False,True,True,False,False,False,False,0,1.0,True
-32.229458,483,1948.286619,False,False,True,True,False,False,False,False,0,1.0,True
-23.691142,178,1950.435367,False,False,True,True,False,False,False,False,0,1.0,True
-31.761198,398,1954.935358,False,False,True,False,False,False,True,False,0,1.0,True
-26.337119,255,1957.971971,False,False,True,True,False,False,False,False,0,1.0,True
-35.044758,468,1963.688696,False,False,True,True,False,False,False,False,0,1.0,True
-31.740715,393,1968.558395,False,False,True,True,False,False,False,False,0,1.0,True
-30.052019,341,1973.699895,False,False,True,False,False,False,True,False,0,1.0,True
-24.386441,214,1976.619845,False,False,True,True,False,False,False,False,0,1.0,True
-28.086097,305,1980.427248,False,False,True,True,False,False,False,False,0,1.0,True
-25.559214,217,1983.095869,False,False,True,True,False,False,False,False,0,1.0,True
-34.210824,487,1989.973387,False,False,True,True,False,False,False,False,0,1.0,True
-37.681556,554,1996.513243,False,False,True,True,False,False,False,False,0,1.0,True
-27.933848,290,2000.019932,False,False,True,True,False,False,False,False,0,1.0,True
-38.341223,622,2007.194491,False,False,True,False,False,False,True,False,0,1.0,True
-28.450855,277,2010.479296,False,False,True,True,False,False,False,False,0,1.0,True
-31.283778,406,2015.257176,False,False,True,True,False,False,False,False,0,1.0,True
-29.204974,319,2019.063502,False,False,True,True,False,False,False,False,0,1.0,True
-24.128228,173,2021.01864,False,False,True,True,False,False,False,False,0,1.0,True
-33.571853,419,2026.098647,False,False,True,False,False,False,True,False,0,1.0,True
-40.253415,508,2032.58607,False,False,True,True,False,False,False,False,0,1.0,True
-31.396311,371,2037.202957,False,False,True,False,False,False,True,False,0,1.0,True
-29.28711,336,2041.143614,False,False,True,True,False,False,False,False,0,1.0,True
-23.869755,231,2043.729616,False,False,True,True,False,False,False,False,0,1.0,True
-25.558633,235,2046.450794,False,False,True,True,False,False,False,False,0,1.0,True
-24.414954,199,2048.763442,False,False,True,True,False,False,False,False,0,1.0,True
-26.071161,244,2051.664617,False,False,True,True,False,False,False,False,0,1.0,True
-30.520693,378,2055.956039,False,False,True,True,False,False,False,False,0,1.0,True
-26.930343,274,2059.346734,False,False,True,True,False,False,False,False,0,1.0,True
-31.925939,348,2063.881765,False,False,True,False,False,False,True,False,0,1.0,True
-24.010743,182,2066.051302,False,False,True,True,False,False,False,False,0,1.0,True
-27.932615,274,2069.287188,False,False,True,False,False,False,True,False,0,1.0,True
-26.552527,254,2072.170691,False,False,True,True,False,False,False,False,0,1.0,True
-27.350466,289,2075.552956,False,False,True,True,False,False,False,False,0,1.0,True
-25.431385,215,2078.063295,False,False,True,True,False,False,False,False,0,1.0,True
-29.038748,312,2081.795565,False,False,True,True,False,False,False,False,0,1.0,True
-35.362257,488,2087.9278,False,False,True,True,False,False,False,False,0,1.0,True
-24.081302,185,2090.128795,False,False,True,True,False,False,False,False,0,1.0,True
-30.521566,361,2094.312024,False,False,True,True,False,False,False,False,0,1.0,True
-47.70106,916,2104.893154,False,False,True,True,False,False,False,False,0,1.0,True
-24.769907,230,2107.505849,False,False,True,True,False,False,False,False,0,1.0,True
-25.113124,191,2109.693029,False,False,True,True,False,False,False,False,0,1.0,True
-31.704641,350,2113.910467,False,False,True,True,False,False,False,False,0,1.0,True
-23.318193,204,2116.337679,False,False,True,True,False,False,False,False,0,1.0,True
-24.675509,290,2119.904741,False,False,True,True,False,False,False,False,0,1.0,True
-36.030931,432,2125.041014,False,False,True,False,False,False,True,False,0,1.0,True
-29.109675,323,2131.157669,False,False,True,True,False,False,False,False,0,1.0,True
-28.052043,279,2134.308737,False,False,True,True,False,False,False,False,0,1.0,True
-24.175898,201,2136.587753,False,False,True,True,False,False,False,False,0,1.0,True
-25.618577,216,2139.150038,False,False,True,True,False,False,False,False,0,1.0,True
-26.011374,239,2141.836931,False,False,True,True,False,False,False,False,0,1.0,True
-24.437515,185,2143.926415,False,False,True,True,False,False,False,False,0,1.0,True
-31.602099,334,2147.715065,False,False,True,True,False,False,False,False,0,1.0,True
-22.83871,178,2149.764593,False,False,True,True,False,False,False,False,0,1.0,True
-21.468623,130,2151.223324,False,False,True,True,False,False,False,False,0,1.0,True
-26.324746,240,2153.835509,False,False,True,True,False,False,False,False,0,1.0,True
-21.160922,149,2155.598174,False,False,True,True,False,False,False,False,0,1.0,True
-22.855376,150,2157.255476,False,False,True,True,False,False,False,False,0,1.0,True
-32.104748,388,2161.647176,False,False,True,True,False,False,False,False,0,1.0,True
-23.566236,154,2163.330974,False,False,True,True,False,False,False,False,0,1.0,True
-22.990823,157,2165.094103,False,False,True,True,False,False,False,False,0,1.0,True
-23.553174,189,2167.208829,False,False,True,True,False,False,False,False,0,1.0,True
-28.963241,301,2170.624622,False,False,True,True,False,False,False,False,0,1.0,True
-38.783059,742,2179.084205,False,False,True,True,False,False,False,False,0,1.0,True
-27.933661,282,2182.240676,False,False,True,True,False,False,False,False,0,1.0,True
-25.530108,193,2184.452386,False,False,True,True,False,False,False,False,0,1.0,True
-28.972571,279,2187.578119,False,False,True,True,False,False,False,False,0,1.0,True
-28.431505,357,2192.028065,False,False,True,True,False,False,False,False,0,1.0,True
-24.135046,176,2194.094925,False,False,True,True,False,False,False,False,0,1.0,True
-32.523991,362,2198.496848,False,False,True,False,False,False,True,False,0,1.0,True
-23.433722,179,2200.520924,False,False,True,True,False,False,False,False,0,1.0,True
-27.664467,287,2203.674935,False,False,True,True,False,False,False,False,0,1.0,True
-25.599401,199,2205.907345,False,False,True,True,False,False,False,False,0,1.0,True
-21.909191,146,2207.481459,False,False,True,True,False,False,False,False,0,1.0,True
-25.813592,205,2210.048549,False,False,True,True,False,False,False,False,0,1.0,True
-25.513343,246,2213.199039,False,False,True,True,False,False,False,False,0,1.0,True
-28.681432,334,2217.093937,False,False,True,True,False,False,False,False,0,1.0,True
-28.170491,250,2219.982275,False,False,True,True,False,False,False,False,0,1.0,True
-20.870403,117,2221.188801,False,False,True,True,False,False,False,False,0,1.0,True
-21.558602,151,2222.961658,False,False,True,True,False,False,False,False,0,1.0,True
-25.06418,197,2225.268132,False,False,True,False,False,False,True,False,0,1.0,True
-28.855259,279,2228.568889,False,False,True,True,False,False,False,False,0,1.0,True
-25.77412,223,2231.247876,False,False,True,True,False,False,False,False,0,1.0,True
-34.688875,408,2236.475481,False,False,True,False,False,False,True,False,0,1.0,True
-35.324593,433,2241.413579,False,False,True,False,False,False,True,False,0,1.0,True
-25.260994,198,2243.537479,False,False,True,True,False,False,False,False,0,1.0,True
-24.021824,197,2245.772978,False,False,True,True,False,False,False,False,0,1.0,True
-24.85724,197,2248.056881,False,False,True,True,False,False,False,False,0,1.0,True
-33.62736,411,2252.790855,False,False,True,True,False,False,False,False,0,1.0,True
-28.407405,248,2255.650162,False,False,True,True,False,False,False,False,0,1.0,True
-27.497776,254,2258.719751,False,False,True,True,False,False,False,False,0,1.0,True
-32.440912,429,2263.525061,False,False,True,True,False,False,False,False,0,1.0,True
-27.804658,271,2266.704659,False,False,True,True,False,False,False,False,0,1.0,True
-26.814162,232,2269.417849,False,False,True,True,False,False,False,False,0,1.0,True
-24.891661,219,2272.087201,False,False,True,True,False,False,False,False,0,1.0,True
-25.558456,233,2274.740412,False,False,True,True,False,False,False,False,0,1.0,True
-22.899975,184,2276.963305,False,False,True,True,False,False,False,False,0,1.0,True
-24.844448,198,2279.157304,False,False,True,True,False,False,False,False,0,1.0,True
-28.883709,297,2282.546146,False,False,True,True,False,False,False,False,0,1.0,True
-24.474237,205,2284.731993,False,False,True,False,False,False,True,False,0,1.0,True
-28.117823,269,2287.769634,False,False,True,True,False,False,False,False,0,1.0,True
-25.417543,183,2289.907275,False,False,True,True,False,False,False,False,0,1.0,True
-25.707146,224,2292.506859,False,False,True,True,False,False,False,False,0,1.0,True
-31.396412,379,2296.942632,False,False,True,False,False,False,True,False,0,1.0,True
-36.059764,450,2302.467649,False,False,True,True,False,False,False,False,0,1.0,True
-24.242141,203,2304.871118,False,False,True,True,False,False,False,False,0,1.0,True
-29.450502,269,2307.858747,False,False,True,True,False,False,False,False,0,1.0,True
-29.320051,301,2311.599181,False,False,True,False,False,False,True,False,0,1.0,True
-27.003609,276,2315.43061,False,False,True,True,False,False,False,False,0,1.0,True
-24.867596,189,2317.894921,False,False,True,True,False,False,False,False,0,1.0,True
-22.079896,142,2319.715165,False,False,True,True,False,False,False,False,0,1.0,True
-27.663992,289,2323.366163,False,False,True,True,False,False,False,False,0,1.0,True
-28.862339,308,2326.912805,False,False,True,False,False,False,True,False,0,1.0,True
-26.491668,241,2330.061223,False,False,True,True,False,False,False,False,0,1.0,True
-33.468413,378,2334.694486,False,False,True,False,False,False,True,False,0,1.0,True
-27.345764,278,2338.33464,False,False,True,True,False,False,False,False,0,1.0,True
-31.17163,317,2342.389296,False,False,True,True,False,False,False,False,0,1.0,True
-23.695649,176,2344.546544,False,False,True,True,False,False,False,False,0,1.0,True
-23.830553,183,2346.765516,False,False,True,True,False,False,False,False,0,1.0,True
-26.75104,240,2349.668895,False,False,True,True,False,False,False,False,0,1.0,True
-23.523705,164,2351.782444,False,False,True,True,False,False,False,False,0,1.0,True
-32.784182,428,2358.038616,False,False,True,True,False,False,False,False,0,1.0,True
-31.779905,350,2363.176037,False,False,True,False,False,False,True,False,0,1.0,True
-33.998297,426,2368.161531,False,False,True,True,False,False,False,False,0,1.0,True
-27.498306,295,2371.55595,False,False,True,False,False,False,True,False,0,1.0,True
-28.985441,313,2375.783828,False,False,True,True,False,False,False,False,0,1.0,True
-24.42821,185,2377.945666,False,False,True,True,False,False,False,False,0,1.0,True
-23.301003,170,2380.152549,False,False,True,True,False,False,False,False,0,1.0,True
-28.151222,275,2383.750927,False,False,True,True,False,False,False,False,0,1.0,True
-33.904747,380,2388.675906,False,False,True,False,False,False,True,False,0,1.0,True
-22.794099,152,2390.616156,False,False,True,True,False,False,False,False,0,1.0,True
-26.092742,213,2393.392544,False,False,True,True,False,False,False,False,0,1.0,True
-35.991548,429,2398.673273,False,False,True,True,False,False,False,False,0,1.0,True
-26.072354,235,2401.476865,False,False,True,True,False,False,False,False,0,1.0,True
-39.740208,546,2407.901948,False,False,True,False,False,False,True,False,0,1.0,True
-26.354368,230,2410.799824,False,False,True,True,False,False,False,False,0,1.0,True
-29.947536,289,2414.330149,False,False,True,True,False,False,False,False,0,1.0,True
-23.455842,183,2416.957912,False,False,True,True,False,False,False,False,0,1.0,True
-25.724911,230,2419.751891,False,False,True,True,False,False,False,False,0,1.0,True
-23.694515,195,2422.146045,False,False,True,True,False,False,False,False,0,1.0,True
-25.472633,242,2425.258833,False,False,True,True,False,False,False,False,0,1.0,True
-26.31276,232,2428.051775,False,False,True,True,False,False,False,False,0,1.0,True
-26.714572,262,2456.575295,False,False,True,True,False,False,False,False,0,1.0,True
-26.22579,219,2459.086931,False,False,True,True,False,False,False,False,0,1.0,True
-31.671286,340,2462.942428,False,False,True,True,False,False,False,False,0,1.0,True
-23.890774,163,2464.8761,False,False,True,True,False,False,False,False,0,1.0,True
-24.763388,184,2467.041453,False,False,True,True,False,False,False,False,0,1.0,True
-30.69069,326,2470.840389,False,False,True,False,False,False,True,False,0,1.0,True
-34.553851,382,2475.190416,False,False,True,False,False,False,True,False,0,1.0,True
-38.980396,600,2482.183733,False,False,True,False,False,False,True,False,0,1.0,True
-24.003582,171,2484.15994,False,False,True,True,False,False,False,False,0,1.0,True
-27.685157,257,2487.215333,False,False,True,True,False,False,False,False,0,1.0,True
-41.674555,880,2497.542429,False,False,True,False,False,False,True,False,0,1.0,True
-22.066581,136,2499.100376,False,False,True,True,False,False,False,False,0,1.0,True
-24.634617,208,2501.393058,False,False,True,True,False,False,False,False,0,1.0,True
-38.136085,483,2507.194247,False,False,True,False,False,False,True,False,0,1.0,True
-29.583547,277,2510.437148,False,False,True,False,False,False,True,False,0,1.0,True
-60.235995,1044,2523.718103,False,False,True,True,False,False,False,False,0,1.0,True
-26.416719,219,2527.126292,False,False,True,True,False,False,False,False,0,1.0,True
-31.396207,327,2531.267387,False,False,True,True,False,False,False,False,0,1.0,True
-21.695263,131,2533.129629,False,False,True,True,False,False,False,False,0,1.0,True
-25.027213,186,2535.822738,False,False,True,True,False,False,False,False,0,1.0,True
-26.915551,243,2538.934482,False,False,True,True,False,False,False,False,0,1.0,True
-23.348265,184,2541.158476,False,False,True,True,False,False,False,False,0,1.0,True
-28.249891,333,2545.416137,False,False,True,True,False,False,False,False,0,1.0,True
-26.147462,218,2548.234387,False,False,True,False,False,False,True,False,0,1.0,True
-21.772987,130,2549.72368,False,False,True,True,False,False,False,False,0,1.0,True
-23.618715,192,2552.143809,False,False,True,True,False,False,False,False,0,1.0,True
-29.283534,279,2555.626104,False,False,True,True,False,False,False,False,0,1.0,True
-21.798035,143,2557.422054,False,False,True,True,False,False,False,False,0,1.0,True
-24.064736,194,2560.007895,False,False,True,True,False,False,False,False,0,1.0,True
-23.947783,188,2562.308163,False,False,True,True,False,False,False,False,0,1.0,True
-25.688662,221,2564.90926,False,False,True,True,False,False,False,False,0,1.0,True
-26.824028,231,2567.732362,False,False,True,True,False,False,False,False,0,1.0,True
-27.312376,217,2570.651425,False,False,True,True,False,False,False,False,0,1.0,True
-23.638814,169,2572.826064,False,False,True,True,False,False,False,False,0,1.0,True
-33.678526,405,2577.914959,False,False,True,False,False,False,True,False,0,1.0,True
-25.699523,226,2580.650682,False,False,True,True,False,False,False,False,0,1.0,True
-27.773584,259,2583.778724,False,False,True,True,False,False,False,False,0,1.0,True
-29.582449,295,2587.61932,False,False,True,True,False,False,False,False,0,1.0,True
-26.435737,226,2590.649964,False,False,True,True,False,False,False,False,0,1.0,True
-25.845953,224,2593.316495,False,False,True,True,False,False,False,False,0,1.0,True
-26.621171,226,2595.902944,False,False,True,True,False,False,False,False,0,1.0,True
-24.847473,230,2598.61628,False,False,True,True,False,False,False,False,0,1.0,True
-23.483904,168,2600.683145,False,False,True,True,False,False,False,False,0,1.0,True
-22.252117,122,2602.400822,False,False,True,True,False,False,False,False,0,1.0,True
-25.463301,198,2604.884754,False,False,True,True,False,False,False,False,0,1.0,True
-22.777419,175,2607.001323,False,False,True,True,False,False,False,False,0,1.0,True
-29.274019,292,2610.666385,False,False,True,False,False,False,True,False,0,1.0,True
-27.957207,280,2613.972931,False,False,True,True,False,False,False,False,0,1.0,True
-28.34966,269,2617.016866,False,False,True,True,False,False,False,False,0,1.0,True
-32.643188,364,2621.314155,False,False,True,False,False,False,True,False,0,1.0,True
-40.455559,587,2628.472997,False,False,True,False,False,False,True,False,0,1.0,True
-23.761225,182,2630.692938,False,False,True,True,False,False,False,False,0,1.0,True
-27.398684,250,2633.647398,False,False,True,True,False,False,False,False,0,1.0,True
-23.877208,163,2635.521923,False,False,True,True,False,False,False,False,0,1.0,True
-27.580003,298,2639.076156,False,False,True,True,False,False,False,False,0,1.0,True
-27.115982,235,2641.824929,False,False,True,True,False,False,False,False,0,1.0,True
-28.051327,268,2645.014941,False,False,True,False,False,False,True,False,0,1.0,True
-28.374219,282,2648.193796,False,False,True,False,False,False,True,False,0,1.0,True
-24.470523,201,2650.551192,False,False,True,True,False,False,False,False,0,1.0,True
-27.523858,244,2653.45629,False,False,True,True,False,False,False,False,0,1.0,True
-24.88629,220,2656.116214,False,False,True,False,False,False,True,False,0,1.0,True
-27.702765,264,2659.078075,False,False,True,True,False,False,False,False,0,1.0,True
-22.784056,141,2660.861029,False,False,True,True,False,False,False,False,0,1.0,True
-26.922623,224,2664.058168,False,False,True,True,False,False,False,False,0,1.0,True
-26.06919,210,2666.551156,False,False,True,True,False,False,False,False,0,1.0,True
-30.250637,310,2670.15774,False,False,True,False,False,False,True,False,0,1.0,True
-23.258065,154,2671.983748,False,False,True,True,False,False,False,False,0,1.0,True
-34.711988,446,2677.125847,False,False,True,False,False,False,True,False,0,1.0,True
-28.117646,329,2680.843914,False,False,True,True,False,False,False,False,0,1.0,True
-21.724198,139,2682.485461,False,False,True,True,False,False,False,False,0,1.0,True
-26.456347,218,2685.576951,False,False,True,True,False,False,False,False,0,1.0,True
-22.767728,187,2687.827787,False,False,True,True,False,False,False,False,0,1.0,True
-34.932384,421,2692.732558,False,False,True,True,False,False,False,False,0,1.0,True
-29.808207,345,2696.680313,False,False,True,False,False,False,True,False,0,1.0,True
-23.411174,150,2698.349509,False,False,True,True,False,False,False,False,0,1.0,True
-32.453202,419,2702.985338,False,False,True,True,False,False,False,False,0,1.0,True
-25.720646,224,2705.365662,False,False,True,True,False,False,False,False,0,1.0,True
-29.344808,305,2708.822808,False,False,True,True,False,False,False,False,0,1.0,True
-34.152525,450,2713.98992,False,False,True,True,False,False,False,False,0,1.0,True
-38.301617,480,2719.326215,False,False,True,True,False,False,False,False,0,1.0,True
-27.324152,278,2722.514819,False,False,True,True,False,False,False,False,0,1.0,True
-28.195662,268,2725.467015,False,False,True,False,False,False,True,False,0,1.0,True
-29.033901,350,2729.492754,False,False,True,False,False,False,True,False,0,1.0,True
-22.310285,146,2731.089228,False,False,True,True,False,False,False,False,0,1.0,True
-29.342841,290,2734.435903,False,False,True,False,False,False,True,False,0,1.0,True
-24.262567,196,2736.668887,False,False,True,True,False,False,False,False,0,1.0,True
-26.262309,209,2739.083589,False,False,True,True,False,False,False,False,0,1.0,True
-27.673634,263,2742.107488,False,False,True,True,False,False,False,False,0,1.0,True
-29.058529,311,2745.621682,False,False,True,True,False,False,False,False,0,1.0,True
-26.24239,222,2748.190676,False,False,True,True,False,False,False,False,0,1.0,True
-23.656569,188,2750.329004,False,False,True,True,False,False,False,False,0,1.0,True
-23.935858,179,2752.357304,False,False,True,True,False,False,False,False,0,1.0,True
-30.479064,318,2758.660332,False,False,True,False,False,False,True,False,0,1.0,True
-25.701848,202,2760.959898,False,False,True,True,False,False,False,False,0,1.0,True
-29.268598,320,2764.602356,False,False,True,True,False,False,False,False,0,1.0,True
-25.91281,238,2767.494277,False,False,True,True,False,False,False,False,0,1.0,True
-47.33065,357,2771.58658,False,False,True,True,False,False,True,False,0,1.0,True
-28.320204,262,2774.63766,False,False,True,False,False,False,True,False,0,1.0,True
-29.089767,285,2777.943841,False,False,True,True,False,False,False,False,0,1.0,True
-26.333487,244,2780.499021,False,False,True,True,False,False,False,False,0,1.0,True
-32.205556,366,2784.60391,False,False,True,True,False,False,False,False,0,1.0,True
-28.687428,314,2788.046346,False,False,True,False,False,False,True,False,0,1.0,True
-26.949758,283,2791.311395,False,False,True,True,False,False,False,False,0,1.0,True
-29.223513,282,2794.816039,False,False,True,True,False,False,False,False,0,1.0,True
-22.716059,158,2796.657851,False,False,True,True,False,False,False,False,0,1.0,True
-27.833871,235,2799.43692,False,False,True,True,False,False,False,False,0,1.0,True
-30.345887,316,2803.106554,False,False,True,False,False,False,True,False,0,1.0,True
-29.107929,285,2806.45588,False,False,True,False,False,False,True,False,0,1.0,True
-28.814506,280,2809.722465,False,False,True,False,False,False,True,False,0,1.0,True
-27.075409,314,2813.337752,False,False,True,False,False,False,True,False,0,1.0,True
-31.707461,332,2817.167067,False,False,True,False,False,False,True,False,0,1.0,True
-43.830794,636,2824.583943,False,False,True,True,False,False,False,False,0,1.0,True
-32.962244,390,2829.269454,False,False,True,True,False,False,False,False,0,1.0,True
-25.684673,243,2832.370744,False,False,True,True,False,False,False,False,0,1.0,True
-36.450189,439,2837.710391,False,False,True,True,False,False,False,False,0,1.0,True
-25.803884,230,2840.502048,False,False,True,True,False,False,False,False,0,1.0,True
-23.30994,198,2842.912374,False,False,True,True,False,False,False,False,0,1.0,True
-25.95079,200,2845.378925,False,False,True,True,False,False,False,False,0,1.0,True
-28.943713,266,2848.535778,False,False,True,True,False,False,False,False,0,1.0,True
-33.224893,400,2853.198333,False,False,True,True,False,False,False,False,0,1.0,True
-24.061629,205,2855.61726,False,False,True,True,False,False,False,False,0,1.0,True
-26.208053,215,2858.407584,False,False,True,False,False,False,True,False,0,1.0,True
-27.022793,251,2861.311659,False,False,True,True,False,False,False,False,0,1.0,True
-27.40719,295,2865.059644,False,False,True,True,False,False,False,False,0,1.0,True
-27.601424,290,2868.716939,False,False,True,True,False,False,False,False,0,1.0,True
-31.011008,341,2874.052188,False,False,True,True,False,False,False,False,0,1.0,True
-28.090017,265,2877.140043,False,False,True,False,False,False,True,False,0,1.0,True
-24.809912,182,2879.378434,False,False,True,True,False,False,False,False,0,1.0,True
-29.095983,290,2882.659485,False,False,True,False,False,False,True,False,0,1.0,True
-25.289102,240,2885.57279,False,False,True,False,False,False,True,False,0,1.0,True
-29.212684,354,2890.186808,False,False,True,True,False,False,False,False,0,1.0,True
-21.958849,164,2892.134694,False,False,True,True,False,False,False,False,0,1.0,True
-28.361883,267,2895.125095,False,False,True,True,False,False,False,False,0,1.0,True
-28.077939,271,2898.522779,False,False,True,False,False,False,True,False,0,1.0,True
-31.554007,356,2902.920962,False,False,True,False,False,False,True,False,0,1.0,True
-27.382548,251,2905.719844,False,False,True,False,False,False,True,False,0,1.0,True
-26.100238,244,2908.623514,False,False,True,True,False,False,False,False,0,1.0,True
-28.895751,298,2911.973925,False,False,True,False,False,False,True,False,0,1.0,True
-25.291375,205,2914.571827,False,False,True,True,False,False,False,False,0,1.0,True
-25.8021,222,2917.113366,False,False,True,True,False,False,False,False,0,1.0,True
-26.301714,249,2919.979111,False,False,True,True,False,False,False,False,0,1.0,True
-23.678937,175,2922.07174,False,False,True,True,False,False,False,False,0,1.0,True
-30.157887,311,2925.549203,False,False,True,True,False,False,False,False,0,1.0,True
-30.267838,342,2929.461666,False,False,True,False,False,False,True,False,0,1.0,True
-27.440301,241,2932.232688,False,False,True,True,False,False,False,False,0,1.0,True
-28.349898,289,2935.501972,False,False,True,False,False,False,True,False,0,1.0,True
-25.365221,209,2937.89724,False,False,True,False,False,False,True,False,0,1.0,True
-27.986961,253,2940.645229,False,False,True,True,False,False,False,False,0,1.0,True
-26.24658,274,2943.712273,False,False,True,True,False,False,False,False,0,1.0,True
-29.163064,303,2947.055059,False,False,True,True,False,False,False,False,0,1.0,True
-27.899115,270,2950.055642,False,False,True,True,False,False,False,False,0,1.0,True
-30.230762,329,2953.868495,False,False,True,True,False,False,False,False,0,1.0,True
-26.705134,242,2956.43229,False,False,True,True,False,False,False,False,0,1.0,True
-28.206558,313,2960.007279,False,False,True,True,False,False,False,False,0,1.0,True
-23.780729,160,2961.768541,False,False,True,True,False,False,False,False,0,1.0,True
-22.138254,140,2963.380896,False,False,True,True,False,False,False,False,0,1.0,True
-27.06589,243,2966.024683,False,False,True,True,False,False,False,False,0,1.0,True
-24.4055,227,2968.630009,False,False,True,True,False,False,False,False,0,1.0,True
-20.720149,158,2970.472183,False,False,True,True,False,False,False,False,0,1.0,True
-22.56256,137,2972.105878,False,False,True,True,False,False,False,False,0,1.0,True
-27.210445,244,2974.964402,False,False,True,True,False,False,False,False,0,1.0,True
-25.050338,250,2977.820698,False,False,True,False,False,False,True,False,0,1.0,True
-24.056405,194,2980.010193,False,False,True,True,False,False,False,False,0,1.0,True
-23.124205,150,2981.766478,False,False,True,True,False,False,False,False,0,1.0,True
-35.066902,441,2986.845327,False,False,True,False,False,False,True,False,0,1.0,True
-32.932802,370,2991.422797,False,False,True,True,False,False,False,False,0,1.0,True
-27.959487,335,2995.574915,False,False,True,True,False,False,False,False,0,1.0,True
-24.021167,175,2997.551787,False,False,True,True,False,False,False,False,0,1.0,True
-23.863213,182,2999.517391,False,False,True,True,False,False,False,False,0,1.0,True
-35.240783,460,3004.914967,False,False,True,True,False,False,False,False,0,1.0,True
-21.833122,144,3006.540541,False,False,True,True,False,False,False,False,0,1.0,True
-26.96606,251,3009.436739,False,False,True,False,False,False,True,False,0,1.0,True
-25.437736,214,3011.757056,False,False,True,True,False,False,False,False,0,1.0,True
-25.640695,248,3014.854002,False,False,True,True,False,False,False,False,0,1.0,True
-30.363709,334,3018.834934,False,False,True,False,False,False,True,False,0,1.0,True
-24.363049,184,3020.921678,False,False,True,True,False,False,False,False,0,1.0,True
-28.348106,285,3024.293603,False,False,True,True,False,False,False,False,0,1.0,True
-23.557821,176,3026.327436,False,False,True,True,False,False,False,False,0,1.0,True
-26.219134,252,3029.267413,False,False,True,True,False,False,False,False,0,1.0,True
-39.751651,542,3035.575568,False,False,True,True,False,False,False,False,0,1.0,True
-26.170199,217,3038.353548,False,False,True,True,False,False,False,False,0,1.0,True
-23.826628,194,3040.902445,False,False,True,True,False,False,False,False,0,1.0,True
-32.094237,322,3045.267141,False,False,True,True,False,False,False,False,0,1.0,True
-32.694489,394,3050.146302,False,False,True,True,False,False,False,False,0,1.0,True
