#{"t_start": 1786422801.8976715, "env_id": "None"}
r,l,t,completed,distance_failure,time_failure,joint_success,position_success,attitude_success,curriculum_progress,curriculum_ceiling,curriculum_rehearsal,curriculum_rotation_progress,curriculum_translation_progress,episode_shell_outer_m,episode_target_tumble_scale
-71.817951,1944,13.036418,False,True,False,False,False,False,0.0,0.0,False,0.0,0.0,3.0,0.25
-70.492766,1817,19.819123,False,True,False,False,False,False,0.0,0.0,False,0.0,0.0,3.0,0.25
-65.600411,2000,27.307154,False,False,True,False,False,False,0.0,0.0,False,0.0,0.0,3.0,0.25
-46.959217,2000,35.046744,False,False,True,False,False,False,0.0,0.0,False,0.0,0.0,3.0,0.25
-56.460708,2000,42.595844,False,False,True,False,False,False,0.0,0.0,False,0.0,0.0,3.0,0.25
-64.385028,1599,48.49582,False,True,False,False,False,False,0.0,0.0,False,0.0,0.0,3.0,0.25
-54.758248,2000,55.930914,False,False,True,False,False,False,0.0,0.0,False,0.0,0.0,3.0,0.25
-59.121221,2000,63.654475,False,False,True,False,False,False,0.0,0.0,False,0.0,0.0,3.0,0.25
-52.694051,2000,71.104942,False,False,True,False,False,False,0.0,0.0,False,0.0,0.0,3.0,0.25
-52.077696,2000,78.501909,False,False,True,False,False,False,0.0,0.0,False,0.0,0.0,3.0,0.25
-51.835591,2000,111.850296,False,False,True,False,False,False,0.0,0.0,False,0.0,0.0,3.0,0.25
-34.886341,2000,156.310637,False,False,True,False,False,True,0.0,0.0,False,0.0,0.0,3.0,0.25
-23.972304,2000,201.728332,False,False,True,False,False,False,0.0,0.0,False,0.0,0.0,3.0,0.25
-29.542874,2000,249.674536,False,False,True,False,False,False,0.0,0.0,False,0.0,0.0,3.0,0.25
-29.671459,2000,301.516313,False,False,True,False,False,False,0.0,0.0,False,0.0,0.0,3.0,0.25
-29.664766,2000,347.814837,False,False,True,False,False,False,0.0,0.0,False,0.0,0.0,3.0,0.25
-28.939708,2000,392.224386,False,False,True,False,False,False,0.0,0.0,False,0.0,0.0,3.0,0.25
-26.054363,2000,436.696557,False,False,True,False,False,False,0.0,0.0,False,0.0,0.0,3.0,0.25
-19.951577,2000,481.12787,False,False,True,False,False,False,0.0,0.0,False,0.0,0.0,3.0,0.25
-23.837864,2000,525.512711,False,False,True,False,False,False,0.0,0.0,False,0.0,0.0,3.0,0.25
-10.832936,2000,570.344267,False,False,True,False,True,False,0.0,0.0,False,0.0,0.0,3.0,0.25
-31.587168,2000,615.159052,False,False,True,False,False,False,0.0,0.0,False,0.0,0.0,3.0,0.25
-38.98944,2000,659.440971,False,False,True,False,False,False,0.0,0.0,False,0.0,0.0,3.0,0.25
-30.072899,2000,703.516382,False,False,True,False,False,False,0.0,0.0,False,0.0,0.0,3.0,0.25
-23.110738,2000,747.926647,False,False,True,False,False,False,0.0,0.0,False,0.0,0.0,3.0,0.25
-28.866318,2000,796.727578,False,False,True,False,False,False,0.0,0.0,False,0.0,0.0,3.0,0.25
-20.097368,2000,862.088181,False,False,True,False,False,False,0.0,0.0,False,0.0,0.0,3.0,0.25
-18.826982,2000,909.683231,False,False,True,False,False,False,0.0,0.0,False,0.0,0.0,3.0,0.25
-17.808629,2000,954.136089,False,False,True,False,False,False,0.0,0.0,False,0.0,0.0,3.0,0.25
-18.741232,2000,998.773272,False,False,True,False,True,False,0.0,0.0,False,0.0,0.0,3.0,0.25
-17.328018,2000,1043.42545,False,False,True,False,False,False,0.0,0.0,False,0.0,0.0,3.0,0.25
-9.02733,2000,1088.105911,False,False,True,False,True,False,0.0,0.0,False,0.0,0.0,3.0,0.25
-11.353078,2000,1133.072925,False,False,True,False,True,False,0.0,0.0,False,0.0,0.0,3.0,0.25
-12.975518,2000,1181.15756,False,False,True,False,True,False,0.0,0.0,False,0.0,0.0,3.0,0.25
-9.461789,2000,1226.256202,False,False,True,False,True,False,0.0,0.0,False,0.0,0.0,3.0,0.25
-9.106789,2000,1270.302194,False,False,True,False,True,False,0.0,0.0,False,0.0,0.0,3.0,0.25
-6.477918,2000,1314.374177,False,False,True,False,True,False,0.0,0.0,False,0.0,0.0,3.0,0.25
-3.133939,1273,1342.661913,True,False,False,True,True,True,0.0,0.0,False,0.0,0.0,3.0,0.25
-6.829792,2000,1387.974994,False,False,True,False,True,False,0.0,0.0,False,0.0,0.0,3.0,0.25
-4.235989,2000,1438.258978,False,False,True,False,True,False,0.0,0.0,False,0.0,0.0,3.0,0.25
-5.610691,2000,1492.424327,False,False,True,False,True,False,0.0,0.0,False,0.0,0.0,3.0,0.25
-5.903074,1938,1535.08832,True,False,False,True,True,True,0.0,0.0,False,0.0,0.0,3.0,0.25
-3.121245,821,1553.192253,True,False,False,True,True,True,0.0,0.0,False,0.0,0.0,3.0,0.25
-5.142426,1141,1579.043288,True,False,False,True,True,True,0.0,0.0,False,0.0,0.0,3.0,0.25
-3.955129,1064,1603.000548,True,False,False,True,True,True,0.0,0.0,False,0.0,0.0,3.0,0.25
-3.136001,864,1624.024991,True,False,False,True,True,True,0.0,0.0,False,0.0,0.0,3.0,0.25
-1.575181,766,1641.958671,True,False,False,True,True,True,0.0,0.0,False,0.0,0.0,3.0,0.25
-4.537075,877,1662.88793,True,False,False,True,True,True,0.0,0.0,False,0.0,0.0,3.0,0.25
-2.345411,484,1674.811781,True,False,False,True,True,True,0.0,0.0,False,0.0,0.0,3.0,0.25
-3.04574,905,1696.18663,True,False,False,True,True,True,0.0,0.0,False,0.0,0.0,3.0,0.25
-12.211193,1509,1730.436452,True,False,False,True,True,True,0.0,0.0,False,0.0,0.0,3.0,0.25
0.844743,404,1739.664382,True,False,False,True,True,True,0.0,0.0,False,0.0,0.0,3.0,0.25
-2.927396,892,1762.27098,True,False,False,True,True,True,0.0,0.0,False,0.0,0.0,3.0,0.25
-8.422439,1980,1814.759807,True,False,False,True,True,True,0.0,0.0,False,0.0,0.0,3.0,0.25
-0.439857,689,1831.853414,True,False,False,True,True,True,0.0,0.0,False,0.0,0.0,3.0,0.25
-1.395965,587,1847.737797,True,False,False,True,True,True,0.0,0.0,False,0.0,0.0,3.0,0.25
-3.026368,863,1868.120447,True,False,False,True,True,True,0.0,0.0,False,0.0,0.0,3.0,0.25
0.412714,345,1875.786273,True,False,False,True,True,True,0.0,0.0,False,0.0,0.0,3.0,0.25
-9.009877,2000,1921.436653,False,False,True,False,True,False,0.0,0.0,False,0.0,0.0,3.0,0.25
-3.969212,852,1941.020714,True,False,False,True,True,True,0.0,0.0,False,0.0,0.0,3.0,0.25
-5.692045,2000,1988.168645,False,False,True,False,True,False,0.0,0.0,False,0.0,0.0,3.0,0.25
-1.953642,809,2006.343825,True,False,False,True,True,True,0.0,0.0,False,0.0,0.0,3.0,0.25
1.116286,295,2013.013616,True,False,False,True,True,True,0.0,0.0,False,0.0,0.0,3.0,0.25
-29.188126,2000,2063.288741,False,False,True,False,False,False,0.0,0.0,False,0.0,0.0,3.0,0.25
-7.825437,2000,2112.34036,False,False,True,False,True,False,0.0,0.0,False,0.0,0.0,3.0,0.25
-0.509437,481,2124.032968,True,False,False,True,True,True,0.0,0.0,False,0.0,0.0,3.0,0.25
-0.315716,482,2135.233226,True,False,False,True,True,True,0.0,0.0,False,0.0,0.0,3.0,0.25
-2.004098,600,2150.011931,True,False,False,True,True,True,0.0,0.0,False,0.0,0.0,3.0,0.25
-13.1101,1727,2190.361696,True,False,False,True,True,True,0.0,0.0,False,0.0,0.0,3.0,0.25
-1.575213,571,2203.642712,True,False,False,True,True,True,0.0,0.0,False,0.0,0.0,3.0,0.25
-6.562965,2000,2249.617593,False,False,True,False,True,False,0.0,0.0,False,0.0,0.0,3.0,0.25
-2.634753,1261,2278.944473,True,False,False,True,True,True,0.0,0.0,False,0.0,0.0,3.0,0.25
-5.804457,899,2300.896562,True,False,False,True,True,True,0.0,0.0,False,0.0,0.0,3.0,0.25
-2.23331,643,2315.496697,True,False,False,True,True,True,0.0,0.0,False,0.0,0.0,3.0,0.25
-0.313455,429,2326.236586,True,False,False,True,True,True,0.0,0.0,False,0.0,0.0,3.0,0.25
-1.441637,535,2339.168164,True,False,False,True,True,True,0.0,0.0,False,0.0,0.0,3.0,0.25
-11.104767,1224,2367.844146,True,False,False,True,True,True,0.0,0.0,False,0.0,0.0,3.0,0.25
-1.249685,535,2379.967456,True,False,False,True,True,True,0.0,0.0,False,0.0,0.0,3.0,0.25
-3.321479,1006,2405.226621,True,False,False,True,True,True,0.0,0.0,False,0.0,0.0,3.0,0.25
-5.366845,1102,2432.093779,True,False,False,True,True,True,0.0,0.0,False,0.0,0.0,3.0,0.25
-3.357986,802,2450.584597,True,False,False,True,True,True,0.0,0.0,False,0.0,0.0,3.0,0.25
-17.103744,1898,2498.826801,True,False,False,True,True,True,0.0,0.0,False,0.0,0.0,3.0,0.25
-3.875812,1005,2528.16339,True,False,False,True,True,True,0.0,0.0,False,0.0,0.0,3.0,0.25
-10.164835,1264,2558.329899,True,False,False,True,True,True,0.0,0.0,False,0.0,0.0,3.0,0.25
-26.729793,2000,2603.23322,False,False,True,False,False,False,0.0,0.0,False,0.0,0.0,3.0,0.25
-55.528974,1269,2632.53696,False,True,False,False,False,False,0.0,0.0,False,0.0,0.0,3.0,0.25
0.450614,370,2641.627147,True,False,False,True,True,True,0.0,0.0,False,0.0,0.0,3.0,0.25
-2.428944,703,2658.206133,True,False,False,True,True,True,0.0,0.0,False,0.0,0.0,3.0,0.25
-13.504011,1213,2688.284603,True,False,False,True,True,True,0.0,0.0,False,0.0,0.0,3.0,0.25
-1.735035,568,2702.343347,True,False,False,True,True,True,0.0,0.0,False,0.0,0.0,3.0,0.25
-1.053741,644,2717.773762,True,False,False,True,True,True,0.0,0.0,False,0.0,0.0,3.0,0.25
-0.374479,444,2728.812574,True,False,False,True,True,True,0.0,0.0,False,0.0,0.0,3.0,0.25
-2.132618,398,2738.757728,True,False,False,True,True,True,0.0,0.0,False,0.0,0.0,3.0,0.25
-4.460697,945,2761.706089,True,False,False,True,True,True,0.0,0.0,False,0.0,0.0,3.0,0.25
-7.925169,1634,2798.396397,True,False,False,True,True,True,0.0,0.0,False,0.0,0.0,3.0,0.25
-10.97372,1527,2832.603372,True,False,False,True,True,True,0.0,0.0,False,0.0,0.0,3.0,0.25
-15.464628,2000,2877.313702,False,False,True,False,False,False,0.0,0.0,False,0.0,0.0,3.0,0.25
-7.605404,1594,2913.363242,True,False,False,True,True,True,0.0,0.0,False,0.0,0.0,3.0,0.25
-10.144969,1850,2956.121899,True,False,False,True,True,True,0.0,0.0,False,0.0,0.0,3.0,0.25
-2.967766,1038,2979.407202,True,False,False,True,True,True,0.0,0.0,False,0.0,0.0,3.0,0.25
-15.212122,2000,3024.819405,False,False,True,False,False,False,0.0,0.0,False,0.0,0.0,3.0,0.25
-4.334713,1451,3057.999496,True,False,False,True,True,True,0.0,0.0,False,0.0,0.0,3.0,0.25
-55.631645,1732,3096.764072,False,True,False,False,False,False,0.0,0.0,False,0.0,0.0,3.0,0.25
-4.033167,1211,3124.057473,True,False,False,True,True,True,0.0,0.0,False,0.0,0.0,3.0,0.25
-0.86251,514,3135.561829,True,False,False,True,True,True,0.0,0.0,False,0.0,0.0,3.0,0.25
-0.959197,339,3143.551739,True,False,False,True,True,True,0.0,0.0,False,0.0,0.0,3.0,0.25
-4.831651,1125,3168.690732,True,False,False,True,True,True,0.0,0.0,False,0.0,0.0,3.0,0.25
-0.895227,379,3177.304329,True,False,False,True,True,True,0.0,0.0,False,0.0,0.0,3.0,0.25
-16.09113,2000,3223.70678,False,False,True,False,True,False,0.0,0.0,False,0.0,0.0,3.0,0.25
-8.528738,1616,3260.826519,True,False,False,True,True,True,0.0,0.0,False,0.0,0.0,3.0,0.25
-3.324028,862,3280.48477,True,False,False,True,True,True,0.0,0.0,False,0.0,0.0,3.0,0.25
-12.72301,1552,3316.426735,True,False,False,True,True,True,0.0,0.0,False,0.0,0.0,3.0,0.25
-4.437514,910,3337.333885,True,False,False,True,True,True,0.0,0.0,False,0.0,0.0,3.0,0.25
-0.625152,302,3344.326608,True,False,False,True,True,True,0.0,0.0,False,0.0,0.0,3.0,0.25
-1.413694,574,3357.627613,True,False,False,True,True,True,0.0,0.0,False,0.0,0.0,3.0,0.25
-22.841441,2000,3404.942451,False,False,True,False,False,False,0.0,0.0,False,0.0,0.0,3.0,0.25
-4.75973,1078,3431.295933,True,False,False,True,True,True,0.0,0.0,False,0.0,0.0,3.0,0.25
-1.612984,840,3451.408401,True,False,False,True,True,True,0.0,0.0,False,0.0,0.0,3.0,0.25
-12.242209,2000,3498.649252,False,False,True,False,False,False,0.0,0.0,False,0.0,0.0,3.0,0.25
-8.72247,1698,3537.065794,True,False,False,True,True,True,0.0,0.0,False,0.0,0.0,3.0,0.25
-3.241353,834,3555.924332,True,False,False,True,True,True,0.0,0.0,False,0.0,0.0,3.0,0.25
-2.51291,1085,3580.913923,True,False,False,True,True,True,0.0,0.0,False,0.0,0.0,3.0,0.25
-23.131888,2000,3627.070573,False,False,True,False,False,False,0.0,0.0,False,0.0,0.0,3.0,0.25
-2.216513,1301,3658.225835,True,False,False,True,True,True,0.0,0.0,False,0.0,0.0,3.0,0.25
-1.142418,434,3668.604803,True,False,False,True,True,True,0.0,0.0,False,0.0,0.0,3.0,0.25
-2.327657,1043,3692.472734,True,False,False,True,True,True,0.0,0.0,False,0.0,0.0,3.0,0.25
-1.392362,1197,3720.37112,True,False,False,True,True,True,0.0,0.0,False,0.0,0.0,3.0,0.25
-4.142084,1347,3751.802075,True,False,False,True,True,True,0.0,0.0,False,0.0,0.0,3.0,0.25
-52.819577,2000,3798.308095,False,False,True,False,False,False,0.0,0.0,False,0.0,0.0,3.0,0.25
-62.51885,1605,3835.513405,False,True,False,False,False,False,0.0,0.0,False,0.0,0.0,3.0,0.25
-62.12322,1656,3875.457098,False,True,False,False,False,False,0.0,0.0,False,0.0,0.0,3.0,0.25
-3.311556,832,3894.389439,True,False,False,True,True,True,0.0,0.0,False,0.0,0.0,3.0,0.25
-4.838519,1629,3932.291709,True,False,False,True,True,True,0.0,0.0,False,0.0,0.0,3.0,0.25
-36.443788,2000,3978.202907,False,False,True,False,False,False,0.0,0.0,False,0.0,0.0,3.0,0.25
-53.605119,2000,4027.681796,False,False,True,False,False,False,0.0,0.0,False,0.0,0.0,3.0,0.25
0.499955,194,4032.43498,True,False,False,True,True,True,0.0,0.0,False,0.0,0.0,3.0,0.25
-0.453208,552,4046.257136,True,False,False,True,True,True,0.0,0.0,False,0.0,0.0,3.0,0.25
-1.954186,641,4062.227992,True,False,False,True,True,True,0.0,0.0,False,0.0,0.0,3.0,0.25
-61.050582,1831,4105.456817,False,True,False,False,False,False,0.0,0.0,False,0.0,0.0,3.0,0.25
-60.846984,1420,4138.088096,False,True,False,False,False,False,0.0,0.0,False,0.0,0.0,3.0,0.25
-67.446659,1752,4177.366023,False,True,False,False,False,False,0.0,0.0,False,0.0,0.0,3.0,0.25
-57.467265,1330,4207.633986,False,True,False,False,False,False,0.0,0.0,False,0.0,0.0,3.0,0.25
-58.869207,2000,4252.161463,False,False,True,False,False,False,0.0,0.0,False,0.0,0.0,3.0,0.25
-52.25374,2000,4297.005219,False,False,True,False,False,False,0.0,0.0,False,0.0,0.0,3.0,0.25
-52.350498,1315,4327.305099,False,True,False,False,False,False,0.0,0.0,False,0.0,0.0,3.0,0.25
-58.711937,2000,4375.345569,False,False,True,False,False,False,0.0,0.0,False,0.0,0.0,3.0,0.25
-53.282892,1423,4409.439161,False,True,False,False,False,False,0.0,0.0,False,0.0,0.0,3.0,0.25
-72.790015,1826,4453.280168,False,True,False,False,False,False,0.0,0.0,False,0.0,0.0,3.0,0.25
-54.310898,2000,4501.571708,False,False,True,False,False,False,0.0,0.0,False,0.0,0.0,3.0,0.25
-51.744092,2000,4549.198167,False,False,True,False,False,False,0.0,0.0,False,0.0,0.0,3.0,0.25
-37.642772,2000,4596.668833,False,False,True,False,False,False,0.0,0.0,False,0.0,0.0,3.0,0.25
-31.14732,2000,4642.906157,False,False,True,False,False,False,0.0,0.0,False,0.0,0.0,3.0,0.25
-1.98419,616,4656.697348,True,False,False,True,True,True,0.0,0.0,False,0.0,0.0,3.0,0.25
0.652253,353,4664.861103,True,False,False,True,True,True,0.0,0.0,False,0.0,0.0,3.0,0.25
-36.873685,2000,4713.240085,False,False,True,False,False,False,0.0,0.0,False,0.0,0.0,3.0,0.25
-29.481251,2000,4760.878366,False,False,True,False,False,False,0.0,0.0,False,0.0,0.0,3.0,0.25
-2.556571,670,4776.847289,True,False,False,True,True,True,0.0,0.0,False,0.0,0.0,3.0,0.25
-15.115246,2000,4823.790317,False,False,True,False,False,False,0.0,0.0,False,0.0,0.0,3.0,0.25
-4.134123,1238,4851.74248,True,False,False,True,True,True,0.0,0.0,False,0.0,0.0,3.0,0.25
-22.315202,2000,4897.078824,False,False,True,False,False,False,0.0,0.0,False,0.0,0.0,3.0,0.25
-49.088767,2000,4942.965481,False,False,True,False,False,False,0.0,0.0,False,0.0,0.0,3.0,0.25
-1.406042,535,4955.975832,True,False,False,True,True,True,0.0,0.0,False,0.0,0.0,3.0,0.25
-28.06288,2000,5003.202511,False,False,True,False,False,False,0.0,0.0,False,0.0,0.0,3.0,0.25
-1.723162,715,5019.726291,True,False,False,True,True,True,0.0,0.0,False,0.0,0.0,3.0,0.25
-9.517564,1567,5056.137482,True,False,False,True,True,True,0.0,0.0,False,0.0,0.0,3.0,0.25
0.918271,356,5064.291589,True,False,False,True,True,True,0.0,0.0,False,0.0,0.0,3.0,0.25
-12.116435,1661,5102.437087,True,False,False,True,True,True,0.0,0.0,False,0.0,0.0,3.0,0.25
-0.363748,656,5117.486853,True,False,False,True,True,True,0.0,0.0,False,0.0,0.0,3.0,0.25
-1.609913,513,5129.324116,True,False,False,True,True,True,0.0,0.0,False,0.0,0.0,3.0,0.25
-9.88264,1335,5159.901359,True,False,False,True,True,True,0.0,0.0,False,0.0,0.0,3.0,0.25
-3.876919,1217,5187.885043,True,False,False,True,True,True,0.0,0.0,False,0.0,0.0,3.0,0.25
-2.438735,540,5200.213748,True,False,False,True,True,True,0.0,0.0,False,0.0,0.0,3.0,0.25
-3.242851,1136,5226.727596,True,False,False,True,True,True,0.0,0.0,False,0.0,0.0,3.0,0.25
0.268058,456,5237.24136,True,False,False,True,True,True,0.0,0.0,False,0.0,0.0,3.0,0.25
-2.539629,1033,5262.166577,True,False,False,True,True,True,0.0,0.0,False,0.0,0.0,3.0,0.25
-1.815097,674,5278.400448,True,False,False,True,True,True,0.0,0.0,False,0.0,0.0,3.0,0.25
-13.00387,2000,5325.820164,False,False,True,False,True,False,0.0,0.0,False,0.0,0.0,3.0,0.25
-2.421153,1001,5348.567657,True,False,False,True,True,True,0.0,0.0,False,0.0,0.0,3.0,0.25
-50.006312,1113,5373.346812,False,True,False,False,False,False,0.0,0.0,False,0.0,0.0,3.0,0.25
0.71968,549,5385.657612,True,False,False,True,True,True,0.0,0.0,False,0.0,0.0,3.0,0.25
0.18187,638,5401.057225,True,False,False,True,True,True,0.0,0.0,False,0.0,0.0,3.0,0.25
-1.360662,549,5415.04801,True,False,False,True,True,True,0.0,0.0,False,0.0,0.0,3.0,0.25
-5.282489,1709,5454.391426,True,False,False,True,True,True,0.0,0.0,False,0.0,0.0,3.0,0.25
-1.210395,732,5470.941211,True,False,False,True,True,True,0.0,0.0,False,0.0,0.0,3.0,0.25
-6.799048,1090,5496.468796,True,False,False,True,True,True,0.0,0.0,False,0.0,0.0,3.0,0.25
-0.310132,412,5506.162374,True,False,False,True,True,True,0.0,0.0,False,0.0,0.0,3.0,0.25
-11.943291,1260,5535.288517,True,False,False,True,True,True,0.0,0.0,False,0.0,0.0,3.0,0.25
-2.658065,658,5550.919618,True,False,False,True,True,True,0.0,0.0,False,0.0,0.0,3.0,0.25
-15.907666,1832,5595.193542,True,False,False,True,True,True,0.0,0.0,False,0.0,0.0,3.0,0.25
-4.606732,1460,5627.990926,True,False,False,True,True,True,0.0,0.0,False,0.0,0.0,3.0,0.25
-0.063718,380,5636.363145,True,False,False,True,True,True,0.0,0.0,False,0.0,0.0,3.0,0.25
-0.504447,340,5644.744601,True,False,False,True,True,True,0.0,0.0,False,0.0,0.0,3.0,0.25
0.246526,323,5652.366633,True,False,False,True,True,True,0.0,0.0,False,0.0,0.0,3.0,0.25
-48.920084,2000,5696.817496,False,False,True,False,False,False,0.0,0.0,False,0.0,0.0,3.0,0.25
-4.276092,1285,5725.543149,True,False,False,True,True,True,0.0,0.0,False,0.0,0.0,3.0,0.25
-12.375582,1484,5758.230065,True,False,False,True,True,True,0.0,0.0,False,0.0,0.0,3.0,0.25
-5.633243,2000,5802.087447,False,False,True,False,True,False,0.0,0.0,False,0.0,0.0,3.0,0.25
-3.633862,2000,5847.526395,False,False,True,False,True,False,0.0,0.0,False,0.0,0.0,3.0,0.25
-0.65876,437,5857.480351,True,False,False,True,True,True,0.0,0.0,False,0.0,0.0,3.0,0.25
-5.811411,1568,5893.590882,True,False,False,True,True,True,0.0,0.0,False,0.0,0.0,3.0,0.25
0.648319,390,5902.412034,True,False,False,True,True,True,0.0,0.0,False,0.0,0.0,3.0,0.25
-5.618274,2000,5947.531322,False,False,True,False,True,False,0.0,0.0,False,0.0,0.0,3.0,0.25
-3.619902,2000,5992.774779,False,False,True,False,True,False,0.0,0.0,False,0.0,0.0,3.0,0.25
-3.409573,2000,6041.567339,False,False,True,False,True,False,0.0,0.0,False,0.0,0.0,3.0,0.25
-51.721331,2000,6091.442635,False,False,True,False,False,False,0.0,0.0,False,0.0,0.0,3.0,0.25
-3.520765,2000,6140.724253,False,False,True,False,True,False,0.0,0.0,False,0.0,0.0,3.0,0.25
-2.647728,2000,6187.93339,False,False,True,False,True,False,0.0,0.0,False,0.0,0.0,3.0,0.25
-1.221726,891,6207.771193,True,False,False,True,True,True,0.0,0.0,False,0.0,0.0,3.0,0.25
-3.421507,2000,6252.37543,False,False,True,False,True,False,0.0,0.0,False,0.0,0.0,3.0,0.25
0.610715,320,6259.662915,True,False,False,True,True,True,0.0,0.0,False,0.0,0.0,3.0,0.25
-4.185731,1261,6288.615859,True,False,False,True,True,True,0.0,0.0,False,0.0,0.0,3.0,0.25
-4.487181,2000,6334.382784,False,False,True,False,True,False,0.0,0.0,False,0.0,0.0,3.0,0.25
-1.544239,2000,6378.351395,False,False,True,False,True,False,0.0,0.0,False,0.0,0.0,3.0,0.25
1.304056,390,6387.167756,True,False,False,True,True,True,0.0,0.0,False,0.0,0.0,3.0,0.25
-1.052229,594,6400.378885,True,False,False,True,True,True,0.0,0.0,False,0.0,0.0,3.0,0.25
-8.57892,1337,6430.456196,True,False,False,True,True,True,0.0,0.0,False,0.0,0.0,3.0,0.25
-8.888475,2000,6474.931342,False,False,True,False,True,False,0.0,0.0,False,0.0,0.0,3.0,0.25
-8.579634,1249,6504.033195,True,False,False,True,True,True,0.0,0.0,False,0.0,0.0,3.0,0.25
-5.442986,2000,6550.274943,False,False,True,False,True,False,0.0,0.0,False,0.0,0.0,3.0,0.25
-0.897605,476,6561.508447,True,False,False,True,True,True,0.0,0.0,False,0.0,0.0,3.0,0.25
-12.413421,2000,6611.188707,False,False,True,False,True,False,0.0,0.0,False,0.0,0.0,3.0,0.25
0.084768,782,6629.704034,True,False,False,True,True,True,0.0,0.0,False,0.0,0.0,3.0,0.25
-2.434281,622,6645.505026,True,False,False,True,True,True,0.0004099222174055432,0.00059,True,0.000910938260901207,0.0,3.0,0.25
-2.984417,2000,6694.316078,False,False,True,False,True,False,0.00038938791366382753,0.001212,False,0.0008653064748085056,0.0,3.0,0.25
0.724444,370,6702.655284,True,False,False,True,True,True,0.0018958279721010367,0.003212,True,0.004212951049113415,0.0,3.0,0.25
-1.623918,998,6726.340396,True,False,False,True,True,True,0.002991233513752102,0.003582,False,0.006647185586115782,0.0,3.0,0.25
-2.912583,1241,6757.075878,True,False,False,True,True,True,0.004087453706184496,0.00458,False,0.009083230458187768,0.0,3.0,0.25
0.353701,509,6768.508134,True,False,False,True,True,True,0.002786232092728507,0.005821,False,0.006191626872730015,0.0,3.0,0.25
-0.943542,509,6780.293646,True,False,False,True,True,True,0.0003197744583411748,0.00633,True,0.0007106099074248328,0.0,3.0,0.25
-0.172687,498,6791.61411,True,False,False,True,True,True,0.003391584333202227,0.006839,False,0.007536854073782726,0.0,3.0,0.25
0.237225,377,6799.993492,True,False,False,True,True,True,0.002573242571785635,0.007337,False,0.0057183168261902995,0.0,3.0,0.25
-3.16293,2000,6845.095771,False,False,True,False,True,False,0.0018438688100884512,0.007714,True,0.004097486244641003,0.0,3.0,0.25
-3.008187,813,6864.235649,True,False,False,True,True,True,0.004036009469449402,0.009714,False,0.008968909932109782,0.0,3.0,0.25
-5.665263,1549,6900.416496,True,False,False,True,True,True,0.010508147097507517,0.010527,False,0.023351437994461148,0.0,3.0,0.25
-6.172674,2000,6947.908885,False,False,True,False,True,False,0.011405137225073822,0.012076,False,0.025344749389052935,0.0,3.0,0.25
-2.369336,746,6964.825439,True,False,False,True,True,True,0.0064499549354416,0.014076,True,0.014333233189870221,0.0,3.0,0.25
-2.665728,1029,6988.789232,True,False,False,True,True,True,0.0070586073521290175,0.014822,True,0.015685794115842262,0.0,3.0,0.25
-1.714823,504,7000.606448,True,False,False,True,True,True,0.010476896497605635,0.015851,False,0.02328199221690141,0.0,3.0,0.25
-0.946648,464,7010.89606,True,False,False,True,True,True,0.004255240391641653,0.016355,True,0.009456089759203673,0.0,3.0,0.25
-3.771591,1032,7035.630378,True,False,False,True,True,True,0.002124493565749577,0.016819,False,0.004721096812776837,0.0,3.0,0.25
0.434649,459,7046.188175,True,False,False,True,True,True,0.00754664419033467,0.017851,False,0.01677032042296593,0.0,3.0,0.25
-0.114947,539,7058.447575,True,False,False,True,True,True,0.01192705381199473,0.01831,False,0.026504564026654954,0.0,3.0,0.25
-7.479382,2000,7104.040941,False,False,True,False,True,False,0.001077788332459097,0.018849,False,0.0023950851832424376,0.0,3.0,0.25
-1.259018,558,7116.806197,True,False,False,True,True,True,0.01860179265483459,0.020849,True,0.04133731701074353,0.0,3.0,0.25
-54.702814,2000,7163.961644,False,False,True,False,False,False,0.0073456868935467216,0.021407,False,0.016323748652326046,0.0,3.0,0.25
-59.894156,2000,7210.872325,False,False,True,False,False,False,0.008679623228660664,0.023407,False,0.01928805161924592,0.0,3.0,0.25
-4.946149,1758,7251.15651,True,False,False,True,True,True,0.005889128904257429,0.025407,False,0.013086953120572065,0.0,3.0,0.25
-1.853917,605,7264.890508,True,False,False,True,True,True,0.01544010017713353,0.027165,False,0.0343113337269634,0.0,3.0,0.25
-9.275531,1334,7295.09112,True,False,False,True,True,True,0.005201468992065729,0.02777,False,0.011558819982368287,0.0,3.0,0.25
-0.513629,486,7306.441042,True,False,False,True,True,True,0.0133374272547239,0.029104,False,0.029638727232719778,0.0,3.0,0.25
-0.185276,351,7314.107605,True,False,False,True,True,True,0.004453133232131818,0.02959,False,0.009895851626959594,0.0,3.0,0.25
-4.649815,1201,7341.88726,True,False,False,True,True,True,0.004853830514289054,0.029941,False,0.010786290031753453,0.0,3.0,0.25
-3.714603,811,7360.055444,True,False,False,True,True,True,0.02486305667526819,0.031142,False,0.05525123705615153,0.0,3.0,0.25
-0.903509,1219,7388.240919,True,False,False,True,True,True,0.029841138298275508,0.031953,False,0.06631364066283446,0.0,3.0,0.25
-8.162235,2000,7434.185774,False,False,True,False,True,False,0.002568917865185116,0.033172,False,0.005708706367078035,0.0,3.0,0.25
-2.804493,636,7449.768883,True,False,False,True,True,True,0.02068449567392213,0.035172,False,0.04596554594204918,0.0,3.0,0.25
-2.5132,879,7469.723582,True,False,False,True,True,True,0.025966995640605648,0.035808,False,0.057704434756901436,0.0,3.0,0.25
-3.676306,783,7488.379228,True,False,False,True,True,True,0.029814571903456336,0.036687,False,0.06625460422990297,0.0,3.0,0.25
-3.308625,870,7508.415911,True,False,False,True,True,True,0.022712147954877332,0.03747,False,0.050471439899727404,0.0,3.0,0.25
-2.614144,1045,7532.649637,True,False,False,True,True,True,0.0139549285419573,0.03834,False,0.031010952315460666,0.0,3.0,0.25
-1.474814,1105,7558.119071,True,False,False,True,True,True,0.02889839091599858,0.039385,False,0.06421864647999684,0.0,3.0,0.25
-2.106208,1599,7595.093634,True,False,False,True,True,True,0.026402163518583602,0.04049,False,0.05867147448574134,0.0,3.0,0.25
-0.339213,751,7612.250966,True,False,False,True,True,True,0.01981351573989455,0.042089,False,0.04403003497754344,0.0,3.0,0.25
-1.159727,649,7627.71341,True,False,False,True,True,True,0.008529882238570312,0.04284,False,0.01895529386348958,0.0,3.0,0.25
0.088969,457,7638.077826,True,False,False,True,True,True,0.02641068580211628,0.043489,False,0.05869041289359173,0.0,3.0,0.25
-0.609436,483,7649.937707,True,False,False,True,True,True,0.0036117167564827706,0.043946,True,0.008026037236628378,0.0,3.0,0.25
-0.349144,475,7660.728389,True,False,False,True,True,True,0.03186937062494746,0.044429,False,0.07082082361099436,0.0,3.0,0.25
1.295196,277,7667.655396,True,False,False,True,True,True,0.010667639056631682,0.044904,True,0.023705864570292626,0.0,3.0,0.25
-7.120405,962,7689.329403,True,False,False,True,True,True,0.02941256913877338,0.045181,False,0.06536126475282973,0.0,3.0,0.25
-2.981178,784,7707.019482,True,False,False,True,True,True,0.011297369893296307,0.046143,False,0.025105266429547347,0.0,3.0,0.25
-0.588635,720,7723.222431,True,False,False,True,True,True,0.03080061580362406,0.046927,False,0.06844581289694235,0.0,3.0,0.25
0.318211,344,7731.059656,True,False,False,True,True,True,0.02871171592252952,0.047647,False,0.06380381316117671,0.0,3.0,0.25
0.373137,510,7742.55466,True,False,False,True,True,True,0.03262085532690809,0.047991,False,0.07249078961535131,0.0,3.0,0.25
-1.093858,541,7754.634972,True,False,False,True,True,True,0.0162223574526991,0.048501,True,0.03604968322822022,0.0,3.0,0.25
-0.777605,666,7769.515866,True,False,False,True,True,True,0.039292923119375954,0.049042,False,0.08731760693194657,0.0,3.0,0.25
-10.99028,1164,7796.121593,True,False,False,True,True,True,0.02034582764207723,0.049708,True,0.045212950315727175,0.0,3.0,0.25
-4.268254,2000,7841.898859,False,False,True,False,True,False,0.007800337465953461,0.050872,False,0.017334083257674358,0.0,3.0,0.25
-1.082813,1370,7873.48481,True,False,False,True,True,True,0.03584056032575733,0.052872,False,0.07964568961279407,0.0,3.0,0.25
-1.683365,596,7887.064619,True,False,False,True,True,True,0.004493524539927143,0.054242,False,0.009985610088726985,0.0,3.0,0.25
-8.695297,1841,7929.2257,True,False,False,True,True,True,0.03704044118859018,0.054838,False,0.0823120915302004,0.0,3.0,0.25
-4.563215,1386,7960.734657,True,False,False,True,True,True,0.01866928462632377,0.056679,True,0.041487299169608374,0.0,3.0,0.25
0.496017,519,7971.805458,True,False,False,True,True,True,0.02354606718570612,0.058065,False,0.0523245937460136,0.0,3.0,0.25
-0.341676,488,7983.383272,True,False,False,True,True,True,0.04413829226090158,0.058584,False,0.09808509391311462,0.0,3.0,0.25
-3.608994,2000,8028.759022,False,False,True,False,True,False,0.0042693267370655825,0.059072,False,0.009487392749034628,0.0,3.0,0.25
-8.114665,2000,8075.456228,False,False,True,False,True,False,0.03611373695904282,0.061072,True,0.08025274879787293,0.0,3.0,0.25
-6.307875,2000,8122.015623,False,False,True,False,True,False,0.03167229567096594,0.063072,True,0.07038287926881319,0.0,3.0,0.25
-3.533504,2000,8173.754225,False,False,True,False,True,False,0.05557104563922877,0.065072,False,0.12349121253161947,0.0,3.0,0.30000000000000004
-4.405401,2000,8220.226334,False,False,True,False,True,False,0.046661771682313564,0.067072,False,0.1036928259606968,0.0,3.0,0.30000000000000004
-1.860146,2000,8266.513834,False,False,True,False,True,False,0.012806984094914861,0.069072,False,0.028459964655366356,0.0,3.0,0.25
-0.824843,539,8279.022604,True,False,False,True,True,True,0.008075567822012677,0.071072,True,0.017945706271139283,0.0,3.0,0.25
-5.854902,2000,8325.211328,False,False,True,False,True,False,0.047683318432736904,0.071611,False,0.10596292985052645,0.0,3.0,0.30000000000000004
-0.873186,681,8341.754534,True,False,False,True,True,True,0.019817637651889,0.073611,False,0.04403919478197556,0.0,3.0,0.25
-2.629987,2000,8387.60041,False,False,True,False,True,False,0.026397447891273344,0.074292,True,0.05866099531394076,0.0,3.0,0.25
-2.378703,1270,8416.776507,True,False,False,True,True,True,0.00576741072997623,0.076292,False,0.012816468288836067,0.0,3.0,0.25
-1.679993,1912,8461.647711,True,False,False,True,True,True,0.03138258536523276,0.077562,False,0.06973907858940613,0.0,3.0,0.25
0.026752,790,8479.59075,True,False,False,True,True,True,0.07483405649201862,0.079474,False,0.16629790331559693,0.0,3.0,0.30000000000000004
-58.463029,2000,8525.377697,False,False,True,False,False,False,0.012999197011812576,0.080264,False,0.028887104470694612,0.0,3.0,0.25
1.69748,487,8536.508256,True,False,False,True,True,True,0.05404061629892915,0.082264,False,0.12009025844206478,0.0,3.0,0.30000000000000004
1.122216,351,8544.352524,True,False,False,True,True,True,0.06206145399112833,0.082751,False,0.1379143422025074,0.0,3.0,0.30000000000000004
-1.639241,966,8567.26042,True,False,False,True,True,True,0.002047386410629201,0.083102,True,0.004549747579176003,0.0,3.0,0.25
-2.419698,1195,8594.820229,True,False,False,True,True,True,0.0416365945290987,0.084068,False,0.09252576562021933,0.0,3.0,0.25
-4.005436,1354,8626.571181,True,False,False,True,True,True,0.04267138159036942,0.085263,False,0.09482529242304316,0.0,3.0,0.25
1.092369,619,8640.934675,True,False,False,True,True,True,0.080812512918157,0.086617,False,0.1795833620403489,0.0,3.0,0.30000000000000004
-11.518038,1694,8679.359952,True,False,False,True,True,True,0.012676954261446396,0.087236,False,0.02817100946988088,0.0,3.0,0.25
-7.319444,1095,8704.485673,True,False,False,True,True,True,0.07238532551626005,0.08893,False,0.16085627892502233,0.0,3.0,0.30000000000000004
-0.915075,588,8718.43542,True,False,False,True,True,True,0.08078423781574781,0.090025,False,0.17952052847943958,0.0,3.0,0.30000000000000004
-4.361264,1579,8754.863873,True,False,False,True,True,True,0.03155345208678918,0.090613,False,0.07011878241508707,0.0,3.0,0.25
-0.601764,674,8769.942852,True,False,False,True,True,True,0.06477945085005578,0.092192,False,0.14395433522234616,0.0,3.0,0.30000000000000004
0.936303,337,8777.912712,True,False,False,True,True,True,0.0006194097554646633,0.092866,False,0.0013764661232548072,0.0,3.0,0.25
-3.449357,1207,8806.049487,True,False,False,True,True,True,0.06547382130648867,0.093203,False,0.14549738068108592,0.0,3.0,0.30000000000000004
-2.622829,780,8824.302631,True,False,False,True,True,True,0.012610539734839516,0.09441,False,0.028023421632976702,0.0,3.0,0.25
-0.230766,633,8839.364381,True,False,False,True,True,True,0.04976484503324598,0.09519,False,0.1105885445183244,0.0,3.0,0.30000000000000004
-5.670048,2000,8885.539384,False,False,True,False,True,False,0.03836450688532773,0.095823,False,0.08525445974517272,0.0,3.0,0.25
-1.762916,504,8897.139513,True,False,False,True,True,True,0.041251352897361176,0.097823,True,0.09166967310524705,0.0,3.0,0.25
-1.361613,2000,8942.756295,False,False,True,False,True,False,0.02377463344084725,0.098327,False,0.052832518757438336,0.0,3.0,0.25
-3.242615,777,8960.289522,True,False,False,True,True,True,0.04084621642752144,0.100327,True,0.09076936983893653,0.0,3.0,0.25
-4.724791,1302,8990.175913,True,False,False,True,True,True,0.08860405578740645,0.101104,True,0.1968979017497921,0.0,3.0,0.30000000000000004
-4.99821,1838,9032.932763,True,False,False,True,True,True,0.07862932005620857,0.102406,False,0.17473182234713014,0.0,3.0,0.30000000000000004
-0.449121,492,9044.226276,True,False,False,True,True,True,0.01577957456448496,0.104244,False,0.03506572125441102,0.0,3.0,0.25
-41.715177,743,9061.001355,False,True,False,False,False,False,0.0901332553874749,0.104736,False,0.20029612308327754,0.0,3.0,0.30000000000000004
-1.761683,748,9078.361985,True,False,False,True,True,True,0.0419904702320874,0.105479,False,0.09331215607130533,0.0,3.0,0.25
-2.420596,958,9101.217896,True,False,False,True,True,True,0.000541345081992442,0.106227,False,0.0012029890710943153,0.0,3.0,0.25
-12.531755,2000,9147.981627,False,False,True,False,True,False,0.06725406870439517,0.107185,False,0.14945348600976704,0.0,3.0,0.30000000000000004
-0.907475,529,9160.114403,True,False,False,True,True,True,0.0331754976229738,0.109185,False,0.07372332805105289,0.0,3.0,0.25
-0.312002,442,9169.696144,True,False,False,True,True,True,0.017815106716644418,0.109714,False,0.039589126036987596,0.0,3.0,0.25
-0.724126,677,9185.293955,True,False,False,True,True,True,0.0061245541130151805,0.110156,False,0.013610120251144844,0.0,3.0,0.25
0.626883,461,9195.932588,True,False,False,True,True,True,0.0006269193487973491,0.110833,True,0.0013931541084385535,0.0,3.0,0.25
-3.951404,1195,9223.08549,True,False,False,True,True,True,0.04793754043326174,0.111294,False,0.10652786762947053,0.0,3.0,0.30000000000000004
-3.90778,621,9236.938696,True,False,False,True,True,True,0.08294294815526394,0.112489,False,0.1843176625672532,0.0,3.0,0.30000000000000004
-9.252913,1423,9270.101767,True,False,False,True,True,True,0.024634347758011287,0.11311,False,0.05474299501780286,0.0,3.0,0.25
-4.366185,1104,9295.172971,True,False,False,True,True,True,0.09264138986375633,0.114533,False,0.20586975525279186,0.0,3.0,0.30000000000000004
0.167204,772,9313.40937,True,False,False,True,True,True,0.008505439009100382,0.115637,False,0.018900975575778627,0.0,3.0,0.25
-47.701162,2000,9359.368585,False,False,True,False,False,False,0.07519185504806941,0.116409,False,0.16709301121793202,0.0,3.0,0.30000000000000004
-9.544652,1436,9392.999377,True,False,False,True,True,True,0.02973810171426622,0.118409,False,0.06608467047614715,0.0,3.0,0.25
-1.568633,429,9402.915191,True,False,False,True,True,True,0.0993361415755459,0.119845,False,0.2207469812789909,0.0,3.0,0.30000000000000004
-1.718249,716,9419.090143,True,False,False,True,True,True,0.0825272878406377,0.120274,False,0.18339397297919488,0.0,3.0,0.30000000000000004
-4.444838,2000,9465.240021,False,False,True,False,True,False,0.06130306272104601,0.12099,False,0.13622902826899114,0.0,3.0,0.30000000000000004
-3.690113,2000,9510.850208,False,False,True,False,True,False,0.09104498376330877,0.12299,False,0.20232218614068614,0.0,3.0,0.30000000000000004
-2.186049,562,9524.323319,True,False,False,True,True,True,0.03292883730946778,0.12499,False,0.07317519402103952,0.0,3.0,0.25
-2.248788,678,9540.141251,True,False,False,True,True,True,0.07414781634470283,0.125552,False,0.16477292521045073,0.0,3.0,0.30000000000000004
0.832852,440,9550.431193,True,False,False,True,True,True,0.015051418820288865,0.12623,False,0.0334475973784197,0.0,3.0,0.25
-2.455282,854,9570.32306,True,False,False,True,True,True,0.05615949866067094,0.12667,False,0.12479888591260208,0.0,3.0,0.30000000000000004
-3.488373,1092,9595.516203,True,False,False,True,True,True,0.03110468546585097,0.127524,True,0.0691215232574466,0.0,3.0,0.25
-2.641992,693,9611.69733,True,False,False,True,True,True,0.017871023793686037,0.128616,False,0.03971338620819119,0.0,3.0,0.25
-4.608906,806,9629.544559,True,False,False,True,True,True,0.06554702371276529,0.129309,False,0.14566005269503396,0.0,3.0,0.30000000000000004
-0.090587,427,9639.684339,True,False,False,True,True,True,0.10606265947626536,0.130115,False,0.23569479883614525,0.0,3.0,0.30000000000000004
-10.410672,1940,9684.463469,True,False,False,True,True,True,0.039614841321635286,0.130542,False,0.08803298071474508,0.0,3.0,0.25
-0.865514,510,9695.926939,True,False,False,True,True,True,0.07245775295565131,0.132482,True,0.16101722879033623,0.0,3.0,0.30000000000000004
-59.060142,1652,9733.50065,False,True,False,False,False,False,0.029359925281624913,0.132992,False,0.06524427840361091,0.0,3.0,0.25
-4.858056,1460,9767.043293,True,False,False,True,True,True,0.008881247134855658,0.134644,False,0.019736104744123684,0.0,3.0,0.25
-5.205683,2000,9813.735281,False,False,True,False,True,False,0.006446653659170798,0.136104,False,0.014325897020379551,0.0,3.0,0.25
-4.134455,931,9835.115769,True,False,False,True,True,True,0.0066188907761029646,0.138104,True,0.014708646169117698,0.0,3.0,0.25
-22.671416,2000,9880.34296,True,False,False,True,True,True,0.05020951922225621,0.139035,False,0.11157670938279157,0.0,3.0,0.30000000000000004
-5.525342,1046,9903.91424,True,False,False,True,True,True,0.11138764340234131,0.141035,False,0.24752809644964735,0.0,3.0,0.30000000000000004
-0.655542,677,9920.447246,True,False,False,True,True,True,0.05877318619031441,0.142081,True,0.1306070804229209,0.0,3.0,0.30000000000000004
-0.235088,493,9931.857387,True,False,False,True,True,True,0.05507975315232458,0.142758,False,0.12239945144961017,0.0,3.0,0.30000000000000004
0.882558,309,9945.108577,True,False,False,True,True,True,0.13639453404394128,0.143251,False,0.30309896454209173,0.0,3.0,0.35000000000000003
-6.116368,1183,9971.61908,True,False,False,True,True,True,0.04393022740195537,0.14356,False,0.09762272755990081,0.0,3.0,0.25
-12.860688,1826,10013.749613,True,False,False,True,True,True,0.047170002964164195,0.144743,False,0.10482222880925376,0.0,3.0,0.30000000000000004
-63.849577,1520,10048.656825,False,True,False,False,False,False,0.09294233102982662,0.146569,True,0.2065385133996147,0.0,3.0,0.30000000000000004
0.336994,457,10059.620173,True,False,False,True,True,True,0.013144902313088904,0.148089,False,0.029210894029086453,0.0,3.0,0.25
-33.335248,2000,10105.494473,False,False,True,False,False,False,0.06412656407462972,0.148546,False,0.14250347572139938,0.0,3.0,0.30000000000000004
-59.892763,1971,10151.326915,False,True,False,False,False,False,0.022906691154586583,0.150546,False,0.050903758121303516,0.0,3.0,0.25
-39.551588,813,10169.47656,False,True,False,False,False,False,0.0982054358853484,0.152517,False,0.21823430196744087,0.0,3.0,0.30000000000000004
-3.267963,964,10191.106691,True,False,False,True,True,True,0.05717903412747709,0.15333,False,0.1270645202832824,0.0,3.0,0.30000000000000004
-2.73622,929,10212.643641,True,False,False,True,True,True,0.12622292155945872,0.154294,False,0.2804953812432416,0.0,3.0,0.30000000000000004
-52.223991,2000,10257.770293,False,False,True,False,False,False,0.016142475383789337,0.155223,False,0.03587216751953186,0.0,3.0,0.25
-5.684813,1127,10283.325234,True,False,False,True,True,True,0.12802565554194437,0.157223,False,0.28450145675987637,0.0,3.0,0.30000000000000004
-10.62348,1145,10310.082874,True,False,False,True,True,True,0.12709392423436353,0.15835,False,0.28243094274303004,0.0,3.0,0.30000000000000004
-58.4991,1379,10342.092973,False,True,False,False,False,False,0.016067508096249558,0.159495,True,0.03570557354722124,0.0,3.0,0.25
-4.483379,845,10361.789901,True,False,False,True,True,True,0.07092872070945387,0.160874,False,0.15761937935434192,0.0,3.0,0.30000000000000004
-11.510055,2000,10407.114171,False,False,True,False,True,False,0.09239488291765416,0.161719,False,0.20532196203923145,0.0,3.0,0.30000000000000004
-62.809644,1591,10443.098721,False,True,False,False,False,False,0.04428396470825954,0.163719,False,0.09840881046279898,0.0,3.0,0.25
-65.690292,1867,10484.703535,False,True,False,False,False,False,0.09169146956127054,0.16531,False,0.20375882124726785,0.0,3.0,0.30000000000000004
-47.726259,1004,10507.750148,False,True,False,False,False,False,0.14929671743441605,0.167177,False,0.3317704831875912,0.0,3.0,0.35000000000000003
-0.27315,459,10518.082438,True,False,False,True,True,True,0.024209786349662067,0.168181,False,0.05379952522147126,0.0,3.0,0.25
-61.693907,1693,10556.236612,False,True,False,False,False,False,0.12840022491802724,0.16864,False,0.28533383315117167,0.0,3.0,0.30000000000000004
-64.406192,1587,10592.1677,False,True,False,False,False,False,0.10357177300123517,0.170333,False,0.23015949555830037,0.0,3.0,0.30000000000000004
-60.574921,2000,10637.908844,False,False,True,False,False,False,0.011696075198700978,0.17192,False,0.025991278219335504,0.0,3.0,0.25
-68.176563,1654,10675.616833,False,True,False,False,False,False,0.12222641634509099,0.17392,False,0.27161425854464666,0.0,3.0,0.30000000000000004
-50.90535,1216,10703.361681,False,True,False,False,False,False,0.08192183124340109,0.175574,False,0.18204851387422463,0.0,3.0,0.30000000000000004
-33.324605,491,10714.517071,False,True,False,False,False,False,0.10649243540478096,0.17679,False,0.23664985645506878,0.0,3.0,0.30000000000000004
-37.470097,632,10728.969453,False,True,False,False,False,False,0.01145254891932762,0.177281,False,0.02545010870961693,0.0,3.0,0.25
-42.990165,841,10748.239896,False,True,False,False,False,False,0.15763888964398276,0.177913,False,0.350308643653295,0.0,3.0,0.35000000000000003
-46.519187,1037,10772.085596,False,True,False,False,False,False,0.1310310916895659,0.178754,True,0.29118020375459086,0.0,3.0,0.30000000000000004
-45.421693,921,10793.960111,False,True,False,False,False,False,0.14665655841326086,0.179791,False,0.32590346314057966,0.0,3.0,0.35000000000000003
-55.108273,1383,10826.781511,False,True,False,False,False,False,0.058648450128304615,0.180712,False,0.13032988917401025,0.0,3.0,0.30000000000000004
-43.555748,873,10846.744161,False,True,False,False,False,False,0.11354859141654029,0.182095,True,0.2523302031478673,0.0,3.0,0.30000000000000004
-46.749505,941,10867.941986,False,True,False,False,False,False,0.1127157471589635,0.182968,False,0.25047943813103,0.0,3.0,0.30000000000000004
-64.636514,2000,10914.300878,False,False,True,False,False,False,0.02274564521305925,0.183909,True,0.05054587825124277,0.0,3.0,0.25
-57.607254,2000,10960.303262,False,False,True,False,False,False,0.18147793716338906,0.185909,False,0.40328430480753125,0.0,3.0,0.35000000000000003
-83.257822,1975,11006.482044,False,True,False,False,False,False,0.08020559095586524,0.187909,False,0.17823464656858942,0.0,3.0,0.30000000000000004
-51.909347,1064,11030.550425,False,True,False,False,False,False,0.06762956918860147,0.189884,False,0.1502879315302255,0.0,3.0,0.30000000000000004
-68.802146,1740,11072.525875,False,True,False,False,False,False,0.07798862289504935,0.190948,False,0.17330805087788745,0.0,3.0,0.30000000000000004
-49.076941,1030,11096.325466,False,True,False,False,False,False,0.11077754730483709,0.192688,False,0.24617232734408243,0.0,3.0,0.30000000000000004
-41.128758,779,11114.60504,False,True,False,False,False,False,0.1640114989315889,0.193718,False,0.3644699976257531,0.0,3.0,0.35000000000000003
-43.364122,797,11133.016234,False,True,False,False,False,False,0.02915621664455556,0.194497,False,0.0647915925434568,0.0,3.0,0.25
-44.13577,881,11153.215471,False,True,False,False,False,False,0.1261035411638541,0.195294,False,0.28023009147523137,0.0,3.0,0.30000000000000004
-38.215547,594,11166.529367,False,True,False,False,False,False,0.11271729767980793,0.196175,True,0.2504828837329065,0.0,3.0,0.30000000000000004
-37.043433,633,11181.497481,False,True,False,False,False,False,0.16522896485111446,0.196769,False,0.36717547744692103,0.0,3.0,0.35000000000000003
-34.35294,505,11193.310824,False,True,False,False,False,False,0.06947896048645011,0.197402,False,0.15439768996988912,0.0,3.0,0.30000000000000004
-47.880594,954,11215.028305,False,True,False,False,False,False,0.19648988816867768,0.197907,True,0.43664419593039483,0.0,3.0,0.35000000000000003
-67.721745,2000,11260.193685,False,False,True,False,False,False,0.13865149823905346,0.198861,False,0.3081144405312299,0.0,3.0,0.35000000000000003
-53.219008,1276,11289.278849,False,True,False,False,False,False,0.006847080694073627,0.200861,False,0.01521573487571917,0.0,3.0,0.25
-36.664919,617,11303.401784,False,True,False,False,False,False,0.14749684771379376,0.202137,False,0.32777077269731947,0.0,3.0,0.35000000000000003
-51.41649,1044,11327.728167,False,True,False,False,False,False,0.08505311882308166,0.202754,False,0.18900693071795924,0.0,3.0,0.30000000000000004
-45.001923,843,11346.454775,False,True,False,False,False,False,0.17724099706533344,0.203798,True,0.39386888236740764,0.0,3.0,0.35000000000000003
-55.375221,1230,11375.016015,False,True,False,False,False,False,0.11729255838950521,0.204641,False,0.260650129754456,0.0,3.0,0.30000000000000004
-48.981855,1029,11398.421221,False,True,False,False,False,False,0.029012945031940636,0.205871,False,0.0644732111820903,0.0,3.0,0.25
-71.788087,1951,11442.778067,False,True,False,False,False,False,0.1534681115302901,0.2069,False,0.34104024784508913,0.0,3.0,0.35000000000000003
-51.320683,1061,11466.07477,False,True,False,False,False,False,0.028840717950814915,0.208851,True,0.06409048433514425,0.0,3.0,0.25
-46.484987,896,11486.055208,False,True,False,False,False,False,0.13759193201787376,0.209912,False,0.30575984892860836,0.0,3.0,0.35000000000000003
-44.480419,934,11506.966121,False,True,False,False,False,False,0.16084931264822405,0.210808,False,0.35744291699605346,0.0,3.0,0.35000000000000003
-55.086849,2000,11553.002939,False,False,True,False,False,False,0.06198411232443023,0.211742,True,0.13774247183206717,0.0,3.0,0.30000000000000004
-59.077362,2000,11598.576212,False,False,True,False,False,False,0.0884509203150787,0.213742,False,0.1965576007001749,0.0,3.0,0.30000000000000004
-45.335863,1018,11621.70342,False,True,False,False,False,False,0.21060710836591665,0.215742,True,0.46801579636870366,0.0,3.0,0.35000000000000003
-65.858257,1833,11664.267267,False,True,False,False,False,False,0.03521462351487588,0.21676,False,0.0782547189219464,0.0,3.0,0.25
-43.354041,792,11682.322944,False,True,False,False,False,False,0.17123083450806756,0.218593,True,0.38051296557348346,0.0,3.0,0.35000000000000003
-58.407125,2000,11727.97081,False,False,True,False,False,False,0.15883232759717258,0.219385,False,0.35296072799371686,0.0,3.0,0.35000000000000003
-65.078423,1647,11765.789697,False,True,False,False,False,False,0.0836594910121409,0.221385,False,0.18590998002697978,0.0,3.0,0.30000000000000004
-47.961444,975,11788.2841,False,True,False,False,False,False,0.13772201269635279,0.223032,True,0.3060489171030062,0.0,3.0,0.35000000000000003
-54.558303,1220,11816.132423,False,True,False,False,False,False,0.19509673913721956,0.224007,True,0.43354830919382126,0.0,3.0,0.35000000000000003
-52.975365,1354,11847.511069,False,True,False,False,False,False,0.2076372924287637,0.225227,True,0.46141620539725264,0.0,3.0,0.35000000000000003
-42.214016,824,11866.097764,False,True,False,False,False,False,0.026812353158256533,0.226581,True,0.05958300701834785,0.0,3.0,0.25
-54.881647,1261,11895.848707,False,True,False,False,False,False,0.04031716798128994,0.227405,False,0.08959370662508875,0.0,3.0,0.25
-42.956305,745,11913.176097,False,True,False,False,False,False,0.1493306586270077,0.228666,False,0.3318459080600171,0.0,3.0,0.35000000000000003
-64.041732,1637,11951.675728,False,True,False,False,False,False,0.14379654874683648,0.229411,False,0.3195478861040811,0.0,3.0,0.35000000000000003
-52.637459,1185,11979.707411,False,True,False,False,False,False,0.10793323270258406,0.231048,False,0.23985162822796458,0.0,3.0,0.30000000000000004
-46.83609,857,11999.196643,False,True,False,False,False,False,0.13395215198761354,0.232233,True,0.29767144886136343,0.0,3.0,0.30000000000000004
-43.593534,817,12024.513748,False,True,False,False,False,False,0.226554369448886,0.23309,False,0.5034541543308577,0.0,3.0,0.4
-69.901628,2000,12069.788691,False,False,True,False,False,False,0.1429563818564125,0.233907,False,0.31768084856980555,0.0,3.0,0.35000000000000003
-58.52051,2000,12117.119471,False,False,True,False,False,False,0.1654475201550078,0.235907,False,0.3676611559000173,0.0,3.0,0.35000000000000003
-50.127639,1197,12144.399054,False,True,False,False,False,False,0.10059958326479058,0.237907,True,0.22355462947731242,0.0,3.0,0.30000000000000004
-49.587657,1114,12170.470272,False,True,False,False,False,False,0.19816589624411465,0.239104,False,0.4403686583202548,0.0,3.0,0.35000000000000003
-59.427527,1429,12203.390667,False,True,False,False,False,False,0.05301393253686422,0.240218,False,0.11780873897080937,0.0,3.0,0.30000000000000004
-51.713762,1096,12228.8936,False,True,False,False,False,False,0.220478785363804,0.241647,False,0.48995285636400887,0.0,3.0,0.35000000000000003
-50.131719,1069,12253.316674,False,True,False,False,False,False,0.2321272862041186,0.242743,False,0.5158384137869302,0.0,3.0,0.4
-38.593557,644,12268.334321,False,True,False,False,False,False,0.18992937091990678,0.243812,False,0.42206526871090394,0.0,3.0,0.35000000000000003
-58.603414,1391,12300.402681,False,True,False,False,False,False,0.1826213841174778,0.244456,True,0.40582529803883954,0.0,3.0,0.35000000000000003
-53.056777,1129,12326.437426,False,True,False,False,False,False,0.23686815396165203,0.245847,True,0.5263736754703379,0.0,3.0,0.4
-59.12391,1352,12356.807667,False,True,False,False,False,False,0.12458965839450473,0.246976,False,0.27686590754334384,0.0,3.0,0.30000000000000004
-44.552215,837,12376.50004,False,True,False,False,False,False,0.13596538763227983,0.248328,False,0.3021453058495107,0.0,3.0,0.35000000000000003
-45.978207,895,12397.566659,False,True,False,False,False,False,0.18581166196658835,0.249165,False,0.41291480437019634,0.0,3.0,0.35000000000000003
-42.107042,775,12416.311659,False,True,False,False,False,False,0.22849587940357166,0.25006,False,0.507768620896826,0.0,3.0,0.4
-40.797583,763,12434.044928,False,True,False,False,False,False,0.0944587830856463,0.250835,True,0.20990840685699177,0.0,3.0,0.30000000000000004
-51.254652,1178,12461.035927,False,True,False,False,False,False,0.10073348217628798,0.251598,False,0.2238521826139733,0.0,3.0,0.30000000000000004
-42.922786,752,12478.645151,False,True,False,False,False,False,0.11447270842900342,0.252776,False,0.2543837965088965,0.0,3.0,0.30000000000000004
-50.511826,1126,12504.647725,False,True,False,False,False,False,0.1596605484801361,0.253528,False,0.3548012188447469,0.0,3.0,0.35000000000000003
-49.988627,1078,12529.182879,False,True,False,False,False,False,0.19393080337217097,0.254654,False,0.4309573408270466,0.0,3.0,0.35000000000000003
-56.08812,1407,12562.156635,False,True,False,False,False,False,0.1514412821925032,0.255732,False,0.33653618265000707,0.0,3.0,0.35000000000000003
-46.675011,1028,12586.083709,False,True,False,False,False,False,0.18226517723265526,0.257139,False,0.40503372718367836,0.0,3.0,0.35000000000000003
-53.109374,1170,12613.518894,False,True,False,False,False,False,0.21638942632497193,0.258167,False,0.4808653918332709,0.0,3.0,0.35000000000000003
-51.957499,1254,12642.365499,False,True,False,False,False,False,0.16726148396487595,0.259337,False,0.3716921865886132,0.0,3.0,0.35000000000000003
-42.318351,774,12660.465537,False,True,False,False,False,False,0.203320974723784,0.260591,False,0.45182438827507554,0.0,3.0,0.35000000000000003
-47.276308,954,12682.202481,False,True,False,False,False,False,0.20163993673320554,0.261365,False,0.4480887482960123,0.0,3.0,0.35000000000000003
-44.719799,842,12702.029088,False,True,False,False,False,False,0.16085841210258403,0.262319,False,0.3574631380057423,0.0,3.0,0.35000000000000003
-69.816905,1774,12742.443827,False,True,False,False,False,False,0.05461969941957516,0.263161,True,0.12137710982127813,0.0,3.0,0.30000000000000004
-53.308053,2000,12789.843121,False,False,True,False,False,False,0.08494444215253043,0.264935,False,0.18876542700562315,0.0,3.0,0.30000000000000004
-43.314568,795,12808.566658,False,True,False,False,False,False,0.1934972099234602,0.266935,False,0.42999379982991154,0.0,3.0,0.35000000000000003
-38.368535,582,12821.730276,False,True,False,False,False,False,0.11681787271748013,0.26773,False,0.2595952727055114,0.0,3.0,0.30000000000000004
-41.273982,726,12838.693013,False,True,False,False,False,False,0.202211073067947,0.268312,False,0.44935794015099334,0.0,3.0,0.35000000000000003
-41.353477,721,12856.381552,False,True,False,False,False,False,0.09466025515748985,0.269038,False,0.21035612257219966,0.0,3.0,0.30000000000000004
-63.692722,1555,12892.336988,False,True,False,False,False,False,0.1353969690624254,0.269759,False,0.30088215347205644,0.0,3.0,0.35000000000000003
-57.813158,1237,12920.666762,False,True,False,False,False,False,0.2687969553363605,0.271314,False,0.5973265674141345,0.0,3.0,0.4
-40.556523,691,12936.679802,False,True,False,False,False,False,0.11297102124470934,0.272551,False,0.25104671387713184,0.0,3.0,0.30000000000000004
-62.793501,1529,12972.18262,False,True,False,False,False,False,0.10703276363752778,0.273242,False,0.23785058586117286,0.0,3.0,0.30000000000000004
-38.493547,669,12987.581717,False,True,False,False,False,False,0.13293440390081457,0.274771,False,0.2954097864462546,0.0,3.0,0.30000000000000004
-65.69077,1522,13023.84414,False,True,False,False,False,False,0.11795118367206117,0.27544,False,0.2621137414934693,0.0,3.0,0.30000000000000004
-60.054144,1582,13061.211422,False,True,False,False,False,False,0.11664606179666419,0.276962,True,0.25921347065925376,0.0,3.0,0.30000000000000004
-71.207939,1839,13104.963243,False,True,False,False,False,False,0.1634154822936793,0.278544,False,0.3631455162081762,0.0,3.0,0.35000000000000003
-45.662466,985,13128.146627,False,True,False,False,False,False,0.19588398887163985,0.280383,True,0.43529775304808854,0.0,3.0,0.35000000000000003
-37.362212,580,13141.647916,False,True,False,False,False,False,0.27647147613951106,0.281368,False,0.6143810580878023,0.0,3.0,0.4
-65.249042,1383,13174.618001,False,True,False,False,False,False,0.10638963540168979,0.281948,False,0.23642141200375508,0.0,3.0,0.30000000000000004
-39.362451,753,13192.538606,False,True,False,False,False,False,0.24818939141699675,0.283331,False,0.5515319809266594,0.0,3.0,0.4
-35.282679,555,13206.083854,False,True,False,False,False,False,0.15890460813873938,0.284084,False,0.35312135141942086,0.0,3.0,0.35000000000000003
-40.214184,792,13224.449034,False,True,False,False,False,False,0.10933464703500909,0.284639,False,0.2429658823000202,0.0,3.0,0.30000000000000004
-71.823571,1705,13263.276184,False,True,False,False,False,False,0.11986594279215701,0.285431,False,0.2663687617603489,0.0,3.0,0.30000000000000004
-59.635016,1192,13290.876887,False,True,False,False,False,False,0.25509606895421966,0.287136,False,0.5668801532315992,0.0,3.0,0.4
-40.268012,711,13307.630559,False,True,False,False,False,False,0.22157634654605335,0.288328,False,0.4923918812134519,0.0,3.0,0.35000000000000003
-41.963529,713,13323.81752,False,True,False,False,False,False,0.15339713839159425,0.289039,True,0.34088252975909833,0.0,3.0,0.35000000000000003
-62.467206,1570,13359.621411,False,True,False,False,False,False,0.22233149224050644,0.289752,False,0.49406998275668096,0.0,3.0,0.35000000000000003
-56.121381,1223,13387.783892,False,True,False,False,False,False,0.28362158947221583,0.291322,False,0.6302701988271463,0.0,3.0,0.4
-74.626603,1740,13428.301815,False,True,False,False,False,False,0.2184753472947556,0.292545,False,0.48550077176612355,0.0,3.0,0.35000000000000003
-44.049826,798,13446.476981,False,True,False,False,False,False,0.11745279439126735,0.294285,False,0.2610062097583719,0.0,3.0,0.30000000000000004
-74.596361,1851,13487.820899,False,True,False,False,False,False,0.17388740894706595,0.295083,False,0.3864164643268132,0.0,3.0,0.35000000000000003
-42.527554,725,13505.12418,False,True,False,False,False,False,0.2900308517300617,0.296934,False,0.6445130038445815,0.0,3.0,0.4
-67.070343,1653,13544.327935,False,True,False,False,False,False,0.19056229832356592,0.297659,False,0.4234717740523687,0.0,3.0,0.35000000000000003
-50.290893,1093,13570.51505,False,True,False,False,False,False,0.14104570191334656,0.299312,False,0.3134348931407701,0.0,3.0,0.35000000000000003
-81.018977,1809,13611.781801,False,True,False,False,False,False,0.2864734242032566,0.300405,False,0.6366076093405703,0.0,3.0,0.4
-42.383041,706,13627.39941,False,True,False,False,False,False,0.2693469584149386,0.302214,True,0.5985487964776414,0.0,3.0,0.4
-43.588272,747,13644.519445,False,True,False,False,False,False,0.18576696023331674,0.30292,False,0.4128154671851483,0.0,3.0,0.35000000000000003
-53.313171,1161,13671.149713,False,True,False,False,False,False,0.10755643960297798,0.303667,False,0.23901431022883995,0.0,3.0,0.30000000000000004
-69.99712,1382,13704.21812,False,True,False,False,False,False,0.29246083040633464,0.304828,False,0.6499129564585214,0.0,3.0,0.4
-38.515426,658,13718.798136,False,True,False,False,False,False,0.18355841282083527,0.30621,True,0.40790758404630056,0.0,3.0,0.35000000000000003
-49.336896,1157,13747.203996,False,True,False,False,False,False,0.0914385728984127,0.306868,True,0.20319682866313932,0.0,3.0,0.30000000000000004
-50.805078,1013,13770.703555,False,True,False,False,False,False,0.24707891605752322,0.308025,False,0.5490642579056071,0.0,3.0,0.4
-45.939803,887,13790.756665,False,True,False,False,False,False,0.17523845505908678,0.309038,False,0.38941878902019283,0.0,3.0,0.35000000000000003
-43.733518,808,13810.028617,False,True,False,False,False,False,0.12244275674217295,0.309925,False,0.2720950149826065,0.0,3.0,0.30000000000000004
-45.749327,857,13830.263986,False,True,False,False,False,False,0.15982993729987463,0.310733,False,0.35517763844416583,0.0,3.0,0.35000000000000003
-43.996024,858,13849.393636,False,True,False,False,False,False,0.24119686216705363,0.31159,False,0.535993027037897,0.0,3.0,0.4
-67.279387,2000,13896.021631,False,False,True,False,False,False,0.2210176216549567,0.312448,False,0.4911502703443482,0.0,3.0,0.35000000000000003
-55.681451,1222,13924.298366,False,True,False,False,False,False,0.24597156194131053,0.314448,False,0.5466034709806901,0.0,3.0,0.4
-43.287824,876,13944.331128,False,True,False,False,False,False,0.23389215017591497,0.31567,False,0.5197603337242555,0.0,3.0,0.4
-63.72105,1608,13981.416454,False,True,False,False,False,False,0.19257462102834122,0.316546,False,0.4279436022852027,0.0,3.0,0.35000000000000003
-42.269807,722,13998.161147,False,True,False,False,False,False,0.1663670399362903,0.318154,False,0.36970453319175617,0.0,3.0,0.35000000000000003
-37.757698,620,14013.158363,False,True,False,False,False,False,0.2715546370050592,0.318876,False,0.6034547489001316,0.0,3.0,0.4
-48.8848,990,14036.190117,False,True,False,False,False,False,0.24473872459315915,0.319496,False,0.5438638324292425,0.0,3.0,0.4
-41.120747,779,14054.625994,False,True,False,False,False,False,0.25720308698410344,0.320486,False,0.5715624155202298,0.0,3.0,0.4
-50.822963,2000,14101.037612,False,False,True,False,False,False,0.29764366542783394,0.321265,False,0.6614303676174087,0.0,3.0,0.4
-47.658488,970,14123.72934,False,True,False,False,False,False,0.15039147195669947,0.323265,False,0.3342032710148877,0.0,3.0,0.35000000000000003
-54.867299,2000,14169.019032,False,False,True,False,False,False,0.2539860727254442,0.324235,False,0.5644134949454316,0.0,3.0,0.4
-40.701251,731,14185.588551,False,True,False,False,False,False,0.13483172661126844,0.326235,False,0.2996260591361521,0.0,3.0,0.30000000000000004
-48.494385,1050,14209.525583,False,True,False,False,False,False,0.2364900207061933,0.326966,False,0.5255333793470962,0.0,3.0,0.4
-51.381607,1212,14237.047344,False,True,False,False,False,False,0.21255034168746056,0.328016,False,0.4723340926388012,0.0,3.0,0.35000000000000003
-81.410243,1980,14283.403901,False,True,False,False,False,False,0.19386093337126903,0.329228,False,0.4308020741583756,0.0,3.0,0.35000000000000003
-40.578745,727,14306.935063,False,True,False,False,False,False,0.3166964789913419,0.331208,False,0.7037699533140931,0.0,3.0,0.45
-61.676274,2000,14353.910771,False,False,True,False,False,False,0.14464944876580302,0.331935,False,0.3214432194795623,0.0,3.0,0.35000000000000003
-49.493361,964,14375.861862,False,True,False,False,False,False,0.2541580321009003,0.333935,False,0.5647956268908896,0.0,3.0,0.4
-59.354407,2000,14423.18944,False,False,True,False,False,False,0.1626583343266414,0.334899,False,0.36146296517031423,0.0,3.0,0.35000000000000003
-45.534381,938,14443.948215,False,True,False,False,False,False,0.24885560158862863,0.336899,False,0.5530124479747303,0.0,3.0,0.4
-57.552157,1309,14474.107339,False,True,False,False,False,False,0.2972871685867813,0.337837,False,0.6606381524150695,0.0,3.0,0.4
-78.254014,1965,14519.155321,False,True,False,False,False,False,0.14187506362065136,0.339146,False,0.31527791915700304,0.0,3.0,0.35000000000000003
-62.623035,2000,14566.095084,False,False,True,False,False,False,0.23093308709970822,0.341111,True,0.5131846379993515,0.0,3.0,0.4
-49.820449,918,14586.845233,False,True,False,False,False,False,0.15272352913620746,0.343111,False,0.3393856203026832,0.0,3.0,0.35000000000000003
-41.418868,818,14605.293552,False,True,False,False,False,False,0.17965415589856873,0.344029,False,0.39923145755237494,0.0,3.0,0.35000000000000003
-39.982327,691,14621.868071,False,True,False,False,False,False,0.30004737486170274,0.344847,False,0.6667719441371172,0.0,3.0,0.4
-38.109364,665,14637.969672,False,True,False,False,False,False,0.24262789506591548,0.345538,False,0.5391731001464788,0.0,3.0,0.4
-54.36022,1248,14667.589283,False,True,False,False,False,False,0.3438565186194472,0.346203,False,0.7641255969321049,0.0,3.0,0.45
-42.359519,731,14684.282274,False,True,False,False,False,False,0.32785507445729045,0.347451,False,0.7285668321273121,0.0,3.0,0.45
-52.601561,1236,14712.771919,False,True,False,False,False,False,0.2853729071394103,0.348182,False,0.6341620158653563,0.0,3.0,0.4
-68.549025,1698,14751.758436,False,True,False,False,False,False,0.15254020050102335,0.349418,False,0.33897822333560745,0.0,3.0,0.35000000000000003
-64.460558,1767,14791.442264,False,True,False,False,False,False,0.012558484350481663,0.351116,True,0.02790774300107036,0.0,3.0,0.25
-51.407375,1239,14820.113261,False,True,False,False,False,False,0.22813783433199733,0.352883,False,0.5069729651822162,0.0,3.0,0.4
-42.384158,928,14842.612311,False,True,False,False,False,False,0.34211042340448594,0.354122,False,0.7602453853433021,0.0,3.0,0.45
-68.621889,1793,14883.908713,False,True,False,False,False,False,0.04746986001999397,0.35505,True,0.10548857782220881,0.0,3.0,0.30000000000000004
-50.242613,1129,14909.284483,False,True,False,False,False,False,0.34972398103428315,0.356843,False,0.777164402298407,0.0,3.0,0.45
-53.452749,1145,14935.903712,False,True,False,False,False,False,0.30948770996055436,0.357972,True,0.6877504665790096,0.0,3.0,0.4
-58.661989,2000,14982.437791,False,False,True,False,False,False,0.344633402469392,0.359117,False,0.7658520054875377,0.0,3.0,0.45
-58.884964,1471,15016.893126,False,True,False,False,False,False,0.10981062924267206,0.361117,True,0.24402362053927124,0.0,3.0,0.30000000000000004
-60.403353,2000,15062.870634,False,False,True,False,False,False,0.25264354733757316,0.362588,False,0.561430105194607,0.0,3.0,0.4
-50.437863,1012,15085.852365,False,True,False,False,False,False,0.29374361723292763,0.364588,False,0.6527635938509503,0.0,3.0,0.4
-52.58524,1175,15112.609608,False,True,False,False,False,False,0.34123889912591476,0.3656,False,0.758308664724255,0.0,3.0,0.45
-70.968221,2000,15159.919782,False,False,True,False,False,False,0.24446050427865657,0.366775,False,0.5432455650636813,0.0,3.0,0.4
-56.559963,2000,15206.526999,False,False,True,False,False,False,0.22275370401419653,0.368775,False,0.49500823114265896,0.0,3.0,0.35000000000000003
-43.731886,834,15225.679413,False,True,False,False,False,False,0.2795538361840111,0.370775,False,0.6212307470755801,0.0,3.0,0.4
-48.171403,1111,15251.517636,False,True,False,False,False,False,0.28375573017456995,0.371609,False,0.6305682892768221,0.0,3.0,0.4
-62.147945,1664,15290.357626,False,True,False,False,False,False,0.23847038415233138,0.37272,False,0.5299341870051808,0.0,3.0,0.4
-69.823915,1775,15331.435969,False,True,False,False,False,False,0.35468355964509024,0.374384,False,0.7881856881002005,0.0,3.0,0.45
-63.179936,2000,15378.699966,False,False,True,False,False,False,0.08714422345781128,0.376159,True,0.1936538299062473,0.0,3.0,0.30000000000000004
-44.44595,857,15397.466874,False,True,False,False,False,False,0.35277256241064564,0.378159,False,0.7839390275792125,0.0,3.0,0.45
-36.963025,572,15410.754349,False,True,False,False,False,False,0.22435446821656782,0.379016,False,0.49856548492570624,0.0,3.0,0.35000000000000003
-50.919988,959,15433.381641,False,True,False,False,False,False,0.26658593932222163,0.379588,False,0.5924131984938258,0.0,3.0,0.4
-38.580577,633,15448.054005,False,True,False,False,False,False,0.3000699726878393,0.380547,False,0.6668221615285318,0.0,3.0,0.4
-50.148084,1179,15475.771643,False,True,False,False,False,False,0.18185052645075916,0.38118,False,0.404112281001687,0.0,3.0,0.35000000000000003
-37.421674,630,15490.557446,False,True,False,False,False,False,0.33783134852120467,0.382359,False,0.7507363300471215,0.0,3.0,0.45
-74.537409,1787,15531.396545,False,True,False,False,False,False,0.3439530574674368,0.382989,False,0.7643401277054152,0.0,3.0,0.45
-58.325794,1334,15563.299489,False,True,False,False,False,False,0.23625945983173574,0.384776,False,0.5250210218483017,0.0,3.0,0.4
-49.162425,1122,15589.939326,False,True,False,False,False,False,0.3628375957152607,0.38611,True,0.8063057682561349,0.0,3.0,0.45
-53.878116,1169,15616.246146,False,True,False,False,False,False,0.31407037800350485,0.387232,False,0.6979341733411218,0.0,3.0,0.4
-71.8701,2000,15662.63824,False,False,True,False,False,False,0.26962858550684765,0.388401,False,0.5991746344596615,0.0,3.0,0.4
-42.191048,774,15680.349749,False,True,False,False,False,False,0.2743146276193657,0.390401,False,0.6095880613763682,0.0,3.0,0.4
-56.016797,1436,15713.586074,False,True,False,False,False,False,0.28459371814422413,0.391175,False,0.6324304847649425,0.0,3.0,0.4
-53.060075,1165,15739.855299,False,True,False,False,False,False,0.3509932913590174,0.392611,False,0.7799850919089275,0.0,3.0,0.45
-39.025844,708,15756.052679,False,True,False,False,False,False,0.20846572698880822,0.393776,False,0.4632571710862405,0.0,3.0,0.35000000000000003
-72.596853,1732,15796.575986,False,True,False,False,False,False,0.25207666186278743,0.394484,False,0.5601703596950832,0.0,3.0,0.4
-67.739992,1688,15835.266945,False,True,False,False,False,False,0.2842005900770602,0.396216,False,0.6315568668379116,0.0,3.0,0.4
-51.770941,1057,15860.143348,False,True,False,False,False,False,0.3030691436256081,0.397904,False,0.6734869858346847,0.0,3.0,0.4
-44.632898,914,15881.881696,False,True,False,False,False,False,0.0974426827728832,0.398961,True,0.21653929505085157,0.0,3.0,0.30000000000000004
-63.978566,1627,15919.93589,False,True,False,False,False,False,0.08155736450376098,0.399875,True,0.18123858778613552,0.0,3.0,0.30000000000000004
-43.484937,818,15938.783569,False,True,False,False,False,False,0.3193013434043735,0.401502,False,0.7095585408986077,0.0,3.0,0.45
-51.937755,1394,15971.620422,False,True,False,False,False,False,0.051781567750829656,0.40232,True,0.11507015055739923,0.0,3.0,0.30000000000000004
-67.244552,2000,16016.825967,False,False,True,False,False,False,0.22823337356093032,0.403714,False,0.5071852745798452,0.0,3.0,0.4
-58.257727,1573,16053.835287,False,True,False,False,False,False,0.1820183156602992,0.405714,True,0.404485145911776,0.0,3.0,0.35000000000000003
-54.057971,1170,16080.99362,False,True,False,False,False,False,0.3858133323104156,0.407287,False,0.8573629606898124,0.0,3.0,0.45
-64.183129,2000,16126.915382,False,False,True,False,False,False,0.2226640199273505,0.408457,False,0.49480893317188995,0.0,3.0,0.35000000000000003
-62.328131,1429,16160.954914,False,True,False,False,False,False,0.21359704987636477,0.410457,False,0.47466011083636617,0.0,3.0,0.35000000000000003
-52.781624,1185,16187.714263,False,True,False,False,False,False,0.271291225237722,0.411886,False,0.60286938941716,0.0,3.0,0.4
-50.252244,1031,16210.989256,False,True,False,False,False,False,0.225114402089664,0.413071,False,0.5002542268659199,0.0,3.0,0.4
-70.550377,1666,16248.757647,False,True,False,False,False,False,0.3401201805774101,0.414102,False,0.7558226235053558,0.0,3.0,0.45
-41.394134,825,16268.195089,False,True,False,False,False,False,0.31580350570875076,0.415768,False,0.7017855682416684,0.0,3.0,0.45
-44.065271,812,16287.649527,False,True,False,False,False,False,0.012661425786033043,0.416593,True,0.028136501746740095,0.0,3.0,0.25
-54.123684,1260,16316.403257,False,True,False,False,False,False,0.3104062261099505,0.417405,False,0.6897916135776677,0.0,3.0,0.4
-64.891506,1594,16352.450344,False,True,False,False,False,False,0.24693994633906588,0.418665,False,0.5487554363090352,0.0,3.0,0.4
-52.926717,1156,16378.210178,False,True,False,False,False,False,0.3071323638752562,0.420259,False,0.682516364167236,0.0,3.0,0.4
-54.019462,1249,16406.669038,False,True,False,False,False,False,0.3621941648314627,0.421415,False,0.8048759218476949,0.0,3.0,0.45
-76.299138,1958,16453.524161,False,True,False,False,False,False,0.24331284752413254,0.422664,False,0.5406952167202945,0.0,3.0,0.4
-45.958659,864,16473.863907,False,True,False,False,False,False,0.21673530415574171,0.424622,True,0.48163400923498156,0.0,3.0,0.35000000000000003
-33.219392,495,16485.558661,False,True,False,False,False,False,0.28752682180579237,0.425486,False,0.6389484929017608,0.0,3.0,0.4
-53.142341,1272,16515.558066,False,True,False,False,False,False,0.35099098998963063,0.425981,False,0.7799799777547347,0.0,3.0,0.45
-45.227504,862,16534.973917,False,True,False,False,False,False,0.3451670346809786,0.427253,True,0.767037854846619,0.0,3.0,0.45
-37.132916,658,16550.433078,False,True,False,False,False,False,0.37629269358826467,0.428115,False,0.8362059857516992,0.0,3.0,0.45
-41.177496,790,16568.274027,False,True,False,False,False,False,0.291486459400287,0.428773,False,0.6477476875561933,0.0,3.0,0.4
-54.511255,1266,16597.145562,False,True,False,False,False,False,0.3642813619673876,0.429563,False,0.8095141377053057,0.0,3.0,0.45
-42.613509,828,16622.1771,False,True,False,False,False,False,0.4272080612530333,0.430829,False,0.9493512472289628,0.0,3.0,0.5
-37.397823,669,16637.154535,False,True,False,False,False,False,0.26042016956306113,0.431657,False,0.5787114879179136,0.0,3.0,0.4
-61.685675,2000,16682.967495,False,False,True,False,False,False,0.36872516109222725,0.432326,False,0.8193892468716161,0.0,3.0,0.45
-62.653519,1317,16713.115864,False,True,False,False,False,False,0.426337796311275,0.434326,False,0.9474173251361666,0.0,3.0,0.5
-37.539283,582,16726.20544,False,True,False,False,False,False,0.3861234321019605,0.435643,False,0.8580520713376899,0.0,3.0,0.45
-60.818272,1506,16759.895221,False,True,False,False,False,False,0.40288297741983853,0.436225,False,0.895295505377419,0.0,3.0,0.45
-59.684642,1328,16791.45155,False,True,False,False,False,False,0.42382213598863483,0.437731,False,0.9418269688636329,0.0,3.0,0.5
-42.449522,813,16810.01574,False,True,False,False,False,False,0.37716280416673564,0.439059,False,0.8381395648149681,0.0,3.0,0.45
-60.141576,1512,16845.041203,False,True,False,False,False,False,0.24423387033606309,0.439872,True,0.5427419340801402,0.0,3.0,0.4
-39.345312,652,16860.057218,False,True,False,False,False,False,0.2571499469470829,0.441384,False,0.5714443265490731,0.0,3.0,0.4
-58.403562,1241,16889.568703,False,True,False,False,False,False,0.38850561047600457,0.442036,False,0.8633458010577879,0.0,3.0,0.45
-44.098552,921,16911.268009,False,True,False,False,False,False,0.34537542503926694,0.443277,False,0.7675009445317043,0.0,3.0,0.45
-58.041949,1230,16939.546921,False,True,False,False,False,False,0.27999963900289454,0.444198,False,0.6222214200064323,0.0,3.0,0.4
-45.755055,973,16961.359931,False,True,False,False,False,False,0.2846627044452271,0.445428,False,0.6325837876560603,0.0,3.0,0.4
-36.685851,581,16975.374191,False,True,False,False,False,False,0.2787796261036952,0.446401,False,0.6195102802304339,0.0,3.0,0.4
-42.84043,732,16991.823283,False,True,False,False,False,False,0.3932994547447014,0.446982,False,0.8739987883215586,0.0,3.0,0.45
-50.806276,1261,17020.660747,False,True,False,False,False,False,0.4194484841672569,0.447714,False,0.9321077425939042,0.0,3.0,0.5
-53.111071,1213,17049.254259,False,True,False,False,False,False,0.43109160234486227,0.448975,False,0.9579813385441384,0.0,3.0,0.5
-33.220769,466,17060.337427,False,True,False,False,False,False,0.3098854228232564,0.450188,False,0.6886342729405697,0.0,3.0,0.4
-52.240671,1156,17087.481853,False,True,False,False,False,False,0.3463006646890944,0.450654,False,0.7695570326424319,0.0,3.0,0.45
-42.45548,698,17103.445898,False,True,False,False,False,False,0.37691260162294804,0.45181,False,0.8375835591621067,0.0,3.0,0.45
-55.559956,2000,17149.278175,False,False,True,False,False,False,0.33326217129530544,0.452508,False,0.7405826028784566,0.0,3.0,0.45
-45.279999,962,17171.487137,False,True,False,False,False,False,0.4255338089109326,0.454508,False,0.9456306864687392,0.0,3.0,0.5
-32.695395,471,17182.017623,False,True,False,False,False,False,0.38627737399233286,0.45547,False,0.8583941644274063,0.0,3.0,0.45
-66.300606,1793,17223.006342,False,True,False,False,False,False,0.38319911971589327,0.455941,False,0.8515535993686517,0.0,3.0,0.45
-43.513854,872,17243.284372,False,True,False,False,False,False,0.32373159979016053,0.457734,False,0.7194035550892456,0.0,3.0,0.45
-56.091847,1139,17269.216898,False,True,False,False,False,False,0.31948767823850477,0.458606,False,0.7099726183077884,0.0,3.0,0.45
-39.587222,695,17284.962895,False,True,False,False,False,False,0.43875495583101454,0.459745,False,0.97501101295781,0.0,3.0,0.5
-57.081232,1323,17315.319142,False,True,False,False,False,False,0.3355232929029546,0.46044,False,0.7456073175621213,0.0,3.0,0.45
-45.084842,943,17336.796657,False,True,False,False,False,False,0.37015193988299755,0.461763,False,0.8225598664066612,0.0,3.0,0.45
-58.054722,1212,17365.69822,False,True,False,False,False,False,0.38924896077103616,0.462706,True,0.8649976906023026,0.0,3.0,0.45
-57.290007,1332,17396.02517,False,True,False,False,False,False,0.26823683498772033,0.463918,False,0.5960818555282674,0.0,3.0,0.4
-58.655167,1273,17425.362836,False,True,False,False,False,False,0.30133025037007377,0.46525,False,0.669622778600164,0.0,3.0,0.4
-63.860883,1504,17460.428653,False,True,False,False,False,False,0.3991968353929113,0.466523,False,0.8871040786509139,0.0,3.0,0.45
-40.748939,701,17476.97509,False,True,False,False,False,False,0.3132560875197341,0.468027,False,0.6961246389327425,0.0,3.0,0.4
-38.344753,698,17493.12716,False,True,False,False,False,False,0.4158718033408918,0.468728,False,0.9241595629797595,0.0,3.0,0.5
-45.655438,855,17513.045326,False,True,False,False,False,False,0.34118948363333257,0.469426,False,0.7581988525185168,0.0,3.0,0.45
-44.483001,892,17533.772646,False,True,False,False,False,False,0.4522802624481014,0.470281,False,1.0,0.004145931723820666,3.0290215220667442,0.5
-59.406714,1425,17566.312262,False,True,False,False,False,False,0.3645638936166901,0.471173,True,0.8101419858148668,0.0,3.0,0.45
-58.272322,1379,17598.252149,False,True,False,False,False,False,0.32364883308424575,0.472598,False,0.7192196290761016,0.0,3.0,0.45
-42.405568,824,17617.551296,False,True,False,False,False,False,0.32816509130694904,0.473977,False,0.7292557584598868,0.0,3.0,0.45
-44.234568,834,17636.494183,False,True,False,False,False,False,0.4511782982405209,0.474801,True,1.0,0.0021423604373107326,3.0149965230611753,0.5
-54.719111,1264,17665.965906,False,True,False,False,False,False,0.2851204661330927,0.475635,False,0.6336010358513171,0.0,3.0,0.4
-37.472955,642,17680.785125,False,True,False,False,False,False,0.4096965536370206,0.476899,False,0.9104367858600458,0.0,3.0,0.5
-57.477137,1448,17714.330985,False,True,False,False,False,False,0.2380731438431997,0.477541,True,0.5290514307626659,0.0,3.0,0.4
-56.234897,1429,17747.723819,False,True,False,False,False,False,0.12156962457384773,0.478989,True,0.27015472127521717,0.0,3.0,0.30000000000000004
-58.04028,1361,17778.115739,False,True,False,False,False,False,0.44617935749940957,0.480418,False,0.9915096833320213,0.0,3.0,0.5
-62.424089,2000,17824.074962,False,False,True,False,False,False,0.4066740260984457,0.481779,False,0.903720057996546,0.0,3.0,0.5
-54.903734,1196,17851.465243,False,True,False,False,False,False,0.37679000348378716,0.483779,False,0.8373111188528604,0.0,3.0,0.45
-57.194174,1300,17881.287589,False,True,False,False,False,False,0.45236816518055945,0.484975,False,1.0,0.004305754873744425,3.030140284116211,0.5
-48.635141,1014,17904.400975,False,True,False,False,False,False,0.3837101906214843,0.486275,False,0.8526893124921874,0.0,3.0,0.45
-44.04067,797,17922.464985,False,True,False,False,False,False,0.34826156652092677,0.487289,False,0.7739145922687262,0.0,3.0,0.45
-62.807364,1619,17960.131749,False,True,False,False,False,False,0.22247652815533675,0.488086,True,0.4943922847896372,0.0,3.0,0.35000000000000003
-44.927323,784,17978.546374,False,True,False,False,False,False,0.3252842493461934,0.489705,False,0.7228538874359852,0.0,3.0,0.45
-52.518691,1260,18007.630126,False,True,False,False,False,False,0.09346941647083157,0.490489,True,0.2077098143796257,0.0,3.0,0.30000000000000004
-44.30946,764,18025.281692,False,True,False,False,False,False,0.31783492899720805,0.491749,False,0.7062998422160179,0.0,3.0,0.45
-53.482882,1277,18054.111226,False,True,False,False,False,False,0.4227326813467058,0.492513,False,0.939405958548235,0.0,3.0,0.5
-70.923056,1752,18094.480603,False,True,False,False,False,False,0.29771135490155953,0.49379,False,0.6615807886701323,0.0,3.0,0.4
-48.030722,921,18115.323223,False,True,False,False,False,False,0.37444851981987215,0.495542,False,0.8321078218219381,0.0,3.0,0.45
-61.049753,1444,18148.718874,False,True,False,False,False,False,0.4162673851088122,0.496463,False,0.9250386335751383,0.0,3.0,0.5
-46.494568,961,18170.663953,False,True,False,False,False,False,0.48781700773170283,0.497907,False,1.0,0.06875819587582331,3.481307371130763,0.5
-57.381765,1279,18200.428279,False,True,False,False,False,False,0.44023254921748206,0.498868,False,0.9782945538166268,0.0,3.0,0.5
-52.724674,1243,18229.924882,False,True,False,False,False,False,0.41707470147426373,0.500147,False,0.9268326699428082,0.0,3.0,0.5
-49.28639,943,18253.129927,False,True,False,False,False,False,0.3882113423758572,0.50139,False,0.8626918719463493,0.0,3.0,0.45
-55.172081,1258,18283.063447,False,True,False,False,False,False,0.4473075962023445,0.502333,False,0.9940168804496544,0.0,3.0,0.5
-59.21538,1508,18318.065369,False,True,False,False,False,False,0.1522267076863048,0.503591,True,0.3382815726362329,0.0,3.0,0.35000000000000003
-54.755092,1149,18344.121154,False,True,False,False,False,False,0.328857988251098,0.505099,True,0.7307955294468845,0.0,3.0,0.45
-43.9142,998,18367.047736,False,True,False,False,False,False,0.44987203623628325,0.506248,False,0.9997156360806294,0.0,3.0,0.5
-57.98108,1440,18400.833197,False,True,False,False,False,False,0.3120726857935328,0.507246,False,0.6934948573189618,0.0,3.0,0.4
-56.819431,1303,18430.882053,False,True,False,False,False,False,0.3785905273484897,0.508686,True,0.8413122829966437,0.0,3.0,0.45
-69.002594,1930,18475.666345,False,True,False,False,False,False,0.374673256724438,0.509989,True,0.8326072371654178,0.0,3.0,0.45
-49.730539,2000,18522.640998,False,False,True,False,False,False,0.3541222587565774,0.511919,False,0.7869383527923941,0.0,3.0,0.45
-63.578986,1837,18564.978913,False,True,False,False,False,False,0.1401427235370737,0.513919,True,0.3114282745268304,0.0,3.0,0.35000000000000003
-61.368752,1589,18601.132392,False,True,False,False,False,False,0.1377499768584736,0.515756,True,0.30611105968549684,0.0,3.0,0.35000000000000003
-44.164255,1002,18624.56662,False,True,False,False,False,False,0.07462052535625395,0.517345,True,0.16582338968056434,0.0,3.0,0.30000000000000004
-58.380969,1366,18656.228928,False,True,False,False,False,False,0.5076706437160192,0.518347,False,1.0,0.10485571584730764,3.7339900109311532,0.5
-52.281075,1179,18683.68391,False,True,False,False,False,False,0.33379642626370015,0.519713,False,0.7417698361415559,0.0,3.0,0.45
-40.074119,768,18701.424188,False,True,False,False,False,False,0.4846348944427448,0.520892,False,1.0,0.06297253535044511,3.440807747453116,0.5
-65.677536,1438,18735.408485,False,True,False,False,False,False,0.41686635288495305,0.52166,False,0.9263696730776734,0.0,3.0,0.5
-49.009921,2000,18782.083655,False,False,True,False,False,False,0.433341651951784,0.523098,False,0.9629814487817422,0.0,3.0,0.5
-47.36212,991,18805.088282,False,True,False,False,False,False,0.5154074589024911,0.525098,False,1.0,0.11892265254998373,3.832458567849886,0.5
-69.986125,1874,18848.080616,False,True,False,False,False,False,0.43009556873241084,0.526089,False,0.9557679305164685,0.0,3.0,0.5
-55.107892,1358,18880.069527,False,True,False,False,False,False,0.23709693220648767,0.527963,True,0.5268820715699726,0.0,3.0,0.4
-52.196093,1265,18910.777877,False,True,False,False,False,False,0.4569511167693827,0.529321,False,1.0,0.012638394126150369,3.088468758883052,0.5
-47.883675,985,18933.148882,False,True,False,False,False,False,0.4369088601450065,0.530586,True,0.9709085781000144,0.0,3.0,0.5
-61.606495,1739,18973.362319,False,True,False,False,False,False,0.48352540925266524,0.531571,False,1.0,0.06095528955030041,3.426687026852103,0.5
-49.061099,1086,18998.249736,False,True,False,False,False,False,0.44423941946385864,0.53331,True,0.9871987099196858,0.0,3.0,0.5
-48.366378,1087,19023.675208,False,True,False,False,False,False,0.3877716048480171,0.534396,False,0.8617146774400379,0.0,3.0,0.45
-70.302471,1818,19067.697082,False,True,False,False,False,False,0.3767761844285931,0.535483,False,0.837280409841318,0.0,3.0,0.45
-57.267976,1365,19099.478755,False,True,False,False,False,False,0.4863543582055936,0.537301,False,1.0,0.06609883310107922,3.4626918317075543,0.5
-61.376434,2000,19146.458575,False,False,True,False,False,False,0.3844910485097444,0.538666,True,0.8544245522438765,0.0,3.0,0.45
-45.718542,1016,19170.192502,False,True,False,False,False,False,0.5252402094744206,0.540666,False,1.0,0.13680038086258292,3.9576026660380803,0.5
-56.158491,1386,19202.834021,False,True,False,False,False,False,0.34998316233728327,0.541682,False,0.7777403607495184,0.0,3.0,0.45
-53.079555,2000,19249.075031,False,False,True,False,False,False,0.06622337948905953,0.543068,True,0.1471630655312434,0.0,3.0,0.30000000000000004
-55.744823,1230,19277.020195,False,True,False,False,False,False,0.34806047816046737,0.545068,True,0.773467729245483,0.0,3.0,0.45
-65.61991,2000,19322.213624,False,False,True,False,False,False,0.1065316416217762,0.546298,True,0.2367369813817249,0.0,3.0,0.30000000000000004
-43.212555,2000,19369.90814,False,False,True,False,False,False,0.39567388263064257,0.548298,False,0.8792752947347613,0.0,3.0,0.45
-50.505322,2000,19414.886631,False,False,True,False,False,False,0.3856386767654845,0.550298,False,0.8569748372566323,0.0,3.0,0.45
-52.685882,1133,19440.820615,False,True,False,False,False,False,0.4818017444515794,0.552298,False,1.0,0.05782135354832619,3.4047494748382836,0.5
-47.944222,2000,19487.153291,False,False,True,False,False,False,0.39255219598956254,0.553431,False,0.8723382133101389,0.0,3.0,0.45
-45.556941,2000,19535.001285,False,False,True,False,False,False,0.028202796227234716,0.555431,True,0.06267288050496603,0.0,3.0,0.25
-67.662386,1885,19577.735027,False,True,False,False,False,False,0.34103080998938706,0.557431,True,0.7578462444208601,0.0,3.0,0.45
-50.708573,2000,19622.888744,False,False,True,False,False,False,0.36290658789093094,0.559316,False,0.8064590842020687,0.0,3.0,0.45
-46.151265,964,19644.857372,False,True,False,False,False,False,0.3996945963028616,0.561316,False,0.888210214006359,0.0,3.0,0.45
-55.119889,1169,19671.655202,False,True,False,False,False,False,0.5358138511357032,0.56228,False,1.0,0.15602518388309675,4.092176287181678,0.5
-58.828125,1223,19699.341608,False,True,False,False,False,False,0.29408694318060563,0.563449,True,0.6535265404013458,0.0,3.0,0.4
-41.504027,749,19715.942703,False,True,False,False,False,False,0.5556808315476893,0.564672,False,1.0,0.19214696645034418,4.345028765152409,0.5
-58.532848,1447,19748.671079,False,True,False,False,False,False,0.5475392262980372,0.565421,False,1.0,0.17734404781461305,4.2414083347022915,0.5
-62.651794,1602,19785.136551,False,True,False,False,False,False,0.21159078750204105,0.566868,True,0.4702017500045357,0.0,3.0,0.35000000000000003
-62.593391,1567,19821.059459,False,True,False,False,False,False,0.4418927167253311,0.56847,False,0.9819838149451802,0.0,3.0,0.5
-57.523963,1260,19850.412198,False,True,False,False,False,False,0.40537230980065264,0.570037,False,0.9008273551125614,0.0,3.0,0.5
-47.280123,1045,19875.004462,False,True,False,False,False,False,0.3744841498322802,0.571297,False,0.8321869996272893,0.0,3.0,0.45
-42.210079,768,19892.88676,False,True,False,False,False,False,0.5618445167530053,0.572342,False,1.0,0.20335366682364595,4.423475667765521,0.5
-75.447254,1968,19937.960588,False,True,False,False,False,False,0.4250531199702573,0.57311,False,0.9445624888227939,0.0,3.0,0.5
-60.08615,2000,19984.187603,False,False,True,False,False,False,0.443793726973963,0.575078,False,0.9862082821643623,0.0,3.0,0.5
-39.517909,642,19998.479628,False,True,False,False,False,False,0.4669036854130887,0.577078,False,1.0,0.030733973478343043,3.215137814348401,0.5
-60.854145,1495,20032.63365,False,True,False,False,False,False,0.4430525401910564,0.57772,False,0.9845612004245697,0.0,3.0,0.5
-58.537091,1454,20067.045808,False,True,False,False,False,False,0.38178771219710433,0.579215,False,0.8484171382157873,0.0,3.0,0.45
-61.225873,1670,20106.142383,False,True,False,False,False,False,0.510888754097626,0.580669,True,1.0,0.11070682563204728,3.774947779424331,0.5
-39.552855,748,20123.411103,False,True,False,False,False,False,0.5796723213623347,0.582339,False,1.0,0.2357678570224267,4.650374999156987,0.5
-66.541813,1685,20162.529061,False,True,False,False,False,False,0.44246641834058004,0.583087,False,0.9832587074235112,0.0,3.0,0.5
-34.909638,514,20174.371397,False,True,False,False,False,False,0.45259079455310763,0.584772,False,1.0,0.004710535551104768,3.0329737488577337,0.5
-44.285197,841,20194.157941,False,True,False,False,False,False,0.5226675348343479,0.585286,False,1.0,0.13212279060790527,3.924859534255337,0.5
-56.720167,1243,20222.675708,False,True,False,False,False,False,0.568523872766175,0.586127,False,1.0,0.2154979504839545,4.508485653387682,0.5
-52.351272,2000,20269.549498,False,False,True,False,False,False,0.5712087590202782,0.58737,True,1.0,0.2203795618550513,4.542656932985359,0.5
-50.344415,999,20292.196651,False,True,False,False,False,False,0.24403759065658528,0.58937,True,0.5423057570146339,0.0,3.0,0.4
-49.735375,1185,20320.427232,False,True,False,False,False,False,0.49961097977453267,0.590369,False,1.0,0.09020178140824119,3.6314124698576884,0.5
-71.270292,1984,20365.690972,False,True,False,False,False,False,0.017744953210636214,0.591554,True,0.039433229356969364,0.0,3.0,0.25
-61.719149,1508,20400.334622,False,True,False,False,False,False,0.5770783427965277,0.593538,False,1.0,0.23105153235732306,4.6173607265012615,0.5
-64.094845,2000,20446.612783,False,False,True,False,False,False,0.5120590411014074,0.595046,False,1.0,0.11283462018437712,3.78984234129064,0.5
-56.77423,2000,20493.10586,False,False,True,False,False,False,0.10808703873606527,0.597046,True,0.24019341941347838,0.0,3.0,0.30000000000000004
-50.922931,1223,20521.175705,False,True,False,False,False,False,0.28491130495649214,0.599046,True,0.6331362332366491,0.0,3.0,0.4
-53.874043,1156,20548.274021,False,True,False,False,False,False,0.5338727149266148,0.600269,False,1.0,0.15249584532111782,4.0674709172478245,0.5
-65.643626,1660,20586.178371,False,True,False,False,False,False,0.4245696991821574,0.601425,False,0.9434882204047943,0.0,3.0,0.5
-44.422821,884,20606.642817,False,True,False,False,False,False,0.5266445859241304,0.603085,False,1.0,0.13935379258932803,3.9754765481252967,0.5
-54.916011,2000,20654.399329,False,False,True,False,False,False,0.565970071813084,0.603969,False,1.0,0.21085467602378907,4.475982732166524,0.5
-46.424606,981,20677.632439,False,True,False,False,False,False,0.576779420057812,0.605969,False,1.0,0.2305080364687491,4.613556255281244,0.5
-59.33768,1438,20711.055903,False,True,False,False,False,False,0.4317392533294425,0.60695,False,0.9594205629543167,0.0,3.0,0.5
-49.61177,1088,20735.831538,False,True,False,False,False,False,0.41180514341708485,0.608388,False,0.9151225409268552,0.0,3.0,0.5
-45.343892,902,20756.691096,False,True,False,False,False,False,0.4969026919924347,0.609476,False,1.0,0.08527762180442669,3.596943352630987,0.5
-49.188741,1105,20782.863699,False,True,False,False,False,False,0.49460650868624256,0.610378,False,1.0,0.08110274306589554,3.567719201461269,0.5
-59.171774,1411,20815.749449,False,True,False,False,False,False,0.48254664771578887,0.611483,False,1.0,0.0591757231196161,3.414230061837313,0.5
-45.06878,947,20838.329709,False,True,False,False,False,False,0.5350454425182811,0.612894,False,1.0,0.15462807730596564,4.08239654114176,0.5
-52.051637,1120,20863.840714,False,True,False,False,False,False,0.5861206691158544,0.613841,False,1.0,0.24749212566518972,4.732444879656327,0.5
-37.411373,589,20877.339759,False,True,False,False,False,False,0.5986979294545279,0.614961,False,1.0,0.2703598717355053,4.892519102148537,0.5
-45.24675,897,20898.872513,False,True,False,False,False,False,0.5222570526315717,0.61555,False,1.0,0.1313764593301304,3.9196352153109126,0.5
-46.970412,1063,20924.03606,False,True,False,False,False,False,0.15958151632786813,0.616447,True,0.35462559183970693,0.0,3.0,0.35000000000000003
-56.75617,2000,20971.190315,False,False,True,False,False,False,0.07954311459877556,0.61751,True,0.1767624768861679,0.0,3.0,0.30000000000000004
-67.534468,1788,21012.980843,False,True,False,False,False,False,0.5437616209761812,0.61951,False,1.0,0.1704756745021476,4.193329721515033,0.5
-47.862207,946,21035.463499,False,True,False,False,False,False,0.33406611160593097,0.621298,True,0.7423691369020688,0.0,3.0,0.45
-43.093346,883,21055.348865,False,True,False,False,False,False,0.4327481004161145,0.622244,False,0.9616624453691434,0.0,3.0,0.5
-54.258061,2000,21101.954512,False,False,True,False,False,False,0.5209945749608795,0.623127,False,1.0,0.1290810453834173,3.903567317683921,0.5
-47.080615,943,21124.224695,False,True,False,False,False,False,0.33678996655537363,0.625127,True,0.7484221479008303,0.0,3.0,0.45
-53.150987,1082,21148.143398,False,True,False,False,False,False,0.5741431179722654,0.62607,False,1.0,0.22571475994957335,4.580003319647014,0.5
-45.217023,946,21169.958395,False,True,False,False,False,False,0.5022256909263741,0.627152,False,1.0,0.0949558016843166,3.6646906117902165,0.5
-44.08821,970,21192.478431,False,True,False,False,False,False,0.5446122401888512,0.628098,False,1.0,0.1720222548888204,4.204155784221743,0.5
-67.292959,1802,21233.91993,False,True,False,False,False,False,0.496782358814533,0.629068,False,1.0,0.08505883420824174,3.595411839457692,0.5
-58.686659,1191,21260.988789,False,True,False,False,False,False,0.5406327181058606,0.63087,False,1.0,0.1647867601924737,4.153507321347316,0.5
-44.946093,885,21281.534422,False,True,False,False,False,False,0.6239985169744942,0.632061,False,1.0,0.3163609399536257,5.214526579675379,0.5
-43.142837,898,21302.08974,False,True,False,False,False,False,0.6320389229051319,0.632946,False,1.0,0.33097985982751243,5.316859018792587,0.5
-45.330403,1092,21327.55928,False,True,False,False,False,False,0.5810111005445384,0.633844,True,1.0,0.2382020009900698,4.667414006930488,0.5
-51.836708,1184,21355.427569,False,True,False,False,False,False,0.5028650692716168,0.634936,False,1.0,0.09611830776657594,3.6728281543660315,0.5
-49.754267,1088,21380.430529,False,True,False,False,False,False,0.5632610383276291,0.63612,True,1.0,0.2059291605956892,4.441504124169824,0.5
-48.044847,1103,21406.325175,False,True,False,False,False,False,0.6324116798842061,0.637208,False,1.0,0.3316575997894656,5.321603198526259,0.5
-53.614502,1415,21439.185663,False,True,False,False,False,False,0.6065896135037521,0.638311,False,1.0,0.2847083881886401,4.99295871732048,0.5
-50.6599,1205,21467.246643,False,True,False,False,False,False,0.5059388364882533,0.639726,False,1.0,0.10170697543318784,3.7119488280323143,0.5
-59.970536,1321,21497.77162,False,True,False,False,False,False,0.47481214144171807,0.640931,False,1.0,0.04511298443948738,3.3157908910764116,0.5
-48.58339,2000,21544.552789,False,False,True,False,False,False,0.14921684091094478,0.642252,True,0.3315929798020995,0.0,3.0,0.35000000000000003
-55.853948,1341,21575.455868,False,True,False,False,False,False,0.6131200652889836,0.644252,False,1.0,0.296581936889061,5.0760735582234275,0.5
-48.696875,1198,21602.825057,False,True,False,False,False,False,0.5702628380799282,0.645593,False,1.0,0.21865970559986936,4.530617939199086,0.5
-48.855599,2000,21649.719807,False,False,True,False,False,False,0.4773134722237285,0.646791,False,1.0,0.04966085858859724,3.3476260101201807,0.5
-64.998962,1718,21689.441102,False,True,False,False,False,False,0.5407042203287411,0.648791,False,1.0,0.1649167642340747,4.154417349638523,0.5
-37.80087,2000,21735.723983,False,False,True,False,False,False,0.5084028888969236,0.650509,False,1.0,0.10618707072167932,3.743309495051755,0.5
-31.614399,2000,21782.786607,False,False,True,False,False,False,0.48508511350307204,0.652509,False,1.0,0.06379111546013096,3.4465378082209166,0.5
-39.270918,676,21798.195116,False,True,False,False,False,False,0.5663526531988289,0.654509,False,1.0,0.2115502785433252,4.480851949803276,0.5
-36.753073,2000,21845.300828,False,False,True,False,False,False,0.5216256343962089,0.655185,True,1.0,0.13022842617492525,3.9115989832244766,0.5
-32.535898,2000,21891.86152,False,False,True,False,False,False,0.5114256565245189,0.657185,False,1.0,0.11168301186276157,3.7817810830393315,0.5
-43.799453,2000,21938.209263,False,False,True,False,False,False,0.48340953661160374,0.659185,False,1.0,0.06074461202109768,3.4252122841476833,0.5
-65.121387,1956,21984.543833,False,True,False,False,False,False,0.467208113620247,0.661185,False,1.0,0.03128747930953998,3.2190123551667797,0.5
-57.172879,1564,22020.758778,False,True,False,False,False,False,0.5356391417019696,0.663141,False,1.0,0.15570753036721738,4.089952712570522,0.5
-34.990614,2000,22066.179507,False,False,True,False,False,False,0.47049279331564814,0.664705,False,1.0,0.03725962421026932,3.2608173694718854,0.5
-38.338448,2000,22117.895245,False,False,True,False,False,False,0.5080620373280168,0.666705,False,1.0,0.10556734059639415,3.738971384174759,0.5
-58.491316,1588,22160.831725,False,True,False,False,False,False,0.6141750886869306,0.668705,False,1.0,0.29850016124896467,5.089501128742753,0.5
-57.634392,1458,22207.63303,False,True,False,False,False,False,0.639458382781666,0.670293,False,1.0,0.3444697868757563,5.411288508130294,0.5
-65.6052,1878,22270.131704,False,True,False,False,False,False,0.6011888226618436,0.671751,False,1.0,0.27488876847607924,4.924221379332554,0.5
-64.743729,1622,22310.331897,False,True,False,False,False,False,0.6173321783491768,0.673629,False,1.0,0.30424032427123043,5.129682269898613,0.5
-64.455238,1950,22356.850519,False,True,False,False,False,False,0.5356043836098351,0.675251,False,1.0,0.15564433383606377,4.089510336852446,0.5
