#{"t_start": 1787450754.9700053, "env_id": "None"}
r,l,t,completed,gate_reached,constraint_success,phase1_speed_failure,premature_entry_failure,terminal_constraint_failure,distance_failure,time_failure,mission_phase,phase1_curriculum_difficulty,phase1_curriculum_full_sample
-15.333589,185,4.386114,False,False,False,False,False,True,False,False,1,1.0,True
-24.010417,166,5.659879,False,False,False,False,False,True,False,False,1,1.0,True
-16.218677,192,6.97157,False,False,False,False,False,True,False,False,1,1.0,True
-16.481659,192,8.196431,False,False,False,False,False,True,False,False,1,1.0,True
-16.642179,162,9.377765,False,False,False,False,False,True,False,False,1,1.0,True
-16.778847,146,10.45303,False,False,False,False,False,True,False,False,1,1.0,True
-13.777361,150,11.52638,False,False,False,False,False,True,False,False,1,1.0,True
-16.833758,158,12.563517,False,False,False,False,False,True,False,False,1,1.0,True
-13.062311,122,13.519924,False,False,False,False,False,True,False,False,1,1.0,True
-14.45526,180,14.665329,False,False,False,False,False,True,False,False,1,1.0,True
-14.098512,154,15.704445,False,False,False,False,False,True,False,False,1,1.0,True
-13.364283,164,16.613726,False,False,False,False,False,True,False,False,1,1.0,True
-15.902564,148,17.908593,False,False,False,False,False,True,False,False,1,1.0,True
-15.514598,152,19.272259,False,False,False,False,False,True,False,False,1,1.0,True
-15.593052,150,20.442863,False,False,False,False,False,True,False,False,1,1.0,True
-15.478651,133,21.625575,False,False,False,False,False,True,False,False,1,1.0,True
-16.747535,166,22.88739,False,False,False,False,False,True,False,False,1,1.0,True
-14.245785,186,24.396225,False,False,False,False,False,True,False,False,1,1.0,True
-15.807961,140,25.617902,False,False,False,False,False,True,False,False,1,1.0,True
-17.822592,151,26.734007,False,False,False,False,False,True,False,False,1,1.0,True
-14.41297,182,28.150205,False,False,False,False,False,True,False,False,1,1.0,True
-13.666241,167,29.368159,False,False,False,False,False,True,False,False,1,1.0,True
-14.161629,148,30.462673,False,False,False,False,False,True,False,False,1,1.0,True
-18.018344,179,31.873603,False,False,False,False,False,True,False,False,1,1.0,True
-15.402414,189,33.513949,False,False,False,False,False,True,False,False,1,1.0,True
-19.921718,211,35.173086,False,False,False,False,False,True,False,False,1,1.0,True
-19.672448,276,37.456497,False,False,False,False,False,True,False,False,1,1.0,True
-16.006928,172,38.739681,False,False,False,False,False,True,False,False,1,1.0,True
-14.406242,143,39.872676,False,False,False,False,False,True,False,False,1,1.0,True
-15.446975,210,42.561633,False,False,False,False,False,True,False,False,1,1.0,True
-13.575301,194,45.612063,False,False,False,False,False,True,False,False,1,1.0,True
-13.458571,71,46.775117,False,False,False,False,False,True,False,False,1,1.0,True
-14.861585,75,48.02468,False,False,False,False,False,True,False,False,1,1.0,True
-13.772704,68,49.162194,False,False,False,False,False,True,False,False,1,1.0,True
-16.443957,84,50.555368,False,False,False,False,False,True,False,False,1,1.0,True
-15.861206,89,51.959408,False,False,False,False,False,True,False,False,1,1.0,True
-17.41503,126,53.962851,False,False,False,False,False,True,False,False,1,1.0,True
-15.328656,120,55.817418,False,False,False,False,False,True,False,False,1,1.0,True
-12.509447,138,58.093897,False,False,False,False,False,True,False,False,1,1.0,True
-14.305713,261,62.272181,False,False,False,False,False,True,False,False,1,1.0,True
-14.369262,140,64.598289,False,False,False,False,False,True,False,False,1,1.0,True
-12.32735,138,66.963246,False,False,False,False,False,True,False,False,1,1.0,True
-14.798438,108,68.797961,False,False,False,False,False,True,False,False,1,1.0,True
-15.198442,142,71.12738,False,False,False,False,False,True,False,False,1,1.0,True
-13.473984,104,72.784949,False,False,False,False,False,True,False,False,1,1.0,True
-13.834443,108,74.55297,False,False,False,False,False,True,False,False,1,1.0,True
-14.604879,119,76.502421,False,False,False,False,False,True,False,False,1,1.0,True
-13.18108,99,78.199485,False,False,False,False,False,True,False,False,1,1.0,True
-14.800985,123,80.283913,False,False,False,False,False,True,False,False,1,1.0,True
-16.322442,128,82.305308,False,False,False,False,False,True,False,False,1,1.0,True
-14.08707,124,84.412633,False,False,False,False,False,True,False,False,1,1.0,True
-13.827034,168,86.994988,False,False,False,False,False,True,False,False,1,1.0,True
-13.408411,140,89.144019,False,False,False,False,False,True,False,False,1,1.0,True
-14.380748,96,90.698709,False,False,False,False,False,True,False,False,1,1.0,True
-13.657445,113,92.475603,False,False,False,False,False,True,False,False,1,1.0,True
-16.857243,142,94.874088,False,False,False,False,False,True,False,False,1,1.0,True
-46.209343,512,103.232263,False,False,False,False,False,True,False,False,1,1.0,True
-17.835651,129,105.440111,False,False,False,False,False,True,False,False,1,1.0,True
-14.669357,141,107.639737,False,False,False,False,False,True,False,False,1,1.0,True
-18.945625,186,110.913634,False,False,False,False,False,True,False,False,1,1.0,True
-32.940393,351,116.757804,False,False,False,False,False,True,False,False,1,1.0,True
-29.170201,147,119.064747,False,False,False,False,False,True,False,False,1,1.0,True
-17.342657,62,120.033628,False,False,False,False,False,True,False,False,1,1.0,True
-17.215715,66,121.161202,False,False,False,False,False,True,False,False,1,1.0,True
-20.871733,140,123.47478,False,False,False,False,False,True,False,False,1,1.0,True
-20.943872,164,126.174311,False,False,False,False,False,True,False,False,1,1.0,True
-15.491622,59,127.216015,False,False,False,False,False,True,False,False,1,1.0,True
-17.233918,109,129.104932,False,False,False,False,False,True,False,False,1,1.0,True
-26.417842,79,130.412824,False,False,False,False,False,True,False,False,1,1.0,True
-14.219024,57,131.37637,False,False,False,False,False,True,False,False,1,1.0,True
-13.11519,63,132.410185,False,False,False,False,False,True,False,False,1,1.0,True
-13.00878,48,133.148167,False,False,False,False,False,True,False,False,1,1.0,True
-13.410543,56,134.071454,False,False,False,False,False,True,False,False,1,1.0,True
-13.983864,58,135.022797,False,False,False,False,False,True,False,False,1,1.0,True
-14.294611,53,135.92541,False,False,False,False,False,True,False,False,1,1.0,True
-13.298352,62,137.041157,False,False,False,False,False,True,False,False,1,1.0,True
-14.404615,68,138.177835,False,False,False,False,False,True,False,False,1,1.0,True
-13.158709,66,139.210102,False,False,False,False,False,True,False,False,1,1.0,True
-16.545922,69,140.333212,False,False,False,False,False,True,False,False,1,1.0,True
-13.48565,66,141.360461,False,False,False,False,False,True,False,False,1,1.0,True
-15.325147,117,143.226502,False,False,False,False,False,True,False,False,1,1.0,True
-13.387306,139,145.46869,False,False,False,False,False,True,False,False,1,1.0,True
-17.141921,89,146.987437,False,False,False,False,False,True,False,False,1,1.0,True
-14.719887,96,148.631175,False,False,False,False,False,True,False,False,1,1.0,True
-14.461545,88,150.074697,False,False,False,False,False,True,False,False,1,1.0,True
-14.268417,121,152.04574,False,False,False,False,False,True,False,False,1,1.0,True
-13.779994,98,153.733434,False,False,False,False,False,True,False,False,1,1.0,True
-13.411176,101,155.466464,False,False,False,False,False,True,False,False,1,1.0,True
-13.804074,100,157.033639,False,False,False,False,False,True,False,False,1,1.0,True
-13.682658,104,158.678043,False,False,False,False,False,True,False,False,1,1.0,True
-14.056873,80,160.016443,False,False,False,False,False,True,False,False,1,1.0,True
-14.048405,108,161.85658,False,False,False,False,False,True,False,False,1,1.0,True
-19.962319,144,164.20925,False,False,False,False,False,True,False,False,1,1.0,True
-15.770498,142,166.610212,False,False,False,False,False,True,False,False,1,1.0,True
-13.415516,151,169.21503,False,False,False,False,False,True,False,False,1,1.0,True
-12.176268,178,172.086643,False,False,False,False,False,True,False,False,1,1.0,True
-13.003526,165,174.747262,False,False,False,False,False,True,False,False,1,1.0,True
-19.378647,148,177.195913,False,False,False,False,False,True,False,False,1,1.0,True
-21.727141,145,179.696434,False,False,False,False,False,True,False,False,1,1.0,True
-19.507173,137,182.125043,False,False,False,False,False,True,False,False,1,1.0,True
-14.721258,157,185.170501,False,False,False,False,False,True,False,False,1,1.0,True
-14.995934,148,187.971877,False,False,False,False,False,True,False,False,1,1.0,True
-19.831864,141,190.6929,False,False,False,False,False,True,False,False,1,1.0,True
-16.085292,132,193.092073,False,False,False,False,False,True,False,False,1,1.0,True
-40.722168,429,200.548062,False,False,False,False,False,True,False,False,1,1.0,True
-9.885858,422,207.659626,False,False,False,False,False,True,False,False,1,1.0,True
-10.697901,325,213.210312,False,False,False,False,False,True,False,False,1,1.0,True
-17.873947,125,215.380632,False,False,False,False,False,True,False,False,1,1.0,True
-13.438571,247,219.277505,False,False,False,False,False,True,False,False,1,1.0,True
-14.159755,183,222.24436,False,False,False,False,False,True,False,False,1,1.0,True
-14.032682,243,226.260722,False,False,False,False,False,True,False,False,1,1.0,True
-12.558196,275,230.796812,False,False,False,False,False,True,False,False,1,1.0,True
-13.060637,244,234.943751,False,False,False,False,False,True,False,False,1,1.0,True
-12.661721,179,237.785277,False,False,False,False,False,True,False,False,1,1.0,True
-11.750913,238,241.740979,False,False,False,False,False,True,False,False,1,1.0,True
-12.194417,231,245.9465,False,False,False,False,False,True,False,False,1,1.0,True
-12.481427,177,249.046212,False,False,False,False,False,True,False,False,1,1.0,True
-12.209395,183,252.272339,False,False,False,False,False,True,False,False,1,1.0,True
-13.13193,212,255.847654,False,False,False,False,False,True,False,False,1,1.0,True
-12.470623,191,259.043885,False,False,False,False,False,True,False,False,1,1.0,True
-13.008154,204,262.351908,False,False,False,False,False,True,False,False,1,1.0,True
-12.653156,191,265.721903,False,False,False,False,False,True,False,False,1,1.0,True
-17.850651,228,269.556742,False,False,False,False,False,True,False,False,1,1.0,True
-15.385563,264,274.131447,False,False,False,False,False,True,False,False,1,1.0,True
-18.208701,248,278.159957,False,False,False,False,False,True,False,False,1,1.0,True
-37.749608,274,282.765008,False,False,False,False,False,True,False,False,1,1.0,True
-15.708497,362,288.892939,False,False,False,False,False,True,False,False,1,1.0,True
-29.479698,426,295.806407,False,False,False,False,False,True,False,False,1,1.0,True
-12.011667,339,301.365359,False,False,False,False,False,True,False,False,1,1.0,True
-37.358156,311,307.05776,False,False,False,False,False,True,False,False,1,1.0,True
-15.758818,321,312.604278,False,False,False,False,False,True,False,False,1,1.0,True
-15.702773,330,318.141536,False,False,False,False,False,True,False,False,1,1.0,True
-15.763363,337,323.967215,False,False,False,False,False,True,False,False,1,1.0,True
-14.496376,264,328.680283,False,False,False,False,False,True,False,False,1,1.0,True
-21.331941,356,334.780169,False,False,False,False,False,True,False,False,1,1.0,True
-20.483884,202,338.204717,False,False,False,False,False,True,False,False,1,1.0,True
-16.640404,146,340.569655,False,False,False,False,False,True,False,False,1,1.0,True
-15.194057,211,344.039532,False,False,False,False,False,True,False,False,1,1.0,True
-31.617,188,347.332212,False,False,False,False,False,True,False,False,1,1.0,True
-23.265947,264,351.892836,False,False,False,False,False,True,False,False,1,1.0,True
-20.667379,295,356.673971,False,False,False,False,False,True,False,False,1,1.0,True
-15.163941,274,361.164304,False,False,False,False,False,True,False,False,1,1.0,True
-14.147136,296,366.373499,False,False,False,False,False,True,False,False,1,1.0,True
-15.528961,208,369.938973,False,False,False,False,False,True,False,False,1,1.0,True
-15.016153,245,374.003564,False,False,False,False,False,True,False,False,1,1.0,True
-12.039883,500,389.452066,False,False,False,False,False,True,False,False,1,1.0,True
-17.009767,355,395.851525,False,False,False,False,False,True,False,False,1,1.0,True
-12.065137,421,403.184849,False,False,False,False,False,True,False,False,1,1.0,True
-21.775678,239,407.112613,False,False,False,False,False,True,False,False,1,1.0,True
-14.598808,430,414.704076,False,False,False,False,False,True,False,False,1,1.0,True
-18.410047,341,421.125217,False,False,False,False,False,True,False,False,1,1.0,True
-18.721544,348,427.143127,False,False,False,False,False,True,False,False,1,1.0,True
-13.523491,383,433.678224,False,False,False,False,False,True,False,False,1,1.0,True
-17.53279,351,440.116358,False,False,False,False,False,True,False,False,1,1.0,True
-22.672275,322,445.87158,False,False,False,False,False,True,False,False,1,1.0,True
-16.145006,136,448.257298,False,False,False,False,False,True,False,False,1,1.0,True
-28.466743,347,454.534724,False,False,False,False,False,True,False,False,1,1.0,True
-16.215004,225,458.447535,False,False,False,False,False,True,False,False,1,1.0,True
-15.737475,334,464.181482,False,False,False,False,False,True,False,False,1,1.0,True
-13.637545,327,470.056056,False,False,False,False,False,True,False,False,1,1.0,True
-29.654221,229,473.896135,False,False,False,False,False,True,False,False,1,1.0,True
-23.871942,486,482.215267,False,False,False,False,False,True,False,False,1,1.0,True
-19.179999,219,485.938494,False,False,False,False,False,True,False,False,1,1.0,True
-9.119523,600,496.10718,False,False,False,False,False,True,False,False,1,1.0,True
-11.010883,514,504.889771,False,False,False,False,False,True,False,False,1,1.0,True
-32.703741,297,509.970237,False,False,False,False,False,True,False,False,1,1.0,True
-24.153835,449,517.457189,False,False,False,False,False,True,False,False,1,1.0,True
-11.458946,501,526.025609,False,False,False,False,False,True,False,False,1,1.0,True
-18.897447,804,539.807658,False,False,False,False,False,True,False,False,1,1.0,True
-18.008207,221,543.449554,False,False,False,False,False,True,False,False,1,1.0,True
-16.034689,296,548.543371,False,False,False,False,False,True,False,False,1,1.0,True
-12.316665,553,558.298173,False,False,False,False,False,True,False,False,1,1.0,True
-16.063853,145,560.968187,False,False,False,False,False,True,False,False,1,1.0,True
-31.498544,231,565.291342,False,False,False,False,False,True,False,False,1,1.0,True
-18.890483,288,570.368573,False,False,False,False,False,True,False,False,1,1.0,True
-16.230072,117,572.438794,False,False,False,False,False,True,False,False,1,1.0,True
-16.746209,232,576.660126,False,False,False,False,False,True,False,False,1,1.0,True
-40.900626,363,583.205949,False,False,False,False,False,True,False,False,1,1.0,True
-35.041759,436,590.604388,False,False,False,False,False,True,False,False,1,1.0,True
-17.605679,345,596.330435,False,False,False,False,False,True,False,False,1,1.0,True
-20.12473,422,603.361475,False,False,False,False,False,True,False,False,1,1.0,True
-20.106094,339,609.050647,False,False,False,False,False,True,False,False,1,1.0,True
-16.77577,189,612.235408,False,False,False,False,False,True,False,False,1,1.0,True
-15.783886,109,613.939669,False,False,False,False,False,True,False,False,1,1.0,True
-11.390602,690,625.2182,False,False,False,False,False,True,False,False,1,1.0,True
-16.903428,266,629.593429,False,False,False,False,False,True,False,False,1,1.0,True
-18.761757,138,631.88154,False,False,False,False,False,True,False,False,1,1.0,True
-12.445375,465,639.444518,False,False,False,False,False,True,False,False,1,1.0,True
-18.927497,123,641.489102,False,False,False,False,False,True,False,False,1,1.0,True
-15.099791,352,647.463441,False,False,False,False,False,True,False,False,1,1.0,True
-13.114456,499,656.135044,False,False,False,False,False,True,False,False,1,1.0,True
-15.160372,449,664.003867,False,False,False,False,False,True,False,False,1,1.0,True
-14.643141,386,670.741044,False,False,False,False,False,True,False,False,1,1.0,True
-13.112455,399,677.593396,False,False,False,False,False,True,False,False,1,1.0,True
-13.537489,267,682.155998,False,False,False,False,False,True,False,False,1,1.0,True
-15.574716,329,687.449002,False,False,False,False,False,True,False,False,1,1.0,True
-18.552074,145,689.862609,False,False,False,False,False,True,False,False,1,1.0,True
-17.536963,180,692.845606,False,False,False,False,False,True,False,False,1,1.0,True
-21.75229,318,698.043072,False,False,False,False,False,True,False,False,1,1.0,True
-20.396322,401,704.871294,False,False,False,False,False,True,False,False,1,1.0,True
-45.19137,457,711.452631,False,False,False,False,False,True,False,False,1,1.0,True
-15.649797,541,719.535741,False,False,False,False,False,True,False,False,1,1.0,True
-16.150136,206,722.360358,False,False,False,False,False,True,False,False,1,1.0,True
-14.112329,493,728.794182,False,False,False,False,False,True,False,False,1,1.0,True
-16.200676,102,730.285202,False,False,False,False,False,True,False,False,1,1.0,True
-24.29798,192,733.070508,False,False,False,False,False,True,False,False,1,1.0,True
-28.926756,273,736.668845,False,False,False,False,False,True,False,False,1,1.0,True
-15.217883,574,743.977785,False,False,False,False,False,True,False,False,1,1.0,True
-24.993056,219,746.960346,False,False,False,False,False,True,False,False,1,1.0,True
-14.947073,326,751.510886,False,False,False,False,False,True,False,False,1,1.0,True
-15.623994,200,754.073049,False,False,False,False,False,True,False,False,1,1.0,True
-16.404334,226,757.009457,False,False,False,False,False,True,False,False,1,1.0,True
-14.625691,259,760.343642,False,False,False,False,False,True,False,False,1,1.0,True
-12.953808,290,764.051361,False,False,False,False,False,True,False,False,1,1.0,True
-25.632856,306,768.023388,False,False,False,False,False,True,False,False,1,1.0,True
-17.506637,275,771.58777,False,False,False,False,False,True,False,False,1,1.0,True
-10.83046,343,776.214739,False,False,False,False,False,True,False,False,1,1.0,True
-11.867762,442,782.20199,False,False,False,False,False,True,False,False,1,1.0,True
-12.557309,180,784.609335,False,False,False,False,False,True,False,False,1,1.0,True
-20.37651,162,786.825373,False,False,False,False,False,True,False,False,1,1.0,True
-14.504834,295,793.806648,False,False,False,False,False,True,False,False,1,1.0,True
-12.050785,294,797.620655,False,False,False,False,False,True,False,False,1,1.0,True
-13.056941,208,800.407449,False,False,False,False,False,True,False,False,1,1.0,True
-13.725988,437,806.131137,False,False,False,False,False,True,False,False,1,1.0,True
-11.530913,270,809.735389,False,False,False,False,False,True,False,False,1,1.0,True
-5.080044,981,822.843624,False,False,False,False,False,True,False,False,1,1.0,True
-16.159917,923,834.87912,False,False,False,False,False,True,False,False,1,1.0,True
-9.090172,759,846.230714,False,False,False,False,False,True,False,False,1,1.0,True
-12.271076,200,849.774419,False,False,False,False,False,True,False,False,1,1.0,True
-13.455923,383,855.983987,False,False,False,False,False,True,False,False,1,1.0,True
-19.585314,238,860.066563,False,False,False,False,False,True,False,False,1,1.0,True
-6.066148,919,875.989312,False,False,False,False,False,True,False,False,1,1.0,True
-20.638191,844,890.402948,False,False,False,False,False,True,False,False,1,1.0,True
-5.95322,1027,907.447237,False,False,False,False,False,True,False,False,1,1.0,True
-15.541914,439,914.806041,False,False,False,False,False,True,False,False,1,1.0,True
-13.964468,324,920.267427,False,False,False,False,False,True,False,False,1,1.0,True
-18.699455,430,927.178477,False,False,False,False,False,True,False,False,1,1.0,True
-19.3667,182,930.353697,False,False,False,False,False,True,False,False,1,1.0,True
-20.036742,445,937.755479,False,False,False,False,False,True,False,False,1,1.0,True
-15.133858,404,944.641925,False,False,False,False,False,True,False,False,1,1.0,True
-27.015601,127,946.763936,False,False,False,False,False,True,False,False,1,1.0,True
-12.883127,405,953.561311,False,False,False,False,False,True,False,False,1,1.0,True
-12.716824,657,964.491593,False,False,False,False,False,True,False,False,1,1.0,True
-13.573314,295,969.111476,False,False,False,False,False,True,False,False,1,1.0,True
-3.012213,1243,990.437928,False,False,False,False,False,True,False,False,1,1.0,True
-11.196483,752,1003.169262,False,False,False,False,False,True,False,False,1,1.0,True
-11.817139,428,1010.367445,False,False,False,False,False,True,False,False,1,1.0,True
-12.064532,468,1018.69891,False,False,False,False,False,True,False,False,1,1.0,True
-18.766932,662,1030.566054,False,False,False,False,False,True,False,False,1,1.0,True
-19.769706,334,1036.767078,False,False,False,False,False,True,False,False,1,1.0,True
-15.208036,189,1040.236392,False,False,False,False,False,True,False,False,1,1.0,True
-15.076144,330,1046.123046,False,False,False,False,False,True,False,False,1,1.0,True
-12.423019,273,1050.927969,False,False,False,False,False,True,False,False,1,1.0,True
-46.251412,700,1063.787098,False,False,False,False,False,True,False,False,1,1.0,True
-42.371489,308,1069.471393,False,False,False,False,False,True,False,False,1,1.0,True
-13.383509,490,1078.623452,False,False,False,False,False,True,False,False,1,1.0,True
-16.975295,451,1087.455718,False,False,False,False,False,True,False,False,1,1.0,True
-14.094061,455,1096.166804,False,False,False,False,False,True,False,False,1,1.0,True
-36.904273,373,1103.122558,False,False,False,False,False,True,False,False,1,1.0,True
-47.014324,459,1111.481611,False,False,False,False,False,True,False,False,1,1.0,True
-15.882259,294,1116.678341,False,False,False,False,False,True,False,False,1,1.0,True
-12.046595,268,1121.465458,False,False,False,False,False,True,False,False,1,1.0,True
-9.402677,418,1128.993264,False,False,False,False,False,True,False,False,1,1.0,True
-29.225238,597,1139.052031,False,False,False,False,False,True,False,False,1,1.0,True
-11.998355,244,1143.23771,False,False,False,False,False,True,False,False,1,1.0,True
-13.603398,273,1147.850421,False,False,False,False,False,True,False,False,1,1.0,True
-15.451139,433,1155.201329,False,False,False,False,False,True,False,False,1,1.0,True
-8.224851,659,1166.278841,False,False,False,False,False,True,False,False,1,1.0,True
-14.361963,335,1172.037431,False,False,False,False,False,True,False,False,1,1.0,True
-11.167065,243,1176.241578,False,False,False,False,False,True,False,False,1,1.0,True
-51.899297,546,1185.485732,False,False,False,False,False,True,False,False,1,1.0,True
-59.48425,433,1192.704315,False,False,False,False,False,True,False,False,1,1.0,True
-9.955541,572,1202.527378,False,False,False,False,False,True,False,False,1,1.0,True
-32.528841,351,1208.3768,False,False,False,False,False,True,False,False,1,1.0,True
-24.201646,598,1222.521503,False,False,False,False,False,True,False,False,1,1.0,True
-10.105788,471,1230.3803,False,False,False,False,False,True,False,False,1,1.0,True
-12.612113,541,1240.15496,False,False,False,False,False,True,False,False,1,1.0,True
-12.202103,320,1245.788107,False,False,False,False,False,True,False,False,1,1.0,True
-11.429436,287,1250.626666,False,False,False,False,False,True,False,False,1,1.0,True
-27.291974,294,1255.528982,False,False,False,False,False,True,False,False,1,1.0,True
-11.582292,378,1262.261901,False,False,False,False,False,True,False,False,1,1.0,True
-30.648683,578,1272.389754,False,False,False,False,False,True,False,False,1,1.0,True
-18.751074,262,1276.844296,False,False,False,False,False,True,False,False,1,1.0,True
-12.20083,357,1282.788266,False,False,False,False,False,True,False,False,1,1.0,True
-10.550792,624,1293.159898,False,False,False,False,False,True,False,False,1,1.0,True
-27.115436,499,1301.672222,False,False,False,False,False,True,False,False,1,1.0,True
-50.54884,579,1311.07913,False,False,False,False,False,True,False,False,1,1.0,True
-15.75471,186,1314.072222,False,False,False,False,False,True,False,False,1,1.0,True
-29.143836,366,1320.094257,False,False,False,False,False,True,False,False,1,1.0,True
-19.652125,331,1325.816735,False,False,False,False,False,True,False,False,1,1.0,True
-10.885239,467,1333.136689,False,False,False,False,False,True,False,False,1,1.0,True
-26.396737,343,1338.826239,False,False,False,False,False,True,False,False,1,1.0,True
-23.410769,357,1344.662232,False,False,False,False,False,True,False,False,1,1.0,True
-52.779881,421,1351.921698,False,False,False,False,False,True,False,False,1,1.0,True
-17.360082,412,1359.308299,False,False,False,False,False,True,False,False,1,1.0,True
-38.069051,227,1363.297309,False,False,False,False,False,True,False,False,1,1.0,True
-34.612098,351,1369.445055,False,False,False,False,False,True,False,False,1,1.0,True
-14.847214,309,1374.819248,False,False,False,False,False,True,False,False,1,1.0,True
-10.083243,542,1384.015697,False,False,False,False,False,True,False,False,1,1.0,True
-22.854108,257,1388.353602,False,False,False,False,False,True,False,False,1,1.0,True
-17.98625,304,1393.277276,False,False,False,False,False,True,False,False,1,1.0,True
-15.314724,130,1395.245084,False,False,False,False,False,True,False,False,1,1.0,True
-16.690009,101,1396.912495,False,False,False,False,False,True,False,False,1,1.0,True
-38.016062,156,1399.592837,False,False,False,False,False,True,False,False,1,1.0,True
-27.848729,242,1403.85937,False,False,False,False,False,True,False,False,1,1.0,True
-20.671128,183,1406.926277,False,False,False,False,False,True,False,False,1,1.0,True
-12.35816,228,1410.756281,False,False,False,False,False,True,False,False,1,1.0,True
-11.915358,242,1414.713453,False,False,False,False,False,True,False,False,1,1.0,True
-12.772902,220,1418.366559,False,False,False,False,False,True,False,False,1,1.0,True
-13.072983,223,1422.291203,False,False,False,False,False,True,False,False,1,1.0,True
-13.002352,204,1425.799131,False,False,False,False,False,True,False,False,1,1.0,True
-12.731031,154,1428.558939,False,False,False,False,False,True,False,False,1,1.0,True
-19.45982,126,1430.705612,False,False,False,False,False,True,False,False,1,1.0,True
-13.697764,200,1434.038356,False,False,False,False,False,True,False,False,1,1.0,True
-11.521577,292,1438.03671,False,False,False,False,False,True,False,False,1,1.0,True
-89.207009,726,1448.447538,False,False,False,False,False,True,False,False,1,1.0,True
-30.242856,147,1450.45172,False,False,False,False,False,True,False,False,1,1.0,True
-12.91195,181,1452.858783,False,False,False,False,False,True,False,False,1,1.0,True
-12.647595,233,1456.026242,False,False,False,False,False,True,False,False,1,1.0,True
-15.366376,161,1458.353203,False,False,False,False,False,True,False,False,1,1.0,True
-12.617304,185,1460.894455,False,False,False,False,False,True,False,False,1,1.0,True
-15.146429,318,1465.52893,False,False,False,False,False,True,False,False,1,1.0,True
-13.445592,353,1470.452663,False,False,False,False,False,True,False,False,1,1.0,True
-28.237693,295,1475.791081,False,False,False,False,False,True,False,False,1,1.0,True
-30.842499,188,1479.153108,False,False,False,False,False,True,False,False,1,1.0,True
-22.141746,130,1481.347825,False,False,False,False,False,True,False,False,1,1.0,True
-14.680237,239,1485.580631,False,False,False,False,False,True,False,False,1,1.0,True
-24.841314,197,1489.128146,False,False,False,False,False,True,False,False,1,1.0,True
-32.929277,476,1497.144545,False,False,False,False,False,True,False,False,1,1.0,True
-21.380716,182,1500.25285,False,False,False,False,False,True,False,False,1,1.0,True
-13.212724,322,1505.575474,False,False,False,False,False,True,False,False,1,1.0,True
-12.866352,240,1509.509988,False,False,False,False,False,True,False,False,1,1.0,True
-14.571104,237,1513.303352,False,False,False,False,False,True,False,False,1,1.0,True
-17.709319,166,1516.104105,False,False,False,False,False,True,False,False,1,1.0,True
-22.224872,172,1518.960063,False,False,False,False,False,True,False,False,1,1.0,True
-21.927341,109,1520.75452,False,False,False,False,False,True,False,False,1,1.0,True
-19.74945,261,1525.054801,False,False,False,False,False,True,False,False,1,1.0,True
-13.157441,324,1530.378355,False,False,False,False,False,True,False,False,1,1.0,True
-17.858197,137,1532.668513,False,False,False,False,False,True,False,False,1,1.0,True
-22.587944,169,1535.430517,False,False,False,False,False,True,False,False,1,1.0,True
-22.489382,157,1538.122925,False,False,False,False,False,True,False,False,1,1.0,True
-19.03069,260,1542.272723,False,False,False,False,False,True,False,False,1,1.0,True
-14.618146,125,1544.245388,False,False,False,False,False,True,False,False,1,1.0,True
-21.452535,376,1550.602914,False,False,False,False,False,True,False,False,1,1.0,True
-18.202889,274,1555.231577,False,False,False,False,False,True,False,False,1,1.0,True
-187.768538,894,1570.261713,False,False,False,False,False,True,False,False,1,1.0,True
-15.999069,123,1572.443311,False,False,False,False,False,True,False,False,1,1.0,True
-24.570829,149,1574.913441,False,False,False,False,False,True,False,False,1,1.0,True
-15.7196,212,1578.605276,False,False,False,False,False,True,False,False,1,1.0,True
-43.112318,369,1585.004859,False,False,False,False,False,True,False,False,1,1.0,True
-21.224814,224,1588.881441,False,False,False,False,False,True,False,False,1,1.0,True
-12.224908,249,1592.893811,False,False,False,False,False,True,False,False,1,1.0,True
-26.45115,372,1598.822973,False,False,False,False,False,True,False,False,1,1.0,True
-26.049066,621,1609.252153,False,False,False,False,False,True,False,False,1,1.0,True
-13.437818,674,1621.829863,False,False,False,False,False,True,False,False,1,1.0,True
-18.348988,700,1638.161053,False,False,False,False,False,True,False,False,1,1.0,True
-45.613706,247,1642.196187,False,False,False,False,False,True,False,False,1,1.0,True
-15.833113,199,1645.450941,False,False,False,False,False,True,False,False,1,1.0,True
-16.267065,318,1651.005099,False,False,False,False,False,True,False,False,1,1.0,True
-14.103979,403,1657.751388,False,False,False,False,False,True,False,False,1,1.0,True
-31.681562,518,1666.349381,False,False,False,False,False,True,False,False,1,1.0,True
-20.884194,364,1672.544057,False,False,False,False,False,True,False,False,1,1.0,True
-20.900159,232,1676.284282,False,False,False,False,False,True,False,False,1,1.0,True
-14.617833,318,1681.648254,False,False,False,False,False,True,False,False,1,1.0,True
-21.951592,521,1690.502121,False,False,False,False,False,True,False,False,1,1.0,True
-12.387429,327,1695.845678,False,False,False,False,False,True,False,False,1,1.0,True
-18.129832,392,1702.482954,False,False,False,False,False,True,False,False,1,1.0,True
-22.642054,341,1708.332111,False,False,False,False,False,True,False,False,1,1.0,True
-17.834703,386,1714.857173,False,False,False,False,False,True,False,False,1,1.0,True
-10.018322,440,1722.254271,False,False,False,False,False,True,False,False,1,1.0,True
-14.20307,231,1726.192195,False,False,False,False,False,True,False,False,1,1.0,True
-11.218441,391,1732.894158,False,False,False,False,False,True,False,False,1,1.0,True
-15.776258,246,1737.112194,False,False,False,False,False,True,False,False,1,1.0,True
-23.700687,515,1745.816595,False,False,False,False,False,True,False,False,1,1.0,True
-21.281811,280,1750.605875,False,False,False,False,False,True,False,False,1,1.0,True
-8.503201,455,1758.775635,False,False,False,False,False,True,False,False,1,1.0,True
-22.683265,637,1769.933483,False,False,False,False,False,True,False,False,1,1.0,True
-83.23743,602,1780.050323,False,False,False,False,False,True,False,False,1,1.0,True
-17.025675,260,1784.271733,False,False,False,False,False,True,False,False,1,1.0,True
-11.771643,314,1789.551807,False,False,False,False,False,True,False,False,1,1.0,True
-15.081253,214,1793.008647,False,False,False,False,False,True,False,False,1,1.0,True
-15.558834,291,1797.79123,False,False,False,False,False,True,False,False,1,1.0,True
-12.91259,392,1804.106023,False,False,False,False,False,True,False,False,1,1.0,True
-13.296111,693,1815.42011,False,False,False,False,False,True,False,False,1,1.0,True
-15.781918,184,1818.476282,False,False,False,False,False,True,False,False,1,1.0,True
-12.106298,279,1823.12352,False,False,False,False,False,True,False,False,1,1.0,True
-18.587938,278,1827.643578,False,False,False,False,False,True,False,False,1,1.0,True
-13.602025,192,1830.749999,False,False,False,False,False,True,False,False,1,1.0,True
-31.257658,431,1837.995651,False,False,False,False,False,True,False,False,1,1.0,True
-20.515197,642,1848.481524,False,False,False,False,False,True,False,False,1,1.0,True
-33.235612,563,1857.616302,False,False,False,False,False,True,False,False,1,1.0,True
-15.30875,243,1861.669702,False,False,False,False,False,True,False,False,1,1.0,True
-12.748891,332,1867.0653,False,False,False,False,False,True,False,False,1,1.0,True
-15.20812,214,1870.417616,False,False,False,False,False,True,False,False,1,1.0,True
-19.58429,253,1874.463816,False,False,False,False,False,True,False,False,1,1.0,True
-14.196682,212,1877.916192,False,False,False,False,False,True,False,False,1,1.0,True
-40.829148,708,1889.655036,False,False,False,False,False,True,False,False,1,1.0,True
-23.861472,462,1897.475267,False,False,False,False,False,True,False,False,1,1.0,True
-15.909689,383,1903.64987,False,False,False,False,False,True,False,False,1,1.0,True
-23.23812,239,1907.566375,False,False,False,False,False,True,False,False,1,1.0,True
-33.702992,710,1918.9079,False,False,False,False,False,True,False,False,1,1.0,True
-26.36329,189,1922.087322,False,False,False,False,False,True,False,False,1,1.0,True
-35.498339,540,1930.924878,False,False,False,False,False,True,False,False,1,1.0,True
-31.913235,345,1936.744424,False,False,False,False,False,True,False,False,1,1.0,True
-15.681217,226,1940.444293,False,False,False,False,False,True,False,False,1,1.0,True
-38.171264,333,1946.163785,False,False,False,False,False,True,False,False,1,1.0,True
-25.259312,239,1950.583326,False,False,False,False,False,True,False,False,1,1.0,True
-36.679601,395,1957.813062,False,False,False,False,False,True,False,False,1,1.0,True
-45.967565,259,1962.187098,False,False,False,False,False,True,False,False,1,1.0,True
-16.354523,81,1963.489457,False,False,False,False,False,True,False,False,1,1.0,True
-14.730292,194,1966.725645,False,False,False,False,False,True,False,False,1,1.0,True
-13.97246,196,1970.10047,False,False,False,False,False,True,False,False,1,1.0,True
-18.390197,289,1975.187885,False,False,False,False,False,True,False,False,1,1.0,True
-19.007167,177,1978.257833,False,False,False,False,False,True,False,False,1,1.0,True
-13.783869,263,1982.929458,False,False,False,False,False,True,False,False,1,1.0,True
-15.488127,318,1988.741143,False,False,False,False,False,True,False,False,1,1.0,True
-13.558328,182,1991.916952,False,False,False,False,False,True,False,False,1,1.0,True
-15.19315,180,1994.761271,False,False,False,False,False,True,False,False,1,1.0,True
-13.199697,167,1997.692473,False,False,False,False,False,True,False,False,1,1.0,True
-16.622053,154,2000.439861,False,False,False,False,False,True,False,False,1,1.0,True
-15.556118,229,2004.446887,False,False,False,False,False,True,False,False,1,1.0,True
-27.062742,386,2010.806748,False,False,False,False,False,True,False,False,1,1.0,True
-15.481689,305,2015.829349,False,False,False,False,False,True,False,False,1,1.0,True
-20.62152,437,2023.951106,False,False,False,False,False,True,False,False,1,1.0,True
-13.691077,215,2028.139315,False,False,False,False,False,True,False,False,1,1.0,True
-17.150509,279,2033.20931,False,False,False,False,False,True,False,False,1,1.0,True
-24.59005,255,2037.446168,False,False,False,False,False,True,False,False,1,1.0,True
-15.969088,183,2040.486714,False,False,False,False,False,True,False,False,1,1.0,True
-14.553308,304,2045.425999,False,False,False,False,False,True,False,False,1,1.0,True
-14.890628,470,2053.262795,False,False,False,False,False,True,False,False,1,1.0,True
-34.21865,436,2065.165716,False,False,False,False,False,True,False,False,1,1.0,True
-19.578104,218,2068.998211,False,False,False,False,False,True,False,False,1,1.0,True
-12.177164,362,2074.889066,False,False,False,False,False,True,False,False,1,1.0,True
-44.968567,290,2079.852299,False,False,False,False,False,True,False,False,1,1.0,True
-37.392029,505,2088.152233,False,False,False,False,False,True,False,False,1,1.0,True
-36.215943,257,2092.478685,False,False,False,False,False,True,False,False,1,1.0,True
-35.556872,242,2096.5987,False,False,False,False,False,True,False,False,1,1.0,True
-17.429578,362,2102.710111,False,False,False,False,False,True,False,False,1,1.0,True
-34.383642,409,2109.761352,False,False,False,False,False,True,False,False,1,1.0,True
-12.221638,376,2116.035606,False,False,False,False,False,True,False,False,1,1.0,True
-26.80404,421,2123.122212,False,False,False,False,False,True,False,False,1,1.0,True
-14.635562,283,2127.936157,False,False,False,False,False,True,False,False,1,1.0,True
-17.058841,311,2132.906001,False,False,False,False,False,True,False,False,1,1.0,True
-11.612814,502,2141.30414,False,False,False,False,False,True,False,False,1,1.0,True
-15.508181,334,2147.016988,False,False,False,False,False,True,False,False,1,1.0,True
-13.018283,165,2149.684225,False,False,False,False,False,True,False,False,1,1.0,True
-19.503207,318,2154.971075,False,False,False,False,False,True,False,False,1,1.0,True
-17.837231,321,2160.174338,False,False,False,False,False,True,False,False,1,1.0,True
-12.287947,499,2168.654851,False,False,False,False,False,True,False,False,1,1.0,True
-13.300704,377,2174.899036,False,False,False,False,False,True,False,False,1,1.0,True
-9.029207,733,2187.035187,False,False,False,False,False,True,False,False,1,1.0,True
-10.953418,387,2193.480503,False,False,False,False,False,True,False,False,1,1.0,True
-13.84733,142,2195.986768,False,False,False,False,False,True,False,False,1,1.0,True
-20.535657,633,2206.348935,False,False,False,False,False,True,False,False,1,1.0,True
-19.579295,255,2210.486866,False,False,False,False,False,True,False,False,1,1.0,True
-11.933872,377,2216.857046,False,False,False,False,False,True,False,False,1,1.0,True
-28.343312,314,2222.236007,False,False,False,False,False,True,False,False,1,1.0,True
-31.219967,189,2225.380304,False,False,False,False,False,True,False,False,1,1.0,True
-12.881061,331,2230.903148,False,False,False,False,False,True,False,False,1,1.0,True
-15.109508,159,2233.604815,False,False,False,False,False,True,False,False,1,1.0,True
-26.317956,436,2240.879021,False,False,False,False,False,True,False,False,1,1.0,True
-21.027412,587,2250.814073,False,False,False,False,False,True,False,False,1,1.0,True
-15.303251,981,2267.699502,False,False,False,False,False,True,False,False,1,1.0,True
-13.116878,377,2274.161091,False,False,False,False,False,True,False,False,1,1.0,True
-11.622717,403,2281.475122,False,False,False,False,False,True,False,False,1,1.0,True
-19.249529,297,2286.712433,False,False,False,False,False,True,False,False,1,1.0,True
-19.108451,291,2291.768018,False,False,False,False,False,True,False,False,1,1.0,True
-17.239534,601,2301.966745,False,False,False,False,False,True,False,False,1,1.0,True
-13.793296,241,2306.038213,False,False,False,False,False,True,False,False,1,1.0,True
-12.320249,820,2320.000217,False,False,False,False,False,True,False,False,1,1.0,True
-25.716763,524,2329.064404,False,False,False,False,False,True,False,False,1,1.0,True
-19.636035,454,2337.00278,False,False,False,False,False,True,False,False,1,1.0,True
-10.93165,700,2349.073152,False,False,False,False,False,True,False,False,1,1.0,True
-13.165102,607,2359.552552,False,False,False,False,False,True,False,False,1,1.0,True
-30.018745,483,2367.648096,False,False,False,False,False,True,False,False,1,1.0,True
-9.798996,539,2376.688928,False,False,False,False,False,True,False,False,1,1.0,True
-28.481185,368,2382.828882,False,False,False,False,False,True,False,False,1,1.0,True
-13.110015,374,2389.133463,False,False,False,False,False,True,False,False,1,1.0,True
-5.28947,1454,2413.092563,False,False,False,False,False,True,False,False,1,1.0,True
-21.583629,525,2422.344734,False,False,False,False,False,True,False,False,1,1.0,True
-39.554491,1084,2441.120396,False,False,False,False,False,True,False,False,1,1.0,True
-9.732266,574,2450.610673,False,False,False,False,False,True,False,False,1,1.0,True
-33.490545,307,2455.861415,False,False,False,False,False,True,False,False,1,1.0,True
-11.874084,558,2465.380256,False,False,False,False,False,True,False,False,1,1.0,True
-11.148639,326,2470.972246,False,False,False,False,False,True,False,False,1,1.0,True
-13.217806,389,2477.755043,False,False,False,False,False,True,False,False,1,1.0,True
-12.81826,719,2494.091428,False,False,False,False,False,True,False,False,1,1.0,True
-12.592255,667,2505.311797,False,False,False,False,False,True,False,False,1,1.0,True
-10.532202,747,2517.928995,False,False,False,False,False,True,False,False,1,1.0,True
-28.490395,422,2524.738158,False,False,False,False,False,True,False,False,1,1.0,True
-12.448179,438,2532.191155,False,False,False,False,False,True,False,False,1,1.0,True
-11.519524,1077,2550.769205,False,False,False,False,False,True,False,False,1,1.0,True
-11.4751,477,2558.800662,False,False,False,False,False,True,False,False,1,1.0,True
-34.237393,1069,2576.945582,False,False,False,False,False,True,False,False,1,1.0,True
-8.68249,593,2587.023725,False,False,False,False,False,True,False,False,1,1.0,True
-25.541866,669,2598.743909,False,False,False,False,False,True,False,False,1,1.0,True
-18.702858,622,2609.328218,False,False,False,False,False,True,False,False,1,1.0,True
-39.902282,531,2618.693037,False,False,False,False,False,True,False,False,1,1.0,True
-13.637969,1339,2641.384107,False,False,False,False,False,True,False,False,1,1.0,True
-9.287991,610,2651.413118,False,False,False,False,False,True,False,False,1,1.0,True
-14.505782,1001,2664.822754,False,False,False,False,False,True,False,False,1,1.0,True
-17.416286,206,2667.811029,False,False,False,False,False,True,False,False,1,1.0,True
-18.838303,308,2671.730164,False,False,False,False,False,True,False,False,1,1.0,True
-19.362992,547,2679.183814,False,False,False,False,False,True,False,False,1,1.0,True
-14.712513,443,2685.29806,False,False,False,False,False,True,False,False,1,1.0,True
-9.463736,1202,2701.499165,False,False,False,False,False,True,False,False,1,1.0,True
-21.753178,1062,2715.985593,False,False,False,False,False,True,False,False,1,1.0,True
-16.62487,313,2720.43581,False,False,False,False,False,True,False,False,1,1.0,True
-42.860611,1393,2739.461667,False,False,False,False,False,True,False,False,1,1.0,True
-16.557703,320,2743.573443,False,False,False,False,False,True,False,False,1,1.0,True
-28.059345,1147,2758.85479,False,False,False,False,False,True,False,False,1,1.0,True
14.444567,2000,2786.014158,False,False,True,False,False,False,False,True,1,1.0,True
-20.776156,386,2791.095229,False,False,False,False,False,True,False,False,1,1.0,True
-15.93759,483,2797.928489,False,False,False,False,False,True,False,False,1,1.0,True
15.887116,2000,2825.053681,False,False,True,False,False,False,False,True,1,1.0,True
11.086582,2000,2852.712976,False,False,True,False,False,False,False,True,1,1.0,True
-5.199723,1279,2872.570581,False,False,False,False,False,True,False,False,1,1.0,True
-9.904259,865,2884.088653,False,False,False,False,False,True,False,False,1,1.0,True
-6.747978,1125,2900.045554,False,False,False,False,False,True,False,False,1,1.0,True
-16.624325,323,2904.981612,False,False,False,False,False,True,False,False,1,1.0,True
13.684278,2000,2932.094681,False,False,True,False,False,False,False,True,1,1.0,True
-3.621091,1543,2953.04441,False,False,False,False,False,True,False,False,1,1.0,True
10.142116,2000,2979.221622,False,False,True,False,False,False,False,True,1,1.0,True
-5.938754,2000,3005.97397,False,False,True,False,False,False,False,True,1,1.0,True
-3.856957,1416,3025.11479,False,False,False,False,False,True,False,False,1,1.0,True
-27.731086,1985,3051.033788,False,False,False,False,False,True,False,False,1,1.0,True
-6.399904,1290,3068.215821,False,False,False,False,False,True,False,False,1,1.0,True
-2.864803,1948,3093.577229,False,False,False,False,False,True,False,False,1,1.0,True
-12.305261,1462,3113.317435,False,False,False,False,False,True,False,False,1,1.0,True
-14.635784,258,3116.578185,False,False,False,False,False,True,False,False,1,1.0,True
-14.313018,271,3119.904125,False,False,False,False,False,True,False,False,1,1.0,True
-7.490982,809,3131.174249,False,False,False,False,False,True,False,False,1,1.0,True
-16.101508,302,3135.352876,False,False,False,False,False,True,False,False,1,1.0,True
-11.87323,402,3141.001257,False,False,False,False,False,True,False,False,1,1.0,True
-17.000691,359,3145.513276,False,False,False,False,False,True,False,False,1,1.0,True
-13.883306,405,3150.911633,False,False,False,False,False,True,False,False,1,1.0,True
-12.916089,852,3161.695868,False,False,False,False,False,True,False,False,1,1.0,True
-16.203835,179,3164.042901,False,False,False,False,False,True,False,False,1,1.0,True
11.630476,2000,3190.589931,False,False,True,False,False,False,False,True,1,1.0,True
-16.66029,286,3194.356945,False,False,False,False,False,True,False,False,1,1.0,True
-9.89292,677,3313.67045,False,False,False,False,False,True,False,False,1,1.0,True
-10.117461,467,3319.833787,False,False,False,False,False,True,False,False,1,1.0,True
-20.589907,451,3325.795512,False,False,False,False,False,True,False,False,1,1.0,True
15.303252,2000,3351.581909,False,False,True,False,False,False,False,True,1,1.0,True
-14.544407,343,3355.967634,False,False,False,False,False,True,False,False,1,1.0,True
-17.864739,444,3361.861001,False,False,False,False,False,True,False,False,1,1.0,True
-13.810259,198,3364.49386,False,False,False,False,False,True,False,False,1,1.0,True
-14.604381,400,3369.622138,False,False,False,False,False,True,False,False,1,1.0,True
-11.440222,519,3376.415596,False,False,False,False,False,True,False,False,1,1.0,True
-13.686634,223,3379.290334,False,False,False,False,False,True,False,False,1,1.0,True
-12.01364,447,3385.622792,False,False,False,False,False,True,False,False,1,1.0,True
-14.746869,384,3390.567003,False,False,False,False,False,True,False,False,1,1.0,True
-51.058305,1753,3414.081979,False,False,False,False,False,True,False,False,1,1.0,True
-8.792805,1084,3428.721949,False,False,False,False,False,True,False,False,1,1.0,True
-12.173635,339,3433.238738,False,False,False,False,False,True,False,False,1,1.0,True
-11.716524,1384,3451.883978,False,False,False,False,False,True,False,False,1,1.0,True
-9.523071,525,3458.676094,False,False,False,False,False,True,False,False,1,1.0,True
-7.564719,970,3471.521876,False,False,False,False,False,True,False,False,1,1.0,True
-44.986911,178,3473.931042,False,False,False,False,False,True,False,False,1,1.0,True
-15.012709,769,3483.997845,False,False,False,False,False,True,False,False,1,1.0,True
-6.871036,892,3496.197109,False,False,False,False,False,True,False,False,1,1.0,True
-15.013788,388,3501.285717,False,False,False,False,False,True,False,False,1,1.0,True
-16.597061,280,3505.402093,False,False,False,False,False,True,False,False,1,1.0,True
-22.641603,239,3508.552492,False,False,False,False,False,True,False,False,1,1.0,True
-13.650122,434,3514.489765,False,False,False,False,False,True,False,False,1,1.0,True
-11.786225,409,3520.090037,False,False,False,False,False,True,False,False,1,1.0,True
-13.871086,1132,3535.412829,False,False,False,False,False,True,False,False,1,1.0,True
-21.31059,515,3542.27588,False,False,False,False,False,True,False,False,1,1.0,True
-10.749183,646,3550.727211,False,False,False,False,False,True,False,False,1,1.0,True
-2.447285,1900,3576.014611,False,False,False,False,False,True,False,False,1,1.0,True
-7.247571,1573,3597.195917,False,False,False,False,False,True,False,False,1,1.0,True
-9.570352,668,3605.997097,False,False,False,False,False,True,False,False,1,1.0,True
-15.402613,277,3609.717526,False,False,False,False,False,True,False,False,1,1.0,True
-12.156851,363,3614.341935,False,False,False,False,False,True,False,False,1,1.0,True
-13.649814,287,3617.967164,False,False,False,False,False,True,False,False,1,1.0,True
-12.057383,873,3629.791603,False,False,False,False,False,True,False,False,1,1.0,True
-25.618773,348,3634.682275,False,False,False,False,False,True,False,False,1,1.0,True
-13.419838,224,3637.602091,False,False,False,False,False,True,False,False,1,1.0,True
-13.00272,209,3640.545835,False,False,False,False,False,True,False,False,1,1.0,True
-32.265166,596,3651.487677,False,False,False,False,False,True,False,False,1,1.0,True
-12.813815,170,3653.876042,False,False,False,False,False,True,False,False,1,1.0,True
-9.02782,1058,3667.978913,False,False,False,False,False,True,False,False,1,1.0,True
-13.793054,1168,3683.818591,False,False,False,False,False,True,False,False,1,1.0,True
-12.177465,284,3687.674409,False,False,False,False,False,True,False,False,1,1.0,True
-13.973537,285,3691.443611,False,False,False,False,False,True,False,False,1,1.0,True
-12.357903,298,3695.95545,False,False,False,False,False,True,False,False,1,1.0,True
-11.260417,588,3703.896477,False,False,False,False,False,True,False,False,1,1.0,True
-14.310454,194,3706.581566,False,False,False,False,False,True,False,False,1,1.0,True
-12.601996,274,3710.346706,False,False,False,False,False,True,False,False,1,1.0,True
-10.014719,752,3720.806087,False,False,False,False,False,True,False,False,1,1.0,True
-13.61478,370,3725.64818,False,False,False,False,False,True,False,False,1,1.0,True
-10.932656,689,3735.040534,False,False,False,False,False,True,False,False,1,1.0,True
-10.584298,774,3745.58744,False,False,False,False,False,True,False,False,1,1.0,True
-12.79228,644,3754.029899,False,False,False,False,False,True,False,False,1,1.0,True
-16.691851,356,3758.735835,False,False,False,False,False,True,False,False,1,1.0,True
-11.603141,383,3763.913522,False,False,False,False,False,True,False,False,1,1.0,True
-8.841463,1314,3781.64482,False,False,False,False,False,True,False,False,1,1.0,True
-11.92214,534,3789.23164,False,False,False,False,False,True,False,False,1,1.0,True
-10.969308,686,3798.50663,False,False,False,False,False,True,False,False,1,1.0,True
-12.715602,625,3806.837629,False,False,False,False,False,True,False,False,1,1.0,True
-71.136007,434,3812.73093,False,False,False,False,False,True,False,False,1,1.0,True
-16.412238,557,3820.438797,False,False,False,False,False,True,False,False,1,1.0,True
-10.319261,516,3827.484692,False,False,False,False,False,True,False,False,1,1.0,True
-18.520323,212,3830.206937,False,False,False,False,False,True,False,False,1,1.0,True
-13.036164,717,3840.006046,False,False,False,False,False,True,False,False,1,1.0,True
-10.272597,373,3844.999968,False,False,False,False,False,True,False,False,1,1.0,True
-15.498888,236,3848.117476,False,False,False,False,False,True,False,False,1,1.0,True
-12.715123,1043,3862.134484,False,False,False,False,False,True,False,False,1,1.0,True
-13.999542,392,3867.644108,False,False,False,False,False,True,False,False,1,1.0,True
-13.340044,604,3876.036779,False,False,False,False,False,True,False,False,1,1.0,True
-13.543633,171,3878.302169,False,False,False,False,False,True,False,False,1,1.0,True
-14.742755,1865,3903.851474,False,False,False,False,False,True,False,False,1,1.0,True
-50.469054,418,3909.373921,False,False,False,False,False,True,False,False,1,1.0,True
-13.414674,186,3911.923231,False,False,False,False,False,True,False,False,1,1.0,True
-32.488097,1101,3927.137711,False,False,False,False,False,True,False,False,1,1.0,True
-7.470199,971,3940.211109,False,False,False,False,False,True,False,False,1,1.0,True
-8.996521,1421,3959.300932,False,False,False,False,False,True,False,False,1,1.0,True
-13.163877,1239,3976.622242,False,False,False,False,False,True,False,False,1,1.0,True
-18.098589,215,3979.39342,False,False,False,False,False,True,False,False,1,1.0,True
-22.532739,273,3983.047395,False,False,False,False,False,True,False,False,1,1.0,True
-13.847437,165,4122.228134,False,False,False,False,False,True,False,False,1,1.0,True
-26.202723,255,4125.679863,False,False,False,False,False,True,False,False,1,1.0,True
-20.859183,665,4134.256974,False,False,False,False,False,True,False,False,1,1.0,True
-10.073294,991,4147.431434,False,False,False,False,False,True,False,False,1,1.0,True
-33.142907,336,4152.044026,False,False,False,False,False,True,False,False,1,1.0,True
-15.328781,246,4155.424585,False,False,False,False,False,True,False,False,1,1.0,True
-9.88227,664,4164.373704,False,False,False,False,False,True,False,False,1,1.0,True
-25.812858,182,4166.77589,False,False,False,False,False,True,False,False,1,1.0,True
-9.219453,776,4177.560719,False,False,False,False,False,True,False,False,1,1.0,True
-13.53994,257,4180.882728,False,False,False,False,False,True,False,False,1,1.0,True
-17.009932,1491,4200.641541,False,False,False,False,False,True,False,False,1,1.0,True
8.205077,2000,4227.824145,False,False,True,False,False,False,False,True,1,1.0,True
-14.603784,1690,4250.255071,False,False,False,False,False,True,False,False,1,1.0,True
-13.966784,215,4253.15439,False,False,False,False,False,True,False,False,1,1.0,True
-25.494404,333,4257.748971,False,False,False,False,False,True,False,False,1,1.0,True
-14.795436,920,4270.030114,False,False,False,False,False,True,False,False,1,1.0,True
-14.71891,960,4283.042574,False,False,False,False,False,True,False,False,1,1.0,True
-7.734912,739,4292.655867,False,False,False,False,False,True,False,False,1,1.0,True
-16.663319,911,4304.744375,False,False,False,False,False,True,False,False,1,1.0,True
-10.759326,1758,4328.101756,False,False,False,False,False,True,False,False,1,1.0,True
8.645017,2000,4354.592207,False,False,True,False,False,False,False,True,1,1.0,True
-9.058345,1244,4371.348436,False,False,False,False,False,True,False,False,1,1.0,True
-12.348595,1337,4389.441734,False,False,False,False,False,True,False,False,1,1.0,True
-8.3299,1865,4414.113475,False,False,False,False,False,True,False,False,1,1.0,True
-8.639514,1930,4439.556298,False,False,False,False,False,True,False,False,1,1.0,True
-8.321842,1547,4463.606556,False,False,False,False,False,True,False,False,1,1.0,True
-9.595764,783,4474.059926,False,False,False,False,False,True,False,False,1,1.0,True
24.845063,1215,4490.117767,True,False,True,False,False,False,False,False,1,1.0,True
-31.589743,1089,4504.698264,False,False,False,False,False,True,False,False,1,1.0,True
-10.233765,1836,4529.60107,False,False,False,False,False,True,False,False,1,1.0,True
-11.28321,1033,4543.817811,False,False,False,False,False,True,False,False,1,1.0,True
-10.367428,1201,4560.41411,False,False,False,False,False,True,False,False,1,1.0,True
-14.022883,237,4563.564248,False,False,False,False,False,True,False,False,1,1.0,True
-11.657382,1523,4584.00092,False,False,False,False,False,True,False,False,1,1.0,True
-13.5131,152,4586.034468,False,False,False,False,False,True,False,False,1,1.0,True
-16.689807,322,4590.270819,False,False,False,False,False,True,False,False,1,1.0,True
-14.46186,352,4594.945567,False,False,False,False,False,True,False,False,1,1.0,True
-11.766814,1172,4610.405844,False,False,False,False,False,True,False,False,1,1.0,True
-17.428837,220,4613.518427,False,False,False,False,False,True,False,False,1,1.0,True
-9.177754,970,4626.576468,False,False,False,False,False,True,False,False,1,1.0,True
-12.973648,1018,4640.060257,False,False,False,False,False,True,False,False,1,1.0,True
-13.542964,351,4644.926911,False,False,False,False,False,True,False,False,1,1.0,True
-11.136099,552,4652.531762,False,False,False,False,False,True,False,False,1,1.0,True
10.053114,2000,4679.55347,False,False,True,False,False,False,False,True,1,1.0,True
-17.473897,299,4683.615379,False,False,False,False,False,True,False,False,1,1.0,True
-15.010979,1081,4698.758293,False,False,False,False,False,True,False,False,1,1.0,True
-14.901583,1014,4712.461073,False,False,False,False,False,True,False,False,1,1.0,True
-15.461475,266,4715.992569,False,False,False,False,False,True,False,False,1,1.0,True
24.78975,1464,4735.277457,True,False,True,False,False,False,False,False,1,1.0,True
-11.104766,1168,4751.138581,False,False,False,False,False,True,False,False,1,1.0,True
-14.016705,334,4755.635962,False,False,False,False,False,True,False,False,1,1.0,True
-15.107367,259,4758.959641,False,False,False,False,False,True,False,False,1,1.0,True
-11.134405,977,4772.239515,False,False,False,False,False,True,False,False,1,1.0,True
-12.962831,1144,4787.576698,False,False,False,False,False,True,False,False,1,1.0,True
-15.645193,240,4790.870399,False,False,False,False,False,True,False,False,1,1.0,True
-26.206917,839,4909.79316,False,False,False,False,False,True,False,False,1,1.0,True
-29.862555,366,4914.573768,False,False,False,False,False,True,False,False,1,1.0,True
-15.664828,269,4918.103526,False,False,False,False,False,True,False,False,1,1.0,True
-23.129628,1841,4942.754476,False,False,False,False,False,True,False,False,1,1.0,True
-35.628346,1262,4959.317894,False,False,False,False,False,True,False,False,1,1.0,True
-15.755218,1173,4975.039128,False,False,False,False,False,True,False,False,1,1.0,True
-35.608086,257,4978.553217,False,False,False,False,False,True,False,False,1,1.0,True
-12.191936,978,4991.806419,False,False,False,False,False,True,False,False,1,1.0,True
-19.632739,249,4995.293266,False,False,False,False,False,True,False,False,1,1.0,True
-12.451652,1571,5016.254904,False,False,False,False,False,True,False,False,1,1.0,True
-20.793658,1012,5029.830812,False,False,False,False,False,True,False,False,1,1.0,True
-7.078039,1398,5048.41804,False,False,False,False,False,True,False,False,1,1.0,True
-10.130069,780,5059.060166,False,False,False,False,False,True,False,False,1,1.0,True
-28.548754,1321,5076.918357,False,False,False,False,False,True,False,False,1,1.0,True
-13.019522,664,5085.862045,False,False,False,False,False,True,False,False,1,1.0,True
-11.551351,447,5091.541931,False,False,False,False,False,True,False,False,1,1.0,True
-12.377366,1533,5111.685045,False,False,False,False,False,True,False,False,1,1.0,True
-13.016574,203,5114.6762,False,False,False,False,False,True,False,False,1,1.0,True
-12.465747,927,5126.730897,False,False,False,False,False,True,False,False,1,1.0,True
-11.545316,1153,5142.311464,False,False,False,False,False,True,False,False,1,1.0,True
-12.540459,787,5152.827753,False,False,False,False,False,True,False,False,1,1.0,True
-9.50788,1447,5172.017552,False,False,False,False,False,True,False,False,1,1.0,True
-16.654754,412,5177.519512,False,False,False,False,False,True,False,False,1,1.0,True
-13.072683,341,5181.962979,False,False,False,False,False,True,False,False,1,1.0,True
-11.495106,528,5189.076887,False,False,False,False,False,True,False,False,1,1.0,True
-20.656773,760,5199.347062,False,False,False,False,False,True,False,False,1,1.0,True
-8.771351,797,5209.99978,False,False,False,False,False,True,False,False,1,1.0,True
-12.740318,553,5217.365516,False,False,False,False,False,True,False,False,1,1.0,True
-13.234343,541,5224.668087,False,False,False,False,False,True,False,False,1,1.0,True
-6.70021,825,5235.861512,False,False,False,False,False,True,False,False,1,1.0,True
-10.840014,1787,5263.287416,False,False,False,False,False,True,False,False,1,1.0,True
-6.888867,1885,5288.262895,False,False,False,False,False,True,False,False,1,1.0,True
-4.620415,1426,5307.339309,False,False,False,False,False,True,False,False,1,1.0,True
-34.221523,157,5309.490282,False,False,False,False,False,True,False,False,1,1.0,True
-43.253907,1557,5330.912183,False,False,True,False,False,False,True,False,1,1.0,True
-15.265803,536,5338.387783,False,False,False,False,False,True,False,False,1,1.0,True
-15.003891,522,5345.259631,False,False,False,False,False,True,False,False,1,1.0,True
-9.152127,1222,5361.461874,False,False,False,False,False,True,False,False,1,1.0,True
-20.294311,173,5363.856814,False,False,False,False,False,True,False,False,1,1.0,True
-10.397645,1036,5377.857406,False,False,False,False,False,True,False,False,1,1.0,True
-15.959949,422,5384.987402,False,False,False,False,False,True,False,False,1,1.0,True
-8.340511,681,5398.029655,False,False,False,False,False,True,False,False,1,1.0,True
-12.79401,597,5408.197443,False,False,False,False,False,True,False,False,1,1.0,True
12.517228,2000,5444.407657,False,False,True,False,False,False,False,True,1,1.0,True
7.658772,2000,5485.514618,False,False,True,False,False,False,False,True,1,1.0,True
-6.803275,919,5502.97177,False,False,False,False,False,True,False,False,1,1.0,True
-10.67714,1692,5533.650608,False,False,False,False,False,True,False,False,1,1.0,True
-12.608151,817,5548.475873,False,False,False,False,False,True,False,False,1,1.0,True
-14.098715,936,5564.889393,False,False,False,False,False,True,False,False,1,1.0,True
-17.424372,790,5578.876536,False,False,False,False,False,True,False,False,1,1.0,True
-11.740256,513,5588.833621,False,False,False,False,False,True,False,False,1,1.0,True
-14.2999,296,5594.44009,False,False,False,False,False,True,False,False,1,1.0,True
-11.805922,363,5600.757615,False,False,False,False,False,True,False,False,1,1.0,True
-32.710154,700,5613.019758,False,False,False,False,False,True,False,False,1,1.0,True
-14.21563,395,5620.091173,False,False,False,False,False,True,False,False,1,1.0,True
-11.148699,1743,5920.855022,False,False,False,False,False,True,False,False,1,1.0,True
-13.364773,665,5931.877334,False,False,False,False,False,True,False,False,1,1.0,True
-7.75912,1324,5952.64847,False,False,False,False,False,True,False,False,1,1.0,True
-13.246515,305,5957.470471,False,False,False,False,False,True,False,False,1,1.0,True
-8.986405,1559,5981.842061,False,False,False,False,False,True,False,False,1,1.0,True
-20.636604,486,5989.355378,False,False,False,False,False,True,False,False,1,1.0,True
-13.554794,308,5994.760533,False,False,False,False,False,True,False,False,1,1.0,True
10.436307,2000,6028.549784,False,False,True,False,False,False,False,True,1,1.0,True
-7.446228,1742,6058.384064,False,False,False,False,False,True,False,False,1,1.0,True
-13.479748,171,6062.173266,False,False,False,False,False,True,False,False,1,1.0,True
-13.843361,398,6071.171187,False,False,False,False,False,True,False,False,1,1.0,True
-13.583061,276,6076.908737,False,False,False,False,False,True,False,False,1,1.0,True
-17.813886,306,6084.204143,False,False,False,False,False,True,False,False,1,1.0,True
-9.444238,1068,6102.651254,False,False,False,False,False,True,False,False,1,1.0,True
-11.016488,1626,6129.631795,False,False,False,False,False,True,False,False,1,1.0,True
-13.256331,255,6133.830141,False,False,False,False,False,True,False,False,1,1.0,True
-8.390859,1379,6156.447545,False,False,False,False,False,True,False,False,1,1.0,True
-2.946529,1385,6178.859331,False,False,False,False,False,True,False,False,1,1.0,True
10.967319,2000,6212.403888,False,False,True,False,False,False,False,True,1,1.0,True
-1.443309,1870,6244.505927,False,False,False,False,False,True,False,False,1,1.0,True
11.329677,2000,6278.694881,False,False,True,False,False,False,False,True,1,1.0,True
-42.013356,692,6290.483761,False,False,False,False,False,True,False,False,1,1.0,True
-15.233527,523,6299.178291,False,False,False,False,False,True,False,False,1,1.0,True
-35.06292,556,6308.334035,False,False,False,False,False,True,False,False,1,1.0,True
8.152013,2000,6340.998741,False,False,True,False,False,False,False,True,1,1.0,True
12.776496,2000,6377.743349,False,False,True,False,False,False,False,True,1,1.0,True
-15.158846,319,6382.802857,False,False,False,False,False,True,False,False,1,1.0,True
-26.292516,478,6390.563873,False,False,False,False,False,True,False,False,1,1.0,True
-14.081617,641,6400.688009,False,False,False,False,False,True,False,False,1,1.0,True
7.552976,2000,6432.9361,False,False,True,False,False,False,False,True,1,1.0,True
-15.624042,436,6440.030788,False,False,False,False,False,True,False,False,1,1.0,True
10.426177,2000,6473.762075,False,False,True,False,False,False,False,True,1,1.0,True
-13.142861,577,6483.408062,False,False,False,False,False,True,False,False,1,1.0,True
-11.624274,2000,6516.966093,False,False,True,False,False,False,False,True,1,1.0,True
-9.447301,1553,6544.654902,False,False,False,False,False,True,False,False,1,1.0,True
-9.866901,494,6553.216811,False,False,False,False,False,True,False,False,1,1.0,True
-34.381427,524,6562.120016,False,False,False,False,False,True,False,False,1,1.0,True
-41.828803,267,6566.602211,False,False,False,False,False,True,False,False,1,1.0,True
-17.363247,115,6568.614388,False,False,False,False,False,True,False,False,1,1.0,True
-12.234571,343,6574.250957,False,False,False,False,False,True,False,False,1,1.0,True
-10.324192,641,6585.194321,False,False,False,False,False,True,False,False,1,1.0,True
-11.515181,1054,6603.294081,False,False,False,False,False,True,False,False,1,1.0,True
-8.197149,646,6614.791375,False,False,False,False,False,True,False,False,1,1.0,True
8.185403,2000,6651.447684,False,False,True,False,False,False,False,True,1,1.0,True
-13.397406,448,6659.999323,False,False,False,False,False,True,False,False,1,1.0,True
-20.587001,639,6671.356947,False,False,False,False,False,True,False,False,1,1.0,True
-17.931892,377,6677.771082,False,False,False,False,False,True,False,False,1,1.0,True
-30.209178,1838,6710.787564,False,False,False,False,False,True,False,False,1,1.0,True
-22.601765,866,6726.28437,False,False,False,False,False,True,False,False,1,1.0,True
27.844132,1429,6751.684599,True,False,True,False,False,False,False,False,1,1.0,True
-37.502615,412,6758.778661,False,False,False,False,False,True,False,False,1,1.0,True
