#{"t_start": 1786681442.674876, "env_id": "None"}
r,l,t,completed,gate_reached,constraint_success,distance_failure,time_failure,mission_phase,phase1_curriculum_difficulty,phase1_curriculum_full_sample
4.840043,10,3.212854,True,True,True,False,False,0,0.0,False
-32.255914,570,6.099162,False,False,True,False,False,0,0.0,False
4.814223,13,6.173656,True,True,True,False,False,0,0.0,False
-32.121611,602,9.745025,False,False,True,False,False,0,0.0,False
4.743128,17,9.87802,True,True,True,False,False,0,0.0,False
4.971938,7,9.936625,True,True,True,False,False,0,0.0,False
4.949679,11,10.004041,True,True,True,False,False,0,0.0,False
-35.640174,817,14.226138,False,False,True,False,False,0,0.0,False
-36.439611,778,19.094046,False,False,True,False,False,0,0.0,False
-32.262635,677,22.530257,False,False,True,False,False,0,0.0,False
-35.003358,737,26.631824,False,False,True,False,False,0,0.0,False
4.88366,16,26.719872,True,True,True,False,False,0,0.0,False
4.794338,11,26.785793,True,True,True,False,False,0,0.0,False
-35.761579,759,31.202059,False,False,True,False,False,0,0.0,False
-30.448708,511,37.603053,False,False,True,False,False,0,0.0,False
4.81037,10,37.75807,True,True,True,False,False,0,0.0,False
4.829376,10,37.885358,True,True,True,False,False,0,0.0,False
4.717675,12,38.033183,True,True,True,False,False,0,0.0,False
4.582943,14,38.208845,True,True,True,False,False,0,0.0,False
4.775929,12,38.350615,True,True,True,False,False,0,0.0,False
4.610116,13,38.53535,True,True,True,False,False,0,0.0,False
4.777303,10,38.649641,True,True,True,False,False,0,0.0,False
4.844815,7,38.748047,True,True,True,False,False,0,0.0,False
4.890778,9,38.871015,True,True,True,False,False,0,0.0,False
4.615023,11,38.997891,True,True,True,False,False,0,0.0,False
4.777986,8,39.110344,True,True,True,False,False,0,0.0,False
4.707841,10,39.276915,True,True,True,False,False,0,0.0,False
4.808226,6,39.337303,True,True,True,False,False,0,0.0,False
4.499882,12,39.48535,True,True,True,False,False,0,0.0,False
4.850395,7,39.567288,True,True,True,False,False,0,0.0,False
4.522987,12,39.698569,True,True,True,False,False,0,0.0,False
4.65717,10,39.846503,True,True,True,False,False,0,0.0,False
4.656113,10,39.96452,True,True,True,False,False,0,0.0,False
-33.046143,568,46.394732,False,False,True,False,False,0,0.005,False
-31.668397,566,52.88613,False,False,True,True,False,0,0.005,False
4.505317,10,53.002477,True,True,True,False,False,0,0.005,False
-26.079759,340,56.746858,False,False,True,False,False,0,0.005,False
-28.207865,419,61.616474,False,False,True,False,False,0,0.005,False
4.517477,13,61.787242,True,True,True,False,False,0,0.005,False
3.710701,69,62.533909,True,True,True,False,False,0,0.005,False
3.761564,63,63.247566,True,True,True,False,False,0,0.005,False
3.894006,66,64.052915,True,True,True,False,False,0,0.005,False
-32.080542,519,70.00174,False,False,True,True,False,0,0.005,False
4.598604,14,70.176021,True,True,True,False,False,0,0.005,False
4.595652,13,70.317426,True,True,True,False,False,0,0.005,False
4.546533,13,70.476065,True,True,True,False,False,0,0.005,False
4.386512,17,70.686419,True,True,True,False,False,0,0.005,False
4.598785,12,70.835158,True,True,True,False,False,0,0.005,False
4.715715,11,70.942381,True,True,True,False,False,0,0.005,False
4.678991,15,71.108774,True,True,True,False,False,0,0.005,False
4.611357,11,71.225897,True,True,True,False,False,0,0.005,False
3.775959,34,71.576443,True,True,True,False,False,0,0.005,False
4.819023,17,71.790251,True,True,True,False,False,0,0.005,False
4.871808,16,71.973568,True,True,True,False,False,0,0.005,False
4.746543,13,72.114023,True,True,True,False,False,0,0.005,False
4.620304,14,72.277037,True,True,True,False,False,0,0.005,False
4.705513,9,72.423481,True,True,True,False,False,0,0.005,False
4.509283,14,72.571419,True,True,True,False,False,0,0.005,False
4.699505,10,72.71828,True,True,True,False,False,0,0.005,False
4.632372,11,72.859178,True,True,True,False,False,0,0.005,False
4.66641,17,73.124919,True,True,True,False,False,0,0.005,False
4.714739,14,73.297529,True,True,True,False,False,0,0.005,False
4.496194,24,73.562317,True,True,True,False,False,0,0.005,False
4.605569,19,73.796542,True,True,True,False,False,0,0.005,False
4.884721,11,73.929099,True,True,True,False,False,0,0.005,False
4.918549,11,74.04067,True,True,True,False,False,0,0.005,False
4.72516,22,74.300644,True,True,True,False,False,0,0.005,False
4.716045,20,74.51121,True,True,True,False,False,0,0.005,False
4.782404,20,74.754109,True,True,True,False,False,0,0.005,False
4.785754,24,75.06225,True,True,True,False,False,0,0.005,False
4.75275,12,75.239591,True,True,True,False,False,0,0.005,False
4.609058,17,75.453888,True,True,True,False,False,0,0.005,False
4.700111,16,75.627291,True,True,True,False,False,0,0.005,False
4.954992,25,75.921558,True,True,True,False,False,0,0.01,False
4.898739,17,76.144437,True,True,True,False,False,0,0.01,False
4.8173,20,76.384112,True,True,True,False,False,0,0.01,False
4.954044,24,76.73294,True,True,True,False,False,0,0.01,False
4.98625,23,77.012207,True,True,True,False,False,0,0.01,False
4.970066,20,77.293487,True,True,True,False,False,0,0.01,False
4.82619,26,77.653737,True,True,True,False,False,0,0.01,False
4.898661,21,77.920508,True,True,True,False,False,0,0.01,False
4.779985,15,78.108897,True,True,True,False,False,0,0.01,False
4.830782,17,78.297443,True,True,True,False,False,0,0.01,False
4.940764,27,78.638214,True,True,True,False,False,0,0.01,False
4.724388,39,79.196634,True,True,True,False,False,0,0.01,False
4.894764,47,79.890528,True,True,True,False,False,0,0.01,False
4.888151,29,80.318908,True,True,True,False,False,0,0.01,False
4.765007,55,81.013207,True,True,True,False,False,0,0.01,False
4.314419,34,81.468745,True,True,True,False,False,0,0.01,False
-26.991506,380,86.472595,False,False,True,False,False,0,0.01,False
-25.552893,373,91.656677,False,False,True,False,False,0,0.01,False
4.698869,34,92.190363,True,True,True,False,False,0,0.01,False
-32.677942,708,104.573449,False,False,True,True,False,0,0.01,False
-36.118031,976,116.574567,False,False,True,False,False,0,0.015,False
-34.591671,773,125.26398,False,False,True,False,False,0,0.015,False
-29.355185,463,130.82295,False,False,True,False,False,0,0.015,False
-21.457716,429,136.251502,False,False,True,False,False,0,0.015,False
3.312112,76,137.0765,True,True,True,False,False,0,0.015,False
-19.458093,177,139.027437,False,False,True,False,False,0,0.015,False
-19.364858,152,140.654879,False,False,True,False,False,0,0.015,False
3.797119,43,141.234802,True,True,True,False,False,0,0.015,False
-19.430321,141,142.778897,False,False,True,False,False,0,0.015,False
3.69729,44,143.29934,True,True,True,False,False,0,0.015,False
-20.061661,157,145.220657,False,False,True,False,False,0,0.015,False
3.757023,48,145.877418,True,True,True,False,False,0,0.015,False
4.1196,31,146.219296,True,True,True,False,False,0,0.015,False
4.307334,24,146.481742,True,True,True,False,False,0,0.015,False
4.336945,18,146.699817,True,True,True,False,False,0,0.015,False
4.357311,21,146.940864,True,True,True,False,False,0,0.015,False
4.435881,28,147.242841,True,True,True,False,False,0,0.015,False
4.582927,16,147.421162,True,True,True,False,False,0,0.015,False
4.586579,19,147.620165,True,True,True,False,False,0,0.015,False
4.624773,20,147.928646,True,True,True,False,False,0,0.015,False
4.549255,20,148.189596,True,True,True,False,False,0,0.015,False
4.636706,18,148.399761,True,True,True,False,False,0,0.015,False
4.523827,18,148.623468,True,True,True,False,False,0,0.015,False
4.603505,19,148.884617,True,True,True,False,False,0,0.015,False
4.524808,25,149.259913,True,True,True,False,False,0,0.015,False
4.587579,20,149.510792,True,True,True,False,False,0,0.015,False
4.489422,29,149.812808,True,True,True,False,False,0,0.015,False
4.628333,28,150.146641,True,True,True,False,False,0,0.015,False
4.837188,16,150.316198,True,True,True,False,False,0,0.015,False
4.849166,16,150.502487,True,True,True,False,False,0,0.015,False
4.672332,28,150.816305,True,True,True,False,False,0,0.015,False
4.664787,24,151.092103,True,True,True,False,False,0,0.015,False
4.723215,27,151.437546,True,True,True,False,False,0,0.015,False
4.869701,19,151.624278,True,True,True,False,False,0,0.015,False
4.84297,22,151.901343,True,True,True,False,False,0,0.015,False
4.619496,30,152.227459,True,True,True,False,False,0,0.015,False
4.757825,27,152.527366,True,True,True,False,False,0,0.015,False
4.610467,32,152.894961,True,True,True,False,False,0,0.015,False
4.697668,19,153.12595,True,True,True,False,False,0,0.015,False
4.648346,18,153.351091,True,True,True,False,False,0,0.015,False
4.431477,27,153.651262,True,True,True,False,False,0,0.02,False
4.500534,29,153.981057,True,True,True,False,False,0,0.02,False
4.650216,34,154.390007,True,True,True,False,False,0,0.02,False
4.849534,21,154.625455,True,True,True,False,False,0,0.02,False
4.845946,27,154.948324,True,True,True,False,False,0,0.02,False
4.901085,26,155.256835,True,True,True,False,False,0,0.02,False
4.70202,32,155.64969,True,True,True,False,False,0,0.02,False
4.811103,21,155.889608,True,True,True,False,False,0,0.02,False
4.85068,18,156.060707,True,True,True,False,False,0,0.02,False
4.550934,27,156.352726,True,True,True,False,False,0,0.02,False
4.286206,34,156.713852,True,True,True,False,False,0,0.02,False
4.563958,29,157.033621,True,True,True,False,False,0,0.02,False
4.647004,33,157.396333,True,True,True,False,False,0,0.02,False
4.61887,27,157.709528,True,True,True,False,False,0,0.02,False
4.63704,31,158.058178,True,True,True,False,False,0,0.02,False
4.485422,27,158.37542,True,True,True,False,False,0,0.02,False
4.495288,35,158.82746,True,True,True,False,False,0,0.02,False
4.717211,23,159.133426,True,True,True,False,False,0,0.02,False
4.716583,35,159.524579,True,True,True,False,False,0,0.02,False
4.445513,35,159.950624,True,True,True,False,False,0,0.02,False
4.615402,29,160.276373,True,True,True,False,False,0,0.025,False
4.471821,35,160.662141,True,True,True,False,False,0,0.025,False
4.339399,46,161.191917,True,True,True,False,False,0,0.025,False
4.75255,32,161.575751,True,True,True,False,False,0,0.025,False
4.416036,43,162.057879,True,True,True,False,False,0,0.025,False
4.511949,33,162.434449,True,True,True,False,False,0,0.025,False
4.120303,46,162.942901,True,True,True,False,False,0,0.025,False
4.406542,37,163.351917,True,True,True,False,False,0,0.025,False
4.600698,39,163.804168,True,True,True,False,False,0,0.025,False
4.486399,33,164.208104,True,True,True,False,False,0,0.025,False
4.527869,41,164.710901,True,True,True,False,False,0,0.025,False
4.661665,27,165.027199,True,True,True,False,False,0,0.025,False
4.414089,36,165.525196,True,True,True,False,False,0,0.025,False
4.50903,32,165.984669,True,True,True,False,False,0,0.025,False
4.711743,24,166.339304,True,True,True,False,False,0,0.025,False
4.591425,28,166.750695,True,True,True,False,False,0,0.025,False
4.780553,28,167.131647,True,True,True,False,False,0,0.025,False
4.690538,29,167.493939,True,True,True,False,False,0,0.025,False
4.398688,41,167.985008,True,True,True,False,False,0,0.025,False
4.388595,41,168.478341,True,True,True,False,False,0,0.025,False
4.051763,54,169.138416,True,True,True,False,False,0,0.030000000000000002,False
4.607593,38,169.541083,True,True,True,False,False,0,0.030000000000000002,False
4.627951,37,169.942963,True,True,True,False,False,0,0.030000000000000002,False
4.681004,25,170.297143,True,True,True,False,False,0,0.030000000000000002,False
-35.459611,814,179.340408,False,False,True,True,False,0,0.030000000000000002,False
4.779203,33,179.692954,True,True,True,False,False,0,0.030000000000000002,False
4.497709,39,180.154066,True,True,True,False,False,0,0.030000000000000002,False
4.378879,38,180.583274,True,True,True,False,False,0,0.030000000000000002,False
4.561623,36,180.979935,True,True,True,False,False,0,0.030000000000000002,False
4.128335,48,181.566166,True,True,True,False,False,0,0.030000000000000002,False
4.628283,24,181.818211,True,True,True,False,False,0,0.030000000000000002,False
4.31303,41,182.240925,True,True,True,False,False,0,0.030000000000000002,False
4.775525,28,182.525965,True,True,True,False,False,0,0.030000000000000002,False
4.409663,33,182.869021,True,True,True,False,False,0,0.030000000000000002,False
4.485037,37,183.243973,True,True,True,False,False,0,0.030000000000000002,False
3.977097,45,183.757556,True,True,True,False,False,0,0.030000000000000002,False
4.26018,42,184.217992,True,True,True,False,False,0,0.030000000000000002,False
4.242671,46,184.867919,True,True,True,False,False,0,0.030000000000000002,False
4.855913,24,185.143011,True,True,True,False,False,0,0.030000000000000002,False
4.70828,30,185.468086,True,True,True,False,False,0,0.030000000000000002,False
-30.324346,535,191.290735,False,False,True,False,False,0,0.035,False
4.53371,41,191.706243,True,True,True,False,False,0,0.035,False
4.632253,30,192.024005,True,True,True,False,False,0,0.035,False
4.513701,32,192.379213,True,True,True,False,False,0,0.035,False
4.710954,35,192.741888,True,True,True,False,False,0,0.035,False
4.703659,33,193.141057,True,True,True,False,False,0,0.035,False
4.812236,35,193.559513,True,True,True,False,False,0,0.035,False
4.714307,40,194.041089,True,True,True,False,False,0,0.035,False
4.647507,39,194.482875,True,True,True,False,False,0,0.035,False
4.588212,39,194.919679,True,True,True,False,False,0,0.035,False
4.624211,28,195.233477,True,True,True,False,False,0,0.035,False
4.67864,33,195.612539,True,True,True,False,False,0,0.035,False
4.560451,45,196.15227,True,True,True,False,False,0,0.035,False
4.806088,44,196.898961,True,True,True,False,False,0,0.035,False
4.766713,32,197.259511,True,True,True,False,False,0,0.035,False
4.550871,37,197.649076,True,True,True,False,False,0,0.035,False
4.710957,38,198.110868,True,True,True,False,False,0,0.035,False
4.263029,51,198.773658,True,True,True,False,False,0,0.035,False
4.239165,44,199.298846,True,True,True,False,False,0,0.035,False
4.251601,41,199.746875,True,True,True,False,False,0,0.035,False
4.475927,46,200.25404,True,True,True,False,False,0,0.04,False
-20.833475,188,202.277206,False,False,True,False,False,0,0.04,False
4.56898,26,202.542009,True,True,True,False,False,0,0.04,False
-20.09029,159,204.482712,False,False,True,False,False,0,0.04,False
-19.629441,157,206.219809,False,False,True,False,False,0,0.04,False
-19.928781,161,207.992578,False,False,True,False,False,0,0.04,False
-20.038604,166,209.815786,False,False,True,False,False,0,0.04,False
-21.030151,168,211.77964,False,False,True,False,False,0,0.04,False
-21.167856,150,213.458283,False,False,True,False,False,0,0.04,False
-21.434385,153,215.224149,False,False,True,False,False,0,0.04,False
-21.973089,159,217.013038,False,False,True,False,False,0,0.04,False
-21.775265,148,218.695149,False,False,True,False,False,0,0.04,False
-21.704873,169,220.547897,False,False,True,False,False,0,0.04,False
-25.109094,374,224.727812,False,False,True,False,False,0,0.04,False
4.745048,45,225.211225,True,True,True,False,False,0,0.04,False
4.625876,53,225.777623,True,True,True,False,False,0,0.04,False
4.917427,36,226.144732,True,True,True,False,False,0,0.04,False
4.770812,38,226.535441,True,True,True,False,False,0,0.04,False
4.564252,41,227.009099,True,True,True,False,False,0,0.04,False
4.810573,47,227.571187,True,True,True,False,False,0,0.04,False
4.696683,43,228.149897,True,True,True,False,False,0,0.035,False
4.753096,38,228.563305,True,True,True,False,False,0,0.035,False
4.602356,39,229.009439,True,True,True,False,False,0,0.035,False
4.699598,34,229.400693,True,True,True,False,False,0,0.035,False
4.79197,26,229.660397,True,True,True,False,False,0,0.035,False
4.605918,30,229.983677,True,True,True,False,False,0,0.035,False
4.701794,35,230.353628,True,True,True,False,False,0,0.035,False
4.667553,36,230.754984,True,True,True,False,False,0,0.035,False
4.32556,44,231.259334,True,True,True,False,False,0,0.035,False
4.755302,33,231.70956,True,True,True,False,False,0,0.035,False
4.566405,36,232.269326,True,True,True,False,False,0,0.035,False
4.850332,27,232.556805,True,True,True,False,False,0,0.035,False
4.536811,45,233.085421,True,True,True,False,False,0,0.035,False
4.740686,37,233.54849,True,True,True,False,False,0,0.035,False
4.595126,29,233.924073,True,True,True,False,False,0,0.035,False
4.373171,38,234.435448,True,True,True,False,False,0,0.035,False
4.622126,36,234.88553,True,True,True,False,False,0,0.035,False
4.499483,29,235.242954,True,True,True,False,False,0,0.035,False
-32.539913,476,240.903049,False,False,True,False,False,0,0.035,False
4.261027,53,241.607133,True,True,True,False,False,0,0.035,False
4.602455,47,242.264056,True,True,True,False,False,0,0.04,False
4.862069,31,242.668751,True,True,True,False,False,0,0.04,False
4.946752,39,243.116193,True,True,True,False,False,0,0.04,False
4.334143,47,243.666262,True,True,True,False,False,0,0.04,False
4.769795,33,244.052968,True,True,True,False,False,0,0.04,False
4.757155,41,244.508343,True,True,True,False,False,0,0.04,False
4.608893,49,245.073842,True,True,True,False,False,0,0.04,False
4.64485,43,245.55387,True,True,True,False,False,0,0.04,False
4.765315,29,245.878284,True,True,True,False,False,0,0.04,False
4.863027,45,246.375343,True,True,True,False,False,0,0.04,False
4.804695,42,246.894132,True,True,True,False,False,0,0.04,False
4.426962,49,247.570608,True,True,True,False,False,0,0.04,False
4.459542,53,248.144459,True,True,True,False,False,0,0.04,False
4.892068,32,248.489767,True,True,True,False,False,0,0.04,False
4.770969,47,248.992777,True,True,True,False,False,0,0.04,False
4.828284,47,249.516835,True,True,True,False,False,0,0.04,False
4.937212,40,249.963164,True,True,True,False,False,0,0.04,False
4.917493,26,250.250311,True,True,True,False,False,0,0.04,False
4.868604,53,250.912175,True,True,True,False,False,0,0.04,False
4.866942,39,251.376928,True,True,True,False,False,0,0.04,False
4.888695,38,251.780056,True,True,True,False,False,0,0.045,False
4.976378,38,252.217675,True,True,True,False,False,0,0.045,False
4.875808,45,252.670565,True,True,True,False,False,0,0.045,False
4.884053,29,253.018536,True,True,True,False,False,0,0.045,False
4.704021,53,253.584229,True,True,True,False,False,0,0.045,False
4.910303,43,254.175815,True,True,True,False,False,0,0.045,False
4.85956,54,254.758159,True,True,True,False,False,0,0.045,False
4.798701,40,255.208997,True,True,True,False,False,0,0.045,False
4.400556,51,255.76248,True,True,True,False,False,0,0.045,False
4.813965,38,256.182161,True,True,True,False,False,0,0.045,False
4.642807,43,256.68533,True,True,True,False,False,0,0.045,False
4.836154,37,257.090096,True,True,True,False,False,0,0.045,False
4.513358,38,257.520972,True,True,True,False,False,0,0.045,False
4.253672,53,258.108368,True,True,True,False,False,0,0.045,False
-37.650351,777,268.296125,False,False,True,False,False,0,0.045,False
-20.73257,283,275.287049,False,False,True,False,False,0,0.045,False
-27.376967,414,280.867781,False,False,True,False,False,0,0.045,False
-25.783261,325,284.511161,False,False,True,False,False,0,0.045,False
-26.508821,386,288.748599,False,False,True,False,False,0,0.045,False
-27.446551,438,293.727828,False,False,True,False,False,0,0.045,False
-26.318322,474,299.153225,False,False,True,False,False,0,0.045,False
-24.024926,222,301.720319,False,False,True,False,False,0,0.045,False
4.198525,35,302.126663,True,True,True,False,False,0,0.045,False
3.878666,53,302.699087,True,True,True,False,False,0,0.045,False
4.416567,29,303.079636,True,True,True,False,False,0,0.045,False
4.153621,41,303.532266,True,True,True,False,False,0,0.045,False
4.285769,44,304.018651,True,True,True,False,False,0,0.045,False
-24.255161,253,306.933824,False,False,True,False,False,0,0.045,False
-25.145138,289,310.272429,False,False,True,False,False,0,0.045,False
-24.744343,275,313.360917,False,False,True,False,False,0,0.045,False
-25.752898,296,316.529537,False,False,True,False,False,0,0.045,False
4.646083,47,317.075541,True,True,True,False,False,0,0.045,False
-25.995353,309,320.554841,False,False,True,False,False,0,0.045,False
-25.700171,332,324.329935,False,False,True,False,False,0,0.045,False
-24.120363,247,327.204599,False,False,True,False,False,0,0.045,False
-22.475377,346,331.114845,False,False,True,False,False,0,0.045,False
-38.894809,996,342.415996,False,False,True,False,False,0,0.045,False
-21.236207,166,344.525948,False,False,True,False,False,0,0.045,False
-22.004565,175,346.718044,False,False,True,False,False,0,0.045,False
-22.959441,246,350.041339,False,False,True,False,False,0,0.045,False
-22.165925,197,352.649832,False,False,True,False,False,0,0.04,False
-21.84129,255,356.050339,False,False,True,False,False,0,0.04,False
-23.495436,333,360.106769,False,False,True,False,False,0,0.04,False
-23.919743,354,364.344518,False,False,True,False,False,0,0.04,False
-25.273368,574,370.993194,False,False,True,False,False,0,0.04,False
4.250475,46,371.511838,True,True,True,False,False,0,0.04,False
-35.484743,753,379.968814,False,False,True,True,False,0,0.04,False
-29.966798,614,387.374004,False,False,True,False,False,0,0.04,False
3.478699,107,388.67529,True,True,True,False,False,0,0.04,False
-30.485466,662,396.082681,False,False,True,False,False,0,0.04,False
-43.820949,1095,408.46937,False,False,True,False,False,0,0.04,False
-28.537198,585,415.047938,False,False,True,False,False,0,0.04,False
-21.401711,331,418.884084,False,False,True,False,False,0,0.04,False
-33.812627,732,430.696423,False,False,True,False,False,0,0.04,False
-21.82446,311,434.541457,False,False,True,False,False,0,0.04,False
-31.119979,649,441.854713,False,False,True,False,False,0,0.04,False
-34.154045,694,449.951981,False,False,True,False,False,0,0.04,False
-34.677062,719,459.266445,False,False,True,False,False,0,0.04,False
-26.723562,446,465.587167,False,False,True,False,False,0,0.04,False
-31.231703,531,473.420468,False,False,True,False,False,0,0.04,False
-25.478372,400,478.954656,False,False,True,False,False,0,0.035,False
-25.668122,439,484.341323,False,False,True,False,False,0,0.035,False
-25.861361,381,488.72301,False,False,True,False,False,0,0.035,False
-27.276363,417,493.516355,False,False,True,False,False,0,0.035,False
-20.83571,347,497.632221,False,False,True,False,False,0,0.035,False
-27.935513,428,502.437637,False,False,True,False,False,0,0.035,False
-28.684961,387,506.883213,False,False,True,False,False,0,0.035,False
-28.367803,348,510.755729,False,False,True,False,False,0,0.035,False
-41.430068,1026,522.190066,False,False,True,False,False,0,0.035,False
-25.96153,410,526.71278,False,False,True,False,False,0,0.035,False
-32.422608,528,532.584812,False,False,True,True,False,0,0.035,False
-29.565924,573,539.040975,False,False,True,False,False,0,0.035,False
-28.256242,406,543.524361,False,False,True,False,False,0,0.035,False
-41.405514,1154,556.8275,False,False,True,False,False,0,0.035,False
-29.437621,523,562.975393,False,False,True,False,False,0,0.035,False
-28.18717,454,568.390896,False,False,True,False,False,0,0.035,False
-31.932171,591,610.482171,False,False,True,False,False,0,0.035,False
-26.384528,396,616.163986,False,False,True,False,False,0,0.035,False
-30.162648,522,622.490713,False,False,True,False,False,0,0.035,False
-32.424491,520,628.940428,False,False,True,False,False,0,0.035,False
-34.100765,683,636.974136,False,False,True,True,False,0,0.030000000000000002,False
-27.425877,391,641.511158,False,False,True,False,False,0,0.030000000000000002,False
-25.641053,336,645.356659,False,False,True,False,False,0,1.0,True
-29.211418,441,650.583295,False,False,True,False,False,0,0.030000000000000002,False
-32.089226,525,656.614172,False,False,True,False,False,0,0.030000000000000002,False
-26.123642,337,660.260219,False,False,True,False,False,0,0.030000000000000002,False
-21.064715,301,663.747621,False,False,True,False,False,0,0.030000000000000002,False
4.233006,29,664.074287,True,True,True,False,False,0,0.030000000000000002,False
4.446288,29,664.396487,True,True,True,False,False,0,0.030000000000000002,False
4.171575,36,664.813857,True,True,True,False,False,0,0.030000000000000002,False
4.238235,29,665.153844,True,True,True,False,False,0,0.030000000000000002,False
4.202015,37,665.576714,True,True,True,False,False,0,0.030000000000000002,False
4.043806,38,665.990691,True,True,True,False,False,0,0.030000000000000002,False
4.434116,27,666.298682,True,True,True,False,False,0,0.030000000000000002,False
4.430105,25,666.55799,True,True,True,False,False,0,0.030000000000000002,False
4.255455,40,667.110743,True,True,True,False,False,0,0.030000000000000002,False
4.337304,32,667.463898,True,True,True,False,False,0,0.030000000000000002,False
4.506966,23,667.704865,True,True,True,False,False,0,0.030000000000000002,False
4.369626,22,667.954859,True,True,True,False,False,0,0.030000000000000002,False
4.417068,25,668.255356,True,True,True,False,False,0,0.030000000000000002,False
4.44385,25,668.531804,True,True,True,False,False,0,0.030000000000000002,False
4.55836,23,668.784361,True,True,True,False,False,0,0.030000000000000002,False
4.064682,30,669.132,True,True,True,False,False,0,0.030000000000000002,False
4.317073,36,669.558287,True,True,True,False,False,0,0.030000000000000002,False
4.070211,42,670.049798,True,True,True,False,False,0,0.030000000000000002,False
4.514222,27,670.340107,True,True,True,False,False,0,0.030000000000000002,False
4.158611,33,670.749687,True,True,True,False,False,0,0.030000000000000002,False
4.520352,22,670.989623,True,True,True,False,False,0,0.030000000000000002,False
4.249471,40,671.471406,True,True,True,False,False,0,0.030000000000000002,False
4.580662,27,671.771987,True,True,True,False,False,0,0.030000000000000002,False
4.588063,24,672.040363,True,True,True,False,False,0,0.030000000000000002,False
4.419844,41,672.507977,True,True,True,False,False,0,0.030000000000000002,False
4.558512,26,672.801681,True,True,True,False,False,0,0.030000000000000002,False
4.545182,32,673.173708,True,True,True,False,False,0,0.030000000000000002,False
4.130263,45,673.656176,True,True,True,False,False,0,0.030000000000000002,False
4.24052,34,674.003754,True,True,True,False,False,0,0.030000000000000002,False
4.028216,41,674.44143,True,True,True,False,False,0,0.030000000000000002,False
4.345415,29,674.747141,True,True,True,False,False,0,0.030000000000000002,False
4.331575,30,675.065322,True,True,True,False,False,0,0.030000000000000002,False
4.363765,34,675.448853,True,True,True,False,False,0,0.030000000000000002,False
4.520214,34,675.811136,True,True,True,False,False,0,0.030000000000000002,False
4.571409,29,676.157817,True,True,True,False,False,0,0.035,False
4.343036,40,676.667518,True,True,True,False,False,0,0.035,False
4.575439,21,676.902887,True,True,True,False,False,0,0.035,False
4.382726,32,677.257391,True,True,True,False,False,0,0.035,False
4.403453,27,677.564311,True,True,True,False,False,0,0.035,False
4.466956,44,678.048439,True,True,True,False,False,0,0.035,False
4.406964,40,678.556029,True,True,True,False,False,0,0.035,False
4.365664,33,678.913289,True,True,True,False,False,0,0.035,False
4.460433,26,679.205809,True,True,True,False,False,0,0.035,False
4.22331,36,679.630615,True,True,True,False,False,0,0.035,False
4.394148,32,679.988919,True,True,True,False,False,0,0.035,False
4.25058,42,680.505718,True,True,True,False,False,0,0.035,False
4.322059,37,680.919703,True,True,True,False,False,0,0.035,False
-20.424372,159,682.566323,False,False,True,False,False,0,0.035,False
4.161934,34,682.93298,True,True,True,False,False,0,0.035,False
4.66258,28,683.315272,True,True,True,False,False,0,0.035,False
4.585342,34,683.749641,True,True,True,False,False,0,0.035,False
4.640022,27,684.110675,True,True,True,False,False,0,0.035,False
4.513627,37,684.603571,True,True,True,False,False,0,0.035,False
4.742493,25,684.874711,True,True,True,False,False,0,0.035,False
4.492111,31,685.249746,True,True,True,False,False,0,0.04,False
4.641948,42,685.734958,True,True,True,False,False,0,0.04,False
4.687035,36,686.13272,True,True,True,False,False,0,0.04,False
4.594001,40,686.608081,True,True,True,False,False,0,0.04,False
-20.213206,165,688.333007,False,False,True,False,False,0,0.04,False
4.071103,34,688.698206,True,True,True,False,False,0,0.04,False
4.638785,26,688.991068,True,True,True,False,False,0,0.04,False
4.455254,37,689.41373,True,True,True,False,False,0,0.04,False
-20.391773,168,691.357953,False,False,True,False,False,0,0.04,False
4.585065,37,691.764155,True,True,True,False,False,0,0.04,False
-26.742994,378,695.904077,False,False,True,False,False,0,0.04,False
4.44986,25,696.165338,True,True,True,False,False,0,0.04,False
4.364296,33,696.532943,True,True,True,False,False,0,0.04,False
4.315308,31,696.881865,True,True,True,False,False,0,0.04,False
4.549124,25,697.163037,True,True,True,False,False,0,0.04,False
4.434492,29,697.473591,True,True,True,False,False,0,0.04,False
4.305519,37,697.919059,True,True,True,False,False,0,0.04,False
4.197064,46,698.389942,True,True,True,False,False,0,0.04,False
4.300226,37,698.769166,True,True,True,False,False,0,0.04,False
-20.480262,184,700.791391,False,False,True,False,False,0,0.04,False
4.358272,34,701.257882,True,True,True,False,False,0,0.045,False
-20.209926,171,703.140984,False,False,True,False,False,0,0.045,False
4.37033,37,703.58202,True,True,True,False,False,0,0.045,False
4.48121,52,704.187993,True,True,True,False,False,0,0.045,False
4.610018,31,704.530551,True,True,True,False,False,0,0.045,False
4.448968,42,704.999544,True,True,True,False,False,0,0.045,False
-20.657292,175,706.990933,False,False,True,False,False,0,0.045,False
4.30628,34,707.443296,True,True,True,False,False,0,0.045,False
4.209538,29,707.817171,True,True,True,False,False,0,0.045,False
4.369308,31,708.193381,True,True,True,False,False,0,0.045,False
4.320257,37,708.621794,True,True,True,False,False,0,0.045,False
-19.995627,147,710.407787,False,False,True,False,False,0,0.045,False
4.234818,35,710.836758,True,True,True,False,False,0,0.045,False
4.198118,38,711.298381,True,True,True,False,False,0,0.045,False
4.118508,54,712.031833,True,True,True,False,False,0,0.045,False
4.435102,33,712.407822,True,True,True,False,False,0,0.045,False
4.150009,39,712.8819,True,True,True,False,False,0,0.045,False
-20.18784,167,714.731467,False,False,True,False,False,0,0.045,False
-20.316506,159,716.455724,False,False,True,False,False,0,0.045,False
-25.426724,355,720.569108,False,False,True,False,False,0,0.045,False
4.170421,45,721.093056,True,True,True,False,False,0,0.045,False
-19.944983,162,722.94031,False,False,True,False,False,0,0.045,False
3.828556,47,723.497766,True,True,True,False,False,0,0.045,False
-27.494123,340,727.288318,False,False,True,False,False,0,0.045,False
-20.030047,167,729.12745,False,False,True,False,False,0,0.045,False
-20.202035,172,731.240115,False,False,True,False,False,0,0.045,False
-20.223085,160,733.064768,False,False,True,False,False,0,0.045,False
-20.276112,190,735.273283,False,False,True,False,False,0,0.045,False
-20.713976,215,737.662625,False,False,True,False,False,0,0.045,False
4.089838,39,738.122141,True,True,True,False,False,0,0.045,False
-20.670704,219,740.547211,False,False,True,False,False,0,0.045,False
-33.525756,621,747.597576,False,False,True,False,False,0,0.045,False
-28.764173,430,752.363485,False,False,True,False,False,0,0.045,False
-19.944249,191,754.460489,False,False,True,False,False,0,0.045,False
-25.986714,316,757.968313,False,False,True,False,False,0,0.045,False
3.71078,68,758.714091,True,True,True,False,False,0,0.045,False
-27.952555,339,762.468092,False,False,True,False,False,0,0.045,False
-27.767813,383,766.672641,False,False,True,False,False,0,0.045,False
-26.816302,382,770.905833,False,False,True,False,False,0,0.045,False
3.479722,148,772.539026,True,True,True,False,False,0,0.045,False
3.875424,120,773.876241,True,True,True,False,False,0,0.04,False
-24.637671,281,776.887527,False,False,True,False,False,0,0.04,False
4.315764,72,777.815808,True,True,True,False,False,0,0.04,False
3.80181,64,778.507907,True,True,True,False,False,0,0.04,False
-25.171114,345,782.403646,False,False,True,False,False,0,0.04,False
-30.681791,468,787.857692,False,False,True,False,False,0,0.04,False
-30.375261,398,792.675565,False,False,True,False,False,0,0.04,False
-30.267389,420,798.200514,False,False,True,False,False,0,0.04,False
-30.735923,415,803.341731,False,False,True,False,False,0,0.04,False
-24.068588,212,805.97067,False,False,True,False,False,0,0.04,False
-30.389252,370,810.606164,False,False,True,False,False,0,0.04,False
-29.955953,524,816.817205,False,False,True,False,False,0,0.04,False
-39.590975,943,829.622625,False,False,True,True,False,0,0.04,False
-32.896816,504,835.522814,False,False,True,True,False,0,0.04,False
-24.758648,202,837.882352,False,False,True,False,False,0,0.04,False
-27.717335,445,843.187296,False,False,True,False,False,0,0.04,False
-27.49916,315,846.869374,False,False,True,False,False,0,0.04,False
-31.325099,500,852.852958,False,False,True,False,False,0,0.04,False
-32.748589,551,859.245316,False,False,True,False,False,0,0.04,False
-25.772345,347,863.329405,False,False,True,False,False,0,0.04,False
-32.24397,552,869.917794,False,False,True,False,False,0,0.035,False
-29.085402,518,875.795942,False,False,True,False,False,0,0.035,False
-25.754063,342,879.862959,False,False,True,False,False,0,0.035,False
-29.065497,363,884.140999,False,False,True,False,False,0,0.035,False
-26.03966,249,887.096404,False,False,True,False,False,0,0.035,False
-27.918815,328,890.80506,False,False,True,False,False,0,0.035,False
-28.950794,390,895.469326,False,False,True,False,False,0,0.035,False
-27.844911,340,899.37422,False,False,True,False,False,0,0.035,False
-26.804801,295,905.519202,False,False,True,False,False,0,0.035,False
-26.735867,269,908.528434,False,False,True,False,False,0,0.035,False
-37.373846,737,917.205171,False,False,True,True,False,0,0.035,False
-25.920323,232,919.952216,False,False,True,False,False,0,0.035,False
-27.052412,244,922.852757,False,False,True,False,False,0,0.035,False
-24.467859,180,924.821431,False,False,True,False,False,0,0.035,False
-24.395978,178,926.965003,False,False,True,False,False,0,0.035,False
-24.979639,194,929.241995,False,False,True,False,False,0,0.035,False
-24.877897,194,931.389918,False,False,True,False,False,0,0.035,False
-24.638295,190,933.630292,False,False,True,False,False,0,0.035,False
-26.165982,235,936.381163,False,False,True,False,False,0,0.035,False
-27.067188,279,939.539962,False,False,True,False,False,0,0.035,False
-33.873462,608,946.627278,False,False,True,True,False,0,0.030000000000000002,False
-32.888546,467,952.219943,False,False,True,False,False,0,0.030000000000000002,False
3.815192,37,952.637581,True,True,True,False,False,0,0.030000000000000002,False
-27.478645,324,956.219579,False,False,True,False,False,0,0.030000000000000002,False
-27.863043,310,959.952356,False,False,True,False,False,0,0.030000000000000002,False
4.224886,28,960.287122,True,True,True,False,False,0,0.030000000000000002,False
-25.593461,246,963.219671,False,False,True,False,False,0,0.030000000000000002,False
4.266066,22,963.486126,True,True,True,False,False,0,0.030000000000000002,False
3.877969,46,964.017407,True,True,True,False,False,0,0.030000000000000002,False
-25.258293,314,967.756224,False,False,True,False,False,0,0.030000000000000002,False
-25.915432,264,970.914535,False,False,True,False,False,0,0.030000000000000002,False
4.407176,28,971.304421,True,True,True,False,False,0,0.030000000000000002,False
-25.039168,292,974.737522,False,False,True,False,False,0,0.030000000000000002,False
4.105754,32,975.115057,True,True,True,False,False,0,0.030000000000000002,False
-25.724745,284,978.522042,False,False,True,False,False,0,0.030000000000000002,False
4.059872,37,978.952132,True,True,True,False,False,0,0.030000000000000002,False
-25.658265,313,982.561973,False,False,True,False,False,0,0.030000000000000002,False
3.916641,32,982.9663,True,True,True,False,False,0,0.030000000000000002,False
-27.169053,396,987.440129,False,False,True,False,False,0,0.030000000000000002,False
-27.537018,350,991.581299,False,False,True,False,False,0,0.030000000000000002,False
3.79746,30,991.919694,True,True,True,False,False,0,0.025,False
-25.642795,262,994.947656,False,False,True,False,False,0,0.025,False
-26.37704,299,998.323871,False,False,True,False,False,0,0.025,False
3.834126,31,998.753214,True,True,True,False,False,0,0.025,False
-33.662551,642,1006.332421,False,False,True,True,False,0,0.025,False
-27.759272,360,1010.455912,False,False,True,False,False,0,0.025,False
-27.646769,333,1014.426069,False,False,True,False,False,0,0.025,False
-28.048144,360,1018.779178,False,False,True,False,False,0,0.025,False
3.939047,33,1019.156603,True,True,True,False,False,0,0.025,False
4.447621,21,1019.407746,True,True,True,False,False,0,0.025,False
3.865127,35,1019.844173,True,True,True,False,False,0,0.025,False
-29.02587,401,1024.446876,False,False,True,False,False,0,0.025,False
-33.033625,780,1033.7821,False,False,True,False,False,0,0.025,False
-27.408236,477,1039.528802,False,False,True,False,False,0,0.025,False
-27.169948,410,1044.346702,False,False,True,False,False,0,0.025,False
-35.898088,853,1054.527337,False,False,True,False,False,0,0.025,False
3.528033,35,1054.971341,True,True,True,False,False,0,0.025,False
3.869062,31,1055.334486,True,True,True,False,False,0,0.025,False
-32.083652,675,1064.872775,False,False,True,False,False,0,0.025,False
-32.558194,643,1074.251695,False,False,True,False,False,0,0.025,False
3.809886,33,1074.687092,True,True,True,False,False,0,0.02,False
-31.487664,465,1082.198009,False,False,True,False,False,0,0.02,False
-26.763815,403,1089.615502,False,False,True,False,False,0,0.02,False
-31.519216,515,1097.405771,False,False,True,False,False,0,0.02,False
-26.483867,297,1101.408868,False,False,True,False,False,0,0.02,False
-29.508709,403,1107.616673,False,False,True,False,False,0,0.02,False
-26.678782,293,1111.733542,False,False,True,False,False,0,0.02,False
-27.991221,398,1116.886694,False,False,True,False,False,0,0.02,False
-25.577051,290,1120.651125,False,False,True,False,False,0,0.02,False
-34.224873,589,1127.546347,False,False,True,False,False,0,0.02,False
-25.884629,259,1130.624873,False,False,True,False,False,0,0.02,False
-25.26357,276,1133.88185,False,False,True,False,False,0,0.02,False
-25.291517,218,1136.420933,False,False,True,False,False,0,0.02,False
-31.829,511,1142.799009,False,False,True,False,False,0,0.02,False
-25.943617,268,1146.810946,False,False,True,False,False,0,0.02,False
-25.53158,243,1149.703765,False,False,True,False,False,0,0.02,False
-24.957323,226,1152.371662,False,False,True,False,False,0,0.02,False
-25.755775,243,1155.20411,False,False,True,False,False,0,0.02,False
-25.848067,237,1157.817763,False,False,True,False,False,0,0.02,False
-27.266433,332,1161.706146,False,False,True,False,False,0,0.02,False
-24.340846,199,1164.039183,False,False,True,False,False,0,0.015,False
-35.632553,689,1172.159874,False,False,True,True,False,0,0.015,False
-26.525298,322,1176.085013,False,False,True,False,False,0,0.015,False
-29.255795,359,1180.292162,False,False,True,False,False,0,0.015,False
-29.293347,345,1184.38524,False,False,True,False,False,0,0.015,False
-28.68325,325,1188.118989,False,False,True,False,False,0,0.015,False
-24.93969,251,1191.012522,False,False,True,False,False,0,0.015,False
-28.572118,343,1194.995021,False,False,True,False,False,0,0.015,False
-33.032329,514,1201.320905,False,False,True,True,False,0,0.015,False
-32.094612,453,1207.091547,False,False,True,False,False,0,0.015,False
4.248881,15,1207.291958,True,True,True,False,False,0,0.015,False
-31.611019,510,1245.745763,False,False,True,True,False,0,0.015,False
-28.590162,342,1249.678486,False,False,True,False,False,0,0.015,False
-33.184809,530,1256.642517,False,False,True,True,False,0,0.015,False
-33.143447,697,1265.41004,False,False,True,True,False,0,0.015,False
4.142664,16,1265.608222,True,True,True,False,False,0,0.015,False
4.272704,16,1265.794316,True,True,True,False,False,0,0.015,False
3.880279,23,1266.044783,True,True,True,False,False,0,0.015,False
-35.711769,723,1274.627956,False,False,True,True,False,0,0.015,False
4.284395,18,1274.875792,True,True,True,False,False,0,0.015,False
4.432564,14,1275.030008,True,True,True,False,False,0,0.009999999999999998,False
4.291977,20,1275.267092,True,True,True,False,False,0,0.009999999999999998,False
4.410807,15,1275.440821,True,True,True,False,False,0,0.009999999999999998,False
4.149604,21,1275.669236,True,True,True,False,False,0,0.009999999999999998,False
4.064732,23,1275.928635,True,True,True,False,False,0,0.009999999999999998,False
4.023782,24,1276.193849,True,True,True,False,False,0,0.009999999999999998,False
4.11209,24,1276.459414,True,True,True,False,False,0,0.009999999999999998,False
4.206117,22,1276.690885,True,True,True,False,False,0,0.009999999999999998,False
4.221882,19,1276.920758,True,True,True,False,False,0,0.009999999999999998,False
4.167793,22,1277.187233,True,True,True,False,False,0,0.009999999999999998,False
4.236039,18,1277.388899,True,True,True,False,False,0,0.009999999999999998,False
4.214916,20,1277.633139,True,True,True,False,False,0,0.009999999999999998,False
4.443669,14,1277.815997,True,True,True,False,False,0,0.009999999999999998,False
4.079719,25,1278.107041,True,True,True,False,False,0,0.009999999999999998,False
4.071977,24,1278.414125,True,True,True,False,False,0,0.009999999999999998,False
4.04942,24,1278.740838,True,True,True,False,False,0,0.009999999999999998,False
4.148782,23,1279.02545,True,True,True,False,False,0,0.009999999999999998,False
4.154294,22,1279.27857,True,True,True,False,False,0,0.009999999999999998,False
4.163207,21,1279.534365,True,True,True,False,False,0,0.009999999999999998,False
4.207657,21,1279.818578,True,True,True,False,False,0,0.009999999999999998,False
4.274548,19,1280.036829,True,True,True,False,False,0,0.015,False
4.200415,20,1280.276898,True,True,True,False,False,0,0.015,False
4.265019,20,1280.515047,True,True,True,False,False,0,0.015,False
3.788036,28,1280.872006,True,True,True,False,False,0,0.015,False
3.61473,31,1281.241648,True,True,True,False,False,0,0.015,False
-26.795634,336,1285.185908,False,False,True,False,False,0,0.015,False
3.857938,32,1285.570054,True,True,True,False,False,0,0.015,False
3.997109,26,1285.91209,True,True,True,False,False,0,0.015,False
3.841641,29,1286.258285,True,True,True,False,False,0,0.015,False
4.165543,20,1286.505311,True,True,True,False,False,0,0.015,False
-28.952101,428,1291.576583,False,False,True,False,False,0,0.015,False
3.784695,32,1291.976902,True,True,True,False,False,0,0.015,False
-30.74539,691,1300.524368,False,False,True,False,False,0,0.015,False
4.586644,17,1300.745127,True,True,True,False,False,0,0.015,False
3.701454,39,1301.26674,True,True,True,False,False,0,0.015,False
-33.504208,656,1308.926896,False,False,True,False,False,0,0.015,False
4.564328,44,1309.466087,True,True,True,False,False,0,0.015,False
4.441526,53,1310.082402,True,True,True,False,False,0,0.015,False
4.155588,58,1310.749807,True,True,True,False,False,0,0.015,False
4.046884,88,1311.802615,True,True,True,False,False,0,0.015,False
4.579267,44,1312.305411,True,True,True,False,False,0,0.02,False
4.486254,38,1312.782864,True,True,True,False,False,0,0.02,False
4.452332,51,1313.45382,True,True,True,False,False,0,0.02,False
4.213083,50,1314.046266,True,True,True,False,False,0,0.02,False
4.06933,121,1315.53608,True,True,True,False,False,0,0.02,False
3.268967,184,1317.714775,True,True,True,False,False,0,0.02,False
-32.981292,863,1328.056939,False,False,True,False,False,0,0.02,False
-36.149157,914,1339.139036,False,False,True,True,False,0,0.02,False
-31.247184,552,1346.115581,False,False,True,False,False,0,0.02,False
-27.157551,289,1349.765818,False,False,True,False,False,0,0.02,False
-30.090044,385,1354.172755,False,False,True,False,False,0,0.02,False
-33.319937,718,1363.947882,False,False,True,False,False,0,0.02,False
-23.657087,268,1367.999064,False,False,True,False,False,0,0.02,False
-24.004771,249,1371.572306,False,False,True,False,False,0,0.02,False
-33.196526,575,1379.511204,False,False,True,False,False,0,0.02,False
-27.937499,367,1384.189281,False,False,True,False,False,0,0.02,False
-26.006932,252,1387.126956,False,False,True,False,False,0,0.02,False
-26.637422,299,1390.692111,False,False,True,False,False,0,0.02,False
-30.870356,421,1395.636055,False,False,True,False,False,0,0.02,False
-26.992948,303,1399.557923,False,False,True,False,False,0,0.02,False
-34.837547,653,1407.179416,False,False,True,False,False,0,0.015,False
-31.581011,476,1413.119167,False,False,True,False,False,0,0.015,False
-31.265045,496,1419.349278,False,False,True,False,False,0,0.015,False
-26.268558,280,1422.582302,False,False,True,False,False,0,0.015,False
-24.242394,295,1426.125736,False,False,True,False,False,0,0.015,False
-22.599735,271,1429.408481,False,False,True,False,False,0,0.015,False
-22.335811,277,1432.660383,False,False,True,False,False,0,0.015,False
-21.980253,255,1436.30267,False,False,True,False,False,0,0.015,False
-21.516973,239,1439.224169,False,False,True,False,False,0,0.015,False
-22.412862,270,1442.451123,False,False,True,False,False,0,0.015,False
-21.451893,264,1445.620941,False,False,True,False,False,0,0.015,False
-22.788295,269,1448.662489,False,False,True,False,False,0,0.015,False
-23.128027,318,1452.502952,False,False,True,False,False,0,0.015,False
-24.455192,323,1456.434972,False,False,True,False,False,0,0.015,False
-26.323647,284,1460.911641,False,False,True,False,False,0,0.015,False
-25.89962,256,1464.473618,False,False,True,False,False,0,0.015,False
-30.512801,386,1469.846545,False,False,True,False,False,0,0.015,False
-26.101342,245,1472.929713,False,False,True,False,False,0,0.015,False
-30.9644,483,1478.78904,False,False,True,False,False,0,0.015,False
-24.016575,320,1483.514818,False,False,True,False,False,0,0.015,False
-32.245522,516,1490.401574,False,False,True,False,False,0,0.009999999999999998,False
-23.445941,278,1494.204071,False,False,True,False,False,0,0.009999999999999998,False
-26.66732,330,1498.702204,False,False,True,False,False,0,0.009999999999999998,False
-26.291668,334,1503.289603,False,False,True,False,False,0,0.009999999999999998,False
-33.899576,574,1510.889839,False,False,True,False,False,0,0.009999999999999998,False
-31.253666,522,1518.709516,False,False,True,False,False,0,0.009999999999999998,False
-31.466171,600,1528.147269,False,False,True,False,False,0,0.009999999999999998,False
-35.002038,725,1540.243143,False,False,True,False,False,0,0.009999999999999998,False
-33.129657,695,1548.380338,False,False,True,False,False,0,0.009999999999999998,False
-40.594733,842,1558.980535,False,False,True,False,False,0,0.009999999999999998,False
-24.309647,340,1563.145929,False,False,True,False,False,0,0.009999999999999998,False
-26.788932,273,1569.456217,False,False,True,False,False,0,0.009999999999999998,False
-24.037014,201,1571.797947,False,False,True,False,False,0,0.009999999999999998,False
-24.297284,214,1574.12293,False,False,True,False,False,0,0.009999999999999998,False
-25.299292,242,1576.97822,False,False,True,False,False,0,0.009999999999999998,False
-25.821891,246,1579.806617,False,False,True,False,False,0,0.009999999999999998,False
-25.429232,233,1582.462201,False,False,True,False,False,0,0.009999999999999998,False
-25.251553,226,1584.980574,False,False,True,False,False,0,0.009999999999999998,False
-26.821667,281,1588.283337,False,False,True,False,False,0,0.009999999999999998,False
-35.42786,832,1597.920197,False,False,True,True,False,0,0.009999999999999998,False
-21.116266,204,1600.286274,False,False,True,False,False,0,0.004999999999999998,False
-36.801674,768,1609.158609,False,False,True,False,False,0,0.004999999999999998,False
-34.258118,588,1616.290009,False,False,True,False,False,0,0.004999999999999998,False
-21.599867,191,1618.694858,False,False,True,False,False,0,0.004999999999999998,False
-32.064057,460,1623.899642,False,False,True,False,False,0,0.004999999999999998,False
-27.403928,322,1627.56469,False,False,True,False,False,0,0.004999999999999998,False
-28.91784,460,1632.910149,False,False,True,False,False,0,0.004999999999999998,False
-31.144075,423,1637.898064,False,False,True,False,False,0,0.004999999999999998,False
-33.139502,731,1646.26894,False,False,True,False,False,0,0.004999999999999998,False
-21.2473,200,1648.669622,False,False,True,False,False,0,0.004999999999999998,False
-23.351549,241,1651.481844,False,False,True,False,False,0,0.004999999999999998,False
-21.412402,289,1654.810347,False,False,True,False,False,0,0.004999999999999998,False
-21.437091,290,1658.147242,False,False,True,False,False,0,0.004999999999999998,False
-27.024317,338,1661.984922,False,False,True,False,False,0,0.004999999999999998,False
-25.407314,268,1665.209643,False,False,True,False,False,0,0.004999999999999998,False
-42.251069,1092,1678.330151,False,False,True,False,False,0,0.004999999999999998,False
-29.847093,468,1683.938936,False,False,True,False,False,0,0.004999999999999998,False
-29.802949,375,1691.515533,False,False,True,False,False,0,0.004999999999999998,False
-31.949704,492,1697.742874,False,False,True,False,False,0,0.004999999999999998,False
-35.145779,554,1704.735574,False,False,True,True,False,0,0.004999999999999998,False
-26.174058,323,1709.052668,False,False,True,False,False,0,0.0,False
4.620631,6,1709.152773,True,True,True,False,False,0,0.0,False
-27.921358,388,1714.377264,False,False,True,False,False,0,0.0,False
-27.728341,445,1720.287365,False,False,True,False,False,0,0.0,False
-26.584761,372,1725.033786,False,False,True,False,False,0,0.0,False
-27.042575,362,1729.989061,False,False,True,False,False,0,0.0,False
-28.302415,349,1734.588867,False,False,True,False,False,0,0.0,False
-28.674533,409,1739.242327,False,False,True,False,False,0,0.0,False
-31.992301,549,1745.699551,False,False,True,False,False,0,0.0,False
4.522172,7,1745.789635,True,True,True,False,False,0,0.0,False
-33.635636,521,1751.791734,False,False,True,False,False,0,0.0,False
-27.69571,393,1756.865364,False,False,True,False,False,0,0.0,False
-33.981905,641,1765.043816,False,False,True,False,False,0,0.0,False
-33.929887,772,1774.173204,False,False,True,False,False,0,0.0,False
-32.471815,605,1782.193547,False,False,True,False,False,0,0.0,False
-33.221086,643,1790.407268,False,False,True,False,False,0,0.0,False
-28.583887,416,1795.437582,False,False,True,False,False,0,0.0,False
4.54545,7,1795.532426,True,True,True,False,False,0,0.0,False
-29.306391,430,1800.831159,False,False,True,False,False,0,0.0,False
-31.539037,529,1807.314598,False,False,True,False,False,0,0.0,False
-35.772595,641,1816.775127,False,False,True,True,False,0,0.0,False
-35.778799,841,1827.58153,False,False,True,False,False,0,0.0,False
4.813482,6,1827.665157,True,True,True,False,False,0,0.0,False
4.621861,10,1827.844724,True,True,True,False,False,0,0.0,False
4.73544,7,1827.950884,True,True,True,False,False,0,0.0,False
4.634256,9,1828.074972,True,True,True,False,False,0,0.0,False
4.551178,10,1828.209053,True,True,True,False,False,0,0.0,False
4.748188,7,1828.31327,True,True,True,False,False,0,0.0,False
4.712703,7,1828.431003,True,True,True,False,False,0,0.0,False
4.759214,7,1828.542763,True,True,True,False,False,0,0.0,False
4.669987,8,1828.66325,True,True,True,False,False,0,0.0,False
4.605864,9,1828.776183,True,True,True,False,False,0,0.0,False
4.540349,10,1828.905207,True,True,True,False,False,0,0.0,False
4.735979,7,1829.013085,True,True,True,False,False,0,0.0,False
4.721551,7,1829.122217,True,True,True,False,False,0,0.0,False
4.504651,10,1829.285204,True,True,True,False,False,0,0.0,False
4.653977,8,1829.434716,True,True,True,False,False,0,0.0,False
4.817908,6,1829.530145,True,True,True,False,False,0,0.0,False
4.661403,8,1829.644419,True,True,True,False,False,0,0.0,False
4.805725,6,1829.734803,True,True,True,False,False,0,0.0,False
4.508724,12,1829.923323,True,True,True,False,False,0,0.005,False
4.679457,9,1830.087437,True,True,True,False,False,0,0.005,False
4.463241,16,1830.328821,True,True,True,False,False,0,0.005,False
4.689439,10,1830.468107,True,True,True,False,False,0,0.005,False
4.653459,11,1830.634444,True,True,True,False,False,0,0.005,False
4.568819,13,1830.816459,True,True,True,False,False,0,0.005,False
4.736274,9,1830.956134,True,True,True,False,False,0,0.005,False
4.631191,14,1831.16254,True,True,True,False,False,0,0.005,False
4.570521,14,1831.361989,True,True,True,False,False,0,0.005,False
4.462086,16,1831.581468,True,True,True,False,False,0,0.005,False
4.779902,10,1831.721623,True,True,True,False,False,0,0.005,False
4.493008,16,1831.943538,True,True,True,False,False,0,0.005,False
4.556385,12,1832.104554,True,True,True,False,False,0,0.005,False
-28.73634,416,1837.745558,False,False,True,False,False,0,0.005,False
4.782615,13,1837.926385,True,True,True,False,False,0,0.005,False
4.770241,11,1838.130467,True,True,True,False,False,0,0.005,False
4.651515,17,1838.380659,True,True,True,False,False,0,0.005,False
4.786695,12,1838.566502,True,True,True,False,False,0,0.005,False
4.725514,12,1838.743979,True,True,True,False,False,0,0.005,False
4.737439,11,1838.895007,True,True,True,False,False,0,0.005,False
4.531947,16,1839.113903,True,True,True,False,False,0,0.01,False
4.687979,13,1839.309409,True,True,True,False,False,0,0.01,False
-26.986633,453,1845.408776,False,False,True,False,False,0,0.01,False
-30.871991,628,1853.50836,False,False,True,False,False,0,0.01,False
-33.998451,647,1861.654326,False,False,True,True,False,0,0.01,False
-35.405788,784,1874.005678,False,False,True,False,False,0,0.01,False
-32.717226,534,1882.207927,False,False,True,False,False,0,0.01,False
-30.67375,512,1923.957363,False,False,True,False,False,0,0.01,False
-34.591225,557,1931.121128,False,False,True,False,False,0,0.01,False
-36.938139,844,1943.119871,False,False,True,False,False,0,0.01,False
4.820546,14,1943.289972,True,True,True,False,False,0,0.01,False
4.683242,14,1943.460719,True,True,True,False,False,0,0.01,False
-38.020437,796,1953.114379,False,False,True,True,False,0,0.01,False
-27.65713,351,1957.236672,False,False,True,False,False,0,0.01,False
4.590525,16,1957.479941,True,True,True,False,False,0,0.01,False
-27.570505,325,1961.189373,False,False,True,False,False,0,0.01,False
-25.958196,292,1964.551018,False,False,True,False,False,0,0.01,False
4.825825,18,1964.753881,True,True,True,False,False,0,0.01,False
4.817586,11,1964.896875,True,True,True,False,False,0,0.01,False
4.635118,14,1965.084456,True,True,True,False,False,0,0.01,False
4.825932,11,1965.207525,True,True,True,False,False,0,0.005,False
4.887776,14,1965.392264,True,True,True,False,False,0,0.005,False
4.7284,16,1965.597827,True,True,True,False,False,0,0.005,False
4.84002,12,1965.761113,True,True,True,False,False,0,0.005,False
4.805166,13,1965.916023,True,True,True,False,False,0,0.005,False
4.527996,17,1966.113182,True,True,True,False,False,0,0.005,False
4.795749,14,1966.292821,True,True,True,False,False,0,0.005,False
4.842199,9,1966.397921,True,True,True,False,False,0,0.005,False
4.877962,12,1966.539002,True,True,True,False,False,0,0.005,False
4.852896,9,1966.641843,True,True,True,False,False,0,0.005,False
4.81117,15,1966.827101,True,True,True,False,False,0,0.005,False
4.773765,12,1966.986515,True,True,True,False,False,0,0.005,False
4.702023,14,1967.160613,True,True,True,False,False,0,0.005,False
4.794905,16,1967.354089,True,True,True,False,False,0,0.005,False
4.672026,14,1967.517117,True,True,True,False,False,0,0.005,False
-25.450461,254,1970.472199,False,False,True,False,False,0,0.005,False
-26.054754,278,1973.718853,False,False,True,False,False,0,0.005,False
-27.948208,335,1977.480735,False,False,True,False,False,0,0.005,False
4.733193,9,1977.583865,True,True,True,False,False,0,0.005,False
4.650712,15,1977.774026,True,True,True,False,False,0,0.005,False
-28.004483,332,1981.72605,False,False,True,False,False,0,0.01,False
4.613675,16,1981.916,True,True,True,False,False,0,0.01,False
4.752501,12,1982.064885,True,True,True,False,False,0,0.01,False
-25.080914,245,1984.885002,False,False,True,False,False,0,0.01,False
4.668482,14,1985.046464,True,True,True,False,False,0,0.01,False
-35.029465,676,1992.764625,False,False,True,True,False,0,0.01,False
-26.377149,320,1996.584057,False,False,True,False,False,0,0.01,False
-21.510851,201,1999.20547,False,False,True,False,False,0,0.01,False
-28.484622,314,2002.848853,False,False,True,False,False,0,0.01,False
-21.458626,240,2005.69961,False,False,True,False,False,0,0.01,False
-34.30451,736,2014.391803,False,False,True,False,False,0,0.01,False
-30.96333,520,2022.524954,False,False,True,False,False,0,0.01,False
-24.196029,256,2025.928025,False,False,True,False,False,0,0.01,False
-32.769554,518,2033.229582,False,False,True,False,False,0,0.01,False
-22.471015,269,2036.517699,False,False,True,False,False,0,0.01,False
-30.546947,419,2041.517652,False,False,True,False,False,0,0.01,False
4.507239,13,2041.721999,True,True,True,False,False,0,0.01,False
-33.096039,656,2049.95962,False,False,True,False,False,0,0.01,False
-29.093888,448,2055.285842,False,False,True,False,False,0,0.01,False
4.480717,12,2055.428128,True,True,True,False,False,0,0.01,False
-31.841909,502,2062.122767,False,False,True,False,False,0,0.005,False
-25.577546,276,2065.401916,False,False,True,False,False,0,0.005,False
4.600734,13,2065.562599,True,True,True,False,False,0,0.005,False
4.686046,11,2065.711448,True,True,True,False,False,0,0.005,False
4.547546,13,2065.887532,True,True,True,False,False,0,0.005,False
4.626987,12,2066.05829,True,True,True,False,False,0,0.005,False
4.403454,17,2066.294513,True,True,True,False,False,0,0.005,False
4.743819,15,2066.485742,True,True,True,False,False,0,0.005,False
4.644249,14,2066.641949,True,True,True,False,False,0,0.005,False
4.415462,15,2066.822622,True,True,True,False,False,0,0.005,False
4.485161,15,2067.019743,True,True,True,False,False,0,0.005,False
4.739815,10,2067.148633,True,True,True,False,False,0,0.005,False
4.568326,14,2067.323431,True,True,True,False,False,0,0.005,False
4.610915,13,2067.480736,True,True,True,False,False,0,0.005,False
4.373951,15,2067.667706,True,True,True,False,False,0,0.005,False
-27.286132,375,2072.04803,False,False,True,False,False,0,0.005,False
4.691703,14,2072.194618,True,True,True,False,False,0,0.005,False
4.437419,16,2072.369554,True,True,True,False,False,0,0.005,False
4.621614,14,2072.545257,True,True,True,False,False,0,0.005,False
4.809188,14,2072.689934,True,True,True,False,False,0,0.005,False
4.194535,21,2072.91349,True,True,True,False,False,0,0.01,False
4.362602,23,2073.166908,True,True,True,False,False,0,0.01,False
4.620429,20,2073.392883,True,True,True,False,False,0,0.01,False
-30.920419,588,2080.423261,False,False,True,False,False,0,0.01,False
-25.802915,280,2083.926132,False,False,True,False,False,0,0.01,False
-19.743285,186,2086.354681,False,False,True,False,False,0,0.01,False
-30.63298,473,2092.432326,False,False,True,False,False,0,0.01,False
-24.812986,281,2096.113614,False,False,True,False,False,0,0.01,False
4.594967,16,2096.31479,True,True,True,False,False,0,0.01,False
4.460433,19,2096.547584,True,True,True,False,False,0,0.01,False
4.6923,14,2096.707976,True,True,True,False,False,0,0.01,False
-30.279102,424,2101.84754,False,False,True,False,False,0,0.01,False
4.430008,16,2102.03222,True,True,True,False,False,0,0.01,False
-33.033015,732,2110.616055,False,False,True,False,False,0,0.01,False
4.602512,17,2110.839004,True,True,True,False,False,0,0.01,False
-26.968809,305,2114.401694,False,False,True,False,False,0,0.01,False
-39.859503,1009,2127.103365,False,False,True,True,False,0,0.01,False
-24.14861,264,2130.816407,False,False,True,False,False,0,0.01,False
-33.477671,519,2137.673549,False,False,True,False,False,0,0.01,False
-36.057646,625,2146.2994,False,False,True,True,False,0,0.01,False
-36.003332,757,2156.547599,False,False,True,True,False,0,0.005,False
-24.875985,220,2159.465473,False,False,True,False,False,0,0.005,False
-26.785331,292,2163.248044,False,False,True,False,False,0,0.005,False
4.536361,10,2163.389792,True,True,True,False,False,0,0.005,False
-29.005578,412,2168.893995,False,False,True,False,False,0,0.005,False
-25.995042,253,2171.921052,False,False,True,False,False,0,0.005,False
4.458019,10,2172.072698,True,True,True,False,False,0,0.005,False
-36.176513,856,2183.469946,False,False,True,True,False,0,0.005,False
-32.513104,462,2189.540207,False,False,True,False,False,0,0.005,False
-30.163004,379,2194.850914,False,False,True,False,False,0,0.005,False
-29.221387,366,2200.284162,False,False,True,False,False,0,0.005,False
-42.674856,1338,2217.005508,False,False,True,False,False,0,0.005,False
-28.448318,359,2221.674184,False,False,True,False,False,0,0.005,False
-33.013994,474,2227.462766,False,False,True,False,False,0,0.005,False
-37.065893,770,2239.893723,False,False,True,False,False,0,0.005,False
-20.965355,169,2241.980037,False,False,True,False,False,0,0.005,False
-29.831877,430,2247.432882,False,False,True,False,False,0,0.005,False
-24.003241,411,2252.838969,False,False,True,False,False,0,0.005,False
-31.667229,487,2259.002558,False,False,True,False,False,0,0.005,False
-21.411586,179,2261.065,False,False,True,False,False,0,0.005,False
-31.019285,596,2268.126031,False,False,True,False,False,0,0.0,False
-28.275576,405,2273.608754,False,False,True,False,False,0,0.0,False
-20.765322,178,2276.341101,False,False,True,False,False,0,0.0,False
-30.029593,475,2282.719237,False,False,True,False,False,0,0.0,False
-35.359564,647,2292.019234,False,False,True,True,False,0,0.0,False
-30.63846,537,2300.92338,False,False,True,False,False,0,0.0,False
-34.974055,594,2309.596575,False,False,True,True,False,0,0.0,False
-29.153778,425,2315.889085,False,False,True,False,False,0,0.0,False
-33.203541,578,2323.882352,False,False,True,False,False,0,0.0,False
-37.597507,852,2335.434909,False,False,True,False,False,0,0.0,False
-28.832754,397,2340.951555,False,False,True,False,False,0,0.0,False
-29.148939,475,2347.009761,False,False,True,False,False,0,0.0,False
-36.248691,969,2360.635829,False,False,True,True,False,0,0.0,False
-29.406798,492,2367.196695,False,False,True,False,False,0,0.0,False
-30.615391,521,2373.689679,False,False,True,False,False,0,0.0,False
-27.430645,380,2378.606672,False,False,True,False,False,0,0.0,False
-27.761902,400,2383.590705,False,False,True,False,False,0,0.0,False
-28.323392,434,2389.662664,False,False,True,False,False,0,0.0,False
-22.768546,285,2393.780141,False,False,True,False,False,0,0.0,False
-24.356263,355,2398.1491,False,False,True,False,False,0,0.0,False
-27.382608,385,2403.108931,False,False,True,False,False,0,0.0,False
-27.424122,460,2409.095636,False,False,True,False,False,0,0.0,False
-33.723625,664,2418.636426,False,False,True,False,False,0,0.0,False
-23.31638,301,2423.022835,False,False,True,False,False,0,0.0,False
-23.343856,290,2426.806125,False,False,True,False,False,0,0.0,False
-28.402136,458,2433.430703,False,False,True,False,False,0,0.0,False
-20.725648,194,2436.275828,False,False,True,False,False,0,0.0,False
-20.205538,140,2438.149126,False,False,True,False,False,0,0.0,False
-20.978193,197,2440.856912,False,False,True,False,False,0,0.0,False
-21.701003,175,2443.265258,False,False,True,False,False,0,0.0,False
-20.768571,167,2445.559532,False,False,True,False,False,0,0.0,False
-20.712152,176,2448.042341,False,False,True,False,False,0,0.0,False
-21.101605,161,2450.498969,False,False,True,False,False,0,0.0,False
-36.777612,729,2459.762695,False,False,True,True,False,0,0.0,False
-20.266592,154,2461.563082,False,False,True,False,False,0,0.0,False
-28.46353,378,2466.224695,False,False,True,False,False,0,0.0,False
-27.266858,393,2472.052794,False,False,True,False,False,0,0.0,False
-20.840931,190,2475.797135,False,False,True,False,False,0,0.0,False
-21.474056,189,2478.715501,False,False,True,False,False,0,0.0,False
-28.603559,425,2484.755499,False,False,True,False,False,0,0.0,False
-28.606368,509,2492.060535,False,False,True,False,False,0,0.0,False
-21.156705,165,2494.283786,False,False,True,False,False,0,0.0,False
-21.592776,178,2496.869956,False,False,True,False,False,0,0.0,False
-32.320175,648,2505.775192,False,False,True,False,False,0,0.0,False
-22.006005,194,2508.166533,False,False,True,False,False,0,0.0,False
-26.487404,295,2511.708524,False,False,True,False,False,0,0.0,False
-28.444549,408,2516.786796,False,False,True,False,False,0,0.0,False
-29.208856,367,2521.300736,False,False,True,False,False,0,0.0,False
-20.273274,181,2523.506561,False,False,True,False,False,0,0.0,False
-29.440391,371,2528.148856,False,False,True,False,False,0,0.0,False
-25.398484,249,2531.645097,False,False,True,False,False,0,0.0,False
-29.033044,374,2536.292804,False,False,True,False,False,0,0.0,False
-36.290692,614,2543.835049,False,False,True,False,False,0,0.0,False
-26.800246,324,2547.860909,False,False,True,False,False,0,0.0,False
-28.419478,356,2552.219903,False,False,True,False,False,0,0.0,False
-32.304303,466,2558.203841,False,False,True,False,False,0,0.0,False
-27.97349,373,2562.573646,False,False,True,False,False,0,0.0,False
-29.653451,332,2566.481665,False,False,True,False,False,0,0.0,False
-32.135651,470,2572.18902,False,False,True,False,False,0,0.0,False
-30.196923,354,2613.178953,False,False,True,False,False,0,0.0,False
-25.812901,211,2615.885747,False,False,True,False,False,0,0.0,False
-26.822983,247,2619.129037,False,False,True,False,False,0,0.0,False
-28.243926,288,2622.654863,False,False,True,False,False,0,0.0,False
-39.340511,760,2632.23767,False,False,True,False,False,0,0.0,False
-36.753422,798,2641.80928,False,False,True,False,False,0,0.0,False
-23.945202,277,2645.129632,False,False,True,False,False,0,0.0,False
-23.086069,241,2648.13677,False,False,True,False,False,0,0.0,False
-24.059041,230,2651.178499,False,False,True,False,False,0,0.0,False
-22.138413,224,2653.845924,False,False,True,False,False,0,0.0,False
-22.250188,220,2656.485933,False,False,True,False,False,0,0.0,False
-37.280158,736,2666.50798,False,False,True,False,False,0,0.0,False
-28.175822,371,2671.525495,False,False,True,False,False,0,0.0,False
-21.878911,199,2674.423607,False,False,True,False,False,0,0.0,False
-29.378768,381,2679.282878,False,False,True,False,False,0,0.0,False
-23.712909,221,2682.041676,False,False,True,False,False,0,0.0,False
-23.76319,230,2685.117705,False,False,True,False,False,0,0.0,False
-22.951956,196,2687.503784,False,False,True,False,False,0,0.0,False
-23.830152,213,2690.038807,False,False,True,False,False,0,0.0,False
-22.039446,175,2692.125681,False,False,True,False,False,0,0.0,False
-26.580452,343,2696.16396,False,False,True,False,False,0,0.0,False
-22.147596,195,2698.437227,False,False,True,False,False,0,0.0,False
-23.281742,211,2700.945918,False,False,True,False,False,0,0.0,False
-22.074351,174,2702.986267,False,False,True,False,False,0,0.0,False
-23.558192,200,2705.364756,False,False,True,False,False,0,0.0,False
-24.232444,200,2707.785228,False,False,True,False,False,0,0.0,False
-21.923694,163,2709.711573,False,False,True,False,False,0,0.0,False
-26.362548,257,2712.752778,False,False,True,False,False,0,0.0,False
-23.637906,196,2715.132866,False,False,True,False,False,0,0.0,False
-22.756015,180,2717.591998,False,False,True,False,False,0,0.0,False
-21.661159,169,2719.861664,False,False,True,False,False,0,0.0,False
-29.792879,348,2724.127551,False,False,True,False,False,0,0.0,False
-25.370657,212,2726.722171,False,False,True,False,False,0,0.0,False
-21.990721,172,2728.813831,False,False,True,False,False,0,0.0,False
-29.972642,417,2733.751498,False,False,True,False,False,0,0.0,False
-22.149226,189,2735.945735,False,False,True,False,False,0,0.0,False
-29.967889,375,2740.44493,False,False,True,False,False,0,0.0,False
-38.161766,712,2748.994625,False,False,True,False,False,0,0.0,False
-30.648593,492,2754.80148,False,False,True,False,False,0,0.0,False
-30.78901,379,2759.224413,False,False,True,False,False,0,0.0,False
-22.608185,153,2761.11367,False,False,True,False,False,0,0.0,False
-23.478611,179,2763.487549,False,False,True,False,False,0,0.0,False
-22.584422,156,2765.42143,False,False,True,False,False,0,0.0,False
-23.221227,175,2767.521736,False,False,True,False,False,0,0.0,False
-34.321669,543,2774.223791,False,False,True,False,False,0,0.0,False
-22.209526,156,2776.145706,False,False,True,False,False,0,0.0,False
-22.177578,166,2778.059202,False,False,True,False,False,0,0.0,False
-23.935149,207,2780.472659,False,False,True,False,False,0,0.0,False
-22.339857,155,2782.472892,False,False,True,False,False,0,0.0,False
-22.51978,193,2785.039236,False,False,True,False,False,0,0.0,False
-22.561017,157,2787.378551,False,False,True,False,False,0,0.0,False
-22.556204,157,2789.309217,False,False,True,False,False,0,0.0,False
-22.166697,151,2791.154485,False,False,True,False,False,0,0.0,False
-21.972227,146,2792.880677,False,False,True,False,False,0,0.0,False
-22.058316,154,2795.147481,False,False,True,False,False,0,0.0,False
-22.004125,146,2796.99871,False,False,True,False,False,0,0.0,False
-21.941955,168,2799.094543,False,False,True,False,False,0,0.0,False
-21.75355,151,2800.92458,False,False,True,False,False,0,0.0,False
-22.200005,165,2802.872048,False,False,True,False,False,0,0.0,False
-22.20111,170,2804.814964,False,False,True,False,False,0,0.0,False
-22.76147,177,2806.802374,False,False,True,False,False,0,0.0,False
-26.944468,286,2810.137186,False,False,True,False,False,0,0.0,False
-35.437305,607,2817.222162,False,False,True,False,False,0,0.0,False
-22.347353,163,2819.211481,False,False,True,False,False,0,0.0,False
-32.538548,472,2824.888461,False,False,True,False,False,0,0.0,False
-28.177913,348,2829.120388,False,False,True,False,False,0,0.0,False
-38.716192,861,2840.725,False,False,True,False,False,0,0.0,False
-37.840319,893,2851.766426,False,False,True,False,False,0,0.0,False
-34.385055,576,2859.441244,False,False,True,True,False,0,0.0,False
-40.698239,893,2870.748324,False,False,True,True,False,0,0.0,False
-42.015195,1117,2884.98175,False,False,True,False,False,0,0.0,False
-25.173849,209,2887.921317,False,False,True,False,False,0,0.0,False
-28.623219,622,2895.830252,False,False,True,False,False,0,0.0,False
-26.011349,229,2899.013106,False,False,True,False,False,0,0.0,False
-27.164258,280,2902.348234,False,False,True,False,False,0,0.0,False
-25.498822,211,2904.763553,False,False,True,False,False,0,0.0,False
-25.45472,213,2907.369181,False,False,True,False,False,0,0.0,False
-25.601325,222,2910.024023,False,False,True,False,False,0,0.0,False
-25.215157,205,2912.442495,False,False,True,False,False,0,0.0,False
-25.531001,218,2915.043489,False,False,True,False,False,0,0.0,False
-25.088603,205,2917.450881,False,False,True,False,False,0,0.0,False
-25.210462,203,2919.84919,False,False,True,False,False,0,0.0,False
-24.967507,197,2925.04939,False,False,True,False,False,0,0.0,False
-25.56404,221,2927.67974,False,False,True,False,False,0,0.0,False
-26.719679,250,2930.62338,False,False,True,False,False,0,0.0,False
-30.769034,401,2935.419517,False,False,True,False,False,0,0.0,False
-39.637917,794,2945.099324,False,False,True,False,False,0,0.0,False
-24.983929,203,2947.487629,False,False,True,False,False,0,0.0,False
-25.642664,225,2950.146347,False,False,True,False,False,0,0.0,False
-26.869335,261,2953.081056,False,False,True,False,False,0,0.0,False
-25.862565,228,2955.857247,False,False,True,False,False,0,0.0,False
-25.805642,242,2958.764959,False,False,True,False,False,0,0.0,False
-26.957134,259,2961.756435,False,False,True,False,False,0,0.0,False
-26.92511,261,2964.972805,False,False,True,False,False,0,0.0,False
-25.105293,207,2967.39651,False,False,True,False,False,0,0.0,False
-25.178567,206,2970.069283,False,False,True,False,False,0,0.0,False
-24.960433,201,2972.447781,False,False,True,False,False,0,0.0,False
-25.314925,213,2975.232992,False,False,True,False,False,0,0.0,False
-22.815049,188,2977.69678,False,False,True,False,False,0,0.0,False
-28.899024,352,2982.231174,False,False,True,False,False,0,0.0,False
-28.638464,331,2986.286936,False,False,True,False,False,0,0.0,False
-32.248902,478,2992.306143,False,False,True,False,False,0,0.0,False
-29.758005,375,2997.215777,False,False,True,False,False,0,0.0,False
-28.575688,375,3002.162912,False,False,True,False,False,0,0.0,False
4.528614,7,3002.295002,True,True,True,False,False,0,0.0,False
-29.999619,400,3008.082373,False,False,True,False,False,0,0.0,False
-32.623324,509,3016.27696,False,False,True,False,False,0,0.0,False
-22.796329,191,3019.43752,False,False,True,False,False,0,0.0,False
4.521898,7,3019.537532,True,True,True,False,False,0,0.0,False
4.57015,6,3019.655473,True,True,True,False,False,0,0.0,False
4.501421,7,3019.795135,True,True,True,False,False,0,0.0,False
-22.296087,182,3023.154912,False,False,True,False,False,0,0.0,False
-30.288604,383,3029.909827,False,False,True,False,False,0,0.0,False
-22.291397,175,3032.96919,False,False,True,False,False,0,0.0,False
-39.377432,801,3046.198555,False,False,True,False,False,0,0.0,False
-29.464483,380,3053.152725,False,False,True,False,False,0,0.0,False
-30.222353,433,3060.685958,False,False,True,False,False,0,0.0,False
-34.496463,594,3070.529721,False,False,True,False,False,0,0.0,False
-23.842353,216,3074.219057,False,False,True,False,False,0,0.0,False
4.51231,8,3074.357713,True,True,True,False,False,0,0.0,False
-29.121813,348,3081.003194,False,False,True,False,False,0,0.0,False
-24.252323,227,3085.236739,False,False,True,False,False,0,0.0,False
-24.8494,236,3090.003526,False,False,True,False,False,0,0.0,False
-23.452994,213,3094.123214,False,False,True,False,False,0,0.0,False
-28.650015,337,3100.368276,False,False,True,False,False,0,0.0,False
-24.201048,222,3105.358636,False,False,True,False,False,0,0.0,False
-31.210152,415,3113.709643,False,False,True,False,False,0,0.0,False
-27.683589,320,3120.542697,False,False,True,False,False,0,0.0,False
-29.453762,350,3127.257059,False,False,True,False,False,0,0.0,False
-31.703536,442,3135.425313,False,False,True,False,False,0,0.0,False
-23.612954,216,3139.371845,False,False,True,False,False,0,0.0,False
-31.267591,432,3147.281822,False,False,True,False,False,0,0.0,False
-30.757458,413,3154.897515,False,False,True,False,False,0,0.0,False
-23.18423,203,3158.624321,False,False,True,False,False,0,0.0,False
-23.533402,211,3162.448689,False,False,True,False,False,0,0.0,False
-31.644194,479,3171.132187,False,False,True,False,False,0,0.0,False
-34.500526,694,3182.542087,False,False,True,False,False,0,0.0,False
-33.286738,490,3189.780347,False,False,True,False,False,0,0.0,False
-31.864272,492,3198.191503,False,False,True,False,False,0,0.0,False
-41.037571,1045,3214.098179,False,False,True,False,False,0,0.0,False
-32.489844,479,3220.628715,False,False,True,False,False,0,0.0,False
-37.790622,721,3230.501938,False,False,True,False,False,0,0.0,False
-29.159221,352,3235.917756,False,False,True,False,False,0,0.0,False
-40.648589,817,3247.439738,False,False,True,False,False,0,0.0,False
-34.694366,517,3254.814016,False,False,True,False,False,0,0.0,False
-25.738094,236,3258.682123,False,False,True,False,False,0,0.0,False
-28.352343,303,3263.732825,False,False,True,False,False,0,0.0,False
-26.697298,268,3268.805218,False,False,True,False,False,0,0.0,False
-27.209941,277,3273.751505,False,False,True,False,False,0,0.0,False
-25.795776,235,3277.618968,False,False,True,False,False,0,0.0,False
-26.347643,242,3282.283478,False,False,True,False,False,0,0.0,False
-26.927876,255,3286.887946,False,False,True,False,False,0,0.0,False
-23.399864,188,3289.959654,False,False,True,False,False,0,0.0,False
-25.764204,235,3294.519991,False,False,True,False,False,0,0.0,False
-25.903,240,3299.58011,False,False,True,False,False,0,0.0,False
-22.896144,192,3303.670427,False,False,True,False,False,0,0.0,False
-33.1397,459,3310.918454,False,False,True,False,False,0,0.0,False
