#{"t_start": 1786621830.1048653, "env_id": "None"}
r,l,t,completed,gate_reached,constraint_success,distance_failure,time_failure,mission_phase
-42.261765,477,5.719566,False,False,True,False,False,0
-31.854097,218,6.892181,False,False,True,False,False,0
-32.026624,239,7.991779,False,False,True,False,False,0
-30.000828,158,8.72158,False,False,True,False,False,0
-36.562574,255,9.898564,False,False,True,False,False,0
-37.64094,168,10.678982,False,False,True,False,False,0
-32.686525,145,11.406134,False,False,True,False,False,0
-44.925793,410,13.291997,False,False,True,False,False,0
-34.524907,160,14.043207,False,False,True,False,False,0
-37.268462,204,14.984796,False,False,True,False,False,0
-35.56434,205,15.925933,False,False,True,False,False,0
-32.507008,214,16.90709,False,False,True,False,False,0
-29.759146,118,17.46348,False,False,True,False,False,0
-42.287481,364,19.143949,False,False,True,False,False,0
-34.471568,127,19.735654,False,False,True,False,False,0
-45.288899,228,20.855562,False,False,True,False,False,0
-46.915613,272,22.111741,False,False,True,False,False,0
-42.489709,214,23.10813,False,False,True,False,False,0
-34.327551,216,24.10034,False,False,True,False,False,0
-28.812534,204,25.031121,False,False,True,False,False,0
-42.167453,227,26.102166,False,False,True,False,False,0
-32.718085,144,26.777871,False,False,True,False,False,0
-35.980511,141,28.514526,False,False,True,False,False,0
-72.922812,254,31.147246,False,False,True,False,False,0
-39.543087,136,32.511607,False,False,True,False,False,0
-23.882094,95,33.537301,False,False,True,False,False,0
-28.719366,75,34.364346,False,False,True,False,False,0
-58.989281,211,36.625818,False,False,True,False,False,0
-49.097701,130,38.173421,False,False,True,False,False,0
-54.636369,68,38.911062,False,False,True,False,False,0
-84.144159,219,41.176417,False,False,True,False,False,0
-35.310161,111,42.317972,False,False,True,False,False,0
-24.477733,375,46.275671,False,False,True,False,False,0
-42.406543,119,47.591412,False,False,True,False,False,0
-70.517026,1020,58.3832,False,False,True,False,False,0
-95.321478,711,65.861016,False,False,True,True,False,0
-63.294821,502,71.253949,False,False,True,False,False,0
-52.468228,353,74.862404,False,False,True,False,False,0
-19.740885,117,76.07925,False,False,True,False,False,0
-72.95195,708,83.525281,False,False,True,False,False,0
-45.499576,255,86.389922,False,False,True,False,False,0
-31.048671,258,89.089201,False,False,True,False,False,0
-26.558795,141,90.563424,False,False,True,False,False,0
-23.195865,387,94.846191,False,False,True,False,False,0
-35.930173,613,101.405412,False,False,True,False,False,0
-24.594143,106,102.545402,False,False,True,False,False,0
-107.592542,981,112.978208,False,False,True,True,False,0
-47.131178,314,116.515518,False,False,True,False,False,0
-60.600605,469,121.368628,False,False,True,False,False,0
-54.575177,340,124.885893,False,False,True,False,False,0
-18.692689,241,127.530442,False,False,True,False,False,0
-106.944406,750,135.393315,False,False,True,True,False,0
-21.657994,252,137.964945,False,False,True,False,False,0
-35.232968,291,141.083015,False,False,True,False,False,0
-23.932926,138,142.401454,False,False,True,False,False,0
-16.715327,443,147.147138,False,False,True,False,False,0
-86.23432,659,154.123911,False,False,True,True,False,0
-18.63076,173,156.030838,False,False,True,False,False,0
-86.365676,483,161.246591,False,False,True,True,False,0
-50.335058,384,165.591451,False,False,True,False,False,0
-83.744283,541,171.294716,False,False,True,True,False,0
-22.144726,144,172.773553,False,False,True,False,False,0
-32.691349,193,174.831295,False,False,True,False,False,0
-73.509098,618,181.288449,False,False,True,False,False,0
-26.300595,114,182.466954,False,False,True,False,False,0
-22.977805,230,184.827331,False,False,True,False,False,0
-23.827182,105,185.94254,False,False,True,False,False,0
-84.03737,469,191.044984,False,False,True,True,False,0
-19.933216,114,192.22836,False,False,True,False,False,0
-22.887942,52,192.822841,False,False,True,False,False,0
-21.435252,82,193.769665,False,False,True,False,False,0
-101.798676,528,199.91049,False,False,True,True,False,0
-22.256529,70,200.809403,False,False,True,False,False,0
-78.335281,573,206.658412,False,False,True,False,False,0
-28.670247,110,207.836112,False,False,True,False,False,0
-24.719008,215,209.913828,False,False,True,False,False,0
-32.96841,178,211.911345,False,False,True,False,False,0
-44.264227,318,215.368259,False,False,True,False,False,0
-52.207336,521,220.994742,False,False,True,False,False,0
-53.35808,409,225.223177,False,False,True,False,False,0
-114.037237,932,235.276859,False,False,True,False,False,0
-78.226366,454,239.942859,False,False,True,False,False,0
-106.120081,659,247.190614,False,False,True,True,False,0
-46.366298,259,249.834981,False,False,True,False,False,0
-27.131536,187,251.852555,False,False,True,False,False,0
-43.089856,339,255.275728,False,False,True,False,False,0
-37.581758,781,263.612566,False,False,True,False,False,0
-29.349934,240,266.089412,False,False,True,False,False,0
-24.795829,122,267.322749,False,False,True,False,False,0
-61.749917,700,274.643366,False,False,True,False,False,0
-31.175285,373,278.64147,False,False,True,False,False,0
-19.813672,218,280.849489,False,False,True,False,False,0
-75.299097,1479,296.270971,False,False,True,False,False,0
-32.660004,335,299.686094,False,False,True,False,False,0
-43.598607,219,301.933289,False,False,True,False,False,0
-54.302165,288,304.956712,False,False,True,False,False,0
-43.129787,411,309.265065,False,False,True,False,False,0
-22.072918,115,310.496325,False,False,True,False,False,0
-49.051409,683,317.758261,False,False,True,False,False,0
-32.728156,842,326.66725,False,False,True,False,False,0
-30.723666,286,329.598549,False,False,True,False,False,0
-137.132822,802,338.188781,False,False,True,False,False,0
-35.558576,710,345.57062,False,False,True,False,False,0
-18.921007,69,346.348487,False,False,True,False,False,0
-101.418502,759,354.291669,False,False,True,True,False,0
-34.72624,757,361.915783,False,False,True,False,False,0
-115.27997,947,371.849655,False,False,True,True,False,0
-19.057634,165,373.465863,False,False,True,False,False,0
-46.255028,330,377.444319,False,False,True,False,False,0
-27.74405,121,378.747821,False,False,True,False,False,0
-70.782644,700,386.142899,False,False,True,False,False,0
-94.115516,475,391.1118,False,False,True,True,False,0
-23.391368,434,395.705971,False,False,True,False,False,0
-18.74398,155,397.474621,False,False,True,False,False,0
-33.856755,123,398.769884,False,False,True,False,False,0
-104.488077,647,405.511796,False,False,True,True,False,0
-103.862072,947,415.980627,False,False,True,True,False,0
-78.761038,543,421.77251,False,False,True,True,False,0
-64.279416,324,425.381107,False,False,True,False,False,0
-92.221861,713,432.851961,False,False,True,True,False,0
-54.624188,680,440.106729,False,False,True,False,False,0
-34.590319,338,443.626057,False,False,True,False,False,0
-102.990659,820,452.307976,False,False,True,False,False,0
-28.07272,209,454.379057,False,False,True,False,False,0
-38.750157,350,458.331366,False,False,True,False,False,0
-88.124768,443,463.039704,False,False,True,True,False,0
-37.206629,644,469.700438,False,False,True,False,False,0
-81.442742,690,476.933632,False,False,True,False,False,0
-38.559948,446,481.624726,False,False,True,False,False,0
-17.360532,156,483.123847,False,False,True,False,False,0
-155.148611,1123,495.486864,False,False,True,False,False,0
-41.797148,178,497.343134,False,False,True,False,False,0
-17.41493,383,501.520004,False,False,True,False,False,0
-36.101006,503,543.178581,False,False,True,False,False,0
-27.042834,626,550.07425,False,False,True,False,False,0
-25.68947,203,552.206158,False,False,True,False,False,0
-18.920891,274,555.086356,False,False,True,False,False,0
-27.123889,102,556.164676,False,False,True,False,False,0
-32.079643,356,559.97823,False,False,True,False,False,0
-31.65713,408,564.203509,False,False,True,False,False,0
-29.348863,162,565.982713,False,False,True,False,False,0
-19.283799,604,572.305285,False,False,True,False,False,0
-41.362011,324,575.784254,False,False,True,False,False,0
-78.738439,582,581.975266,False,False,True,False,False,0
-98.082181,606,588.119527,False,False,True,False,False,0
-61.900231,376,592.171943,False,False,True,False,False,0
-13.893265,2000,613.047936,False,False,True,False,True,0
-42.82554,238,615.559929,False,False,True,False,False,0
-25.995322,117,616.685714,False,False,True,False,False,0
-23.260596,160,618.409891,False,False,True,False,False,0
-18.617549,941,628.377615,False,False,True,False,False,0
-166.802408,1067,639.594473,False,False,True,False,False,0
-45.865483,402,643.757317,False,False,True,False,False,0
-31.122188,228,646.270764,False,False,True,False,False,0
-142.593109,1081,659.050204,False,False,True,False,False,0
-64.13624,1034,669.913928,False,False,True,False,False,0
-13.200284,640,676.659091,False,False,True,False,False,0
-76.769826,501,681.949131,False,False,True,False,False,0
-56.729935,467,687.069591,False,False,True,False,False,0
-98.492089,752,694.82157,False,False,True,False,False,0
-24.385253,151,696.47598,False,False,True,False,False,0
-24.149404,73,697.269681,False,False,True,False,False,0
-14.27951,675,704.486479,False,False,True,False,False,0
-44.835421,427,708.868767,False,False,True,False,False,0
-50.998055,288,711.935683,False,False,True,False,False,0
-28.103476,1099,723.818957,False,False,True,False,False,0
-20.698243,803,732.143613,False,False,True,False,False,0
-24.452956,105,733.215329,False,False,True,False,False,0
-44.215627,893,742.537063,False,False,True,False,False,0
-45.100482,1098,753.929354,False,False,True,False,False,0
-23.908708,91,754.928995,False,False,True,False,False,0
-74.610882,675,762.035697,False,False,True,False,False,0
-121.874113,1231,774.875638,False,False,True,True,False,0
-99.577368,652,781.665667,False,False,True,True,False,0
-82.834971,907,791.00816,False,False,True,False,False,0
-63.415081,1037,802.228887,False,False,True,False,False,0
-129.934059,858,811.487931,False,False,True,False,False,0
-114.894942,821,820.396311,False,False,True,False,False,0
-72.031593,725,827.965979,False,False,True,False,False,0
-22.20235,85,828.933288,False,False,True,False,False,0
-47.729116,2000,849.616285,False,False,True,False,True,0
-32.929015,232,852.123317,False,False,True,False,False,0
-36.929644,345,855.617458,False,False,True,False,False,0
-71.842044,830,864.319972,False,False,True,False,False,0
-88.381721,832,872.935959,False,False,True,False,False,0
-92.740515,659,879.817679,False,False,True,True,False,0
-32.465822,355,883.415453,False,False,True,False,False,0
-17.589175,75,884.21463,False,False,True,False,False,0
-117.456925,1245,897.068954,False,False,True,True,False,0
-50.70504,652,903.640588,False,False,True,False,False,0
-117.969656,1931,923.703326,False,False,True,False,False,0
-86.96922,1692,941.485667,False,False,True,False,False,0
-34.801832,417,945.818345,False,False,True,False,False,0
-92.495156,599,951.95737,False,False,True,True,False,0
-83.71198,781,960.046422,False,False,True,False,False,0
-106.436722,914,969.747057,False,False,True,True,False,0
-27.661998,268,972.468421,False,False,True,False,False,0
-132.950429,1180,984.808741,False,False,True,False,False,0
-102.667186,728,992.390798,False,False,True,True,False,0
-154.452743,1302,1005.926163,False,False,True,False,False,0
-52.335834,232,1008.35022,False,False,True,False,False,0
-79.614561,834,1017.492109,False,False,True,False,False,0
-32.580668,564,1023.254879,False,False,True,False,False,0
-101.564266,837,1031.77061,False,False,True,False,False,0
-80.983817,403,1036.08728,False,False,True,False,False,0
-100.66117,639,1042.756535,False,False,True,False,False,0
-96.078403,1143,1054.489299,False,False,True,False,False,0
-31.19905,489,1059.574902,False,False,True,False,False,0
-56.673567,411,1063.933111,False,False,True,False,False,0
-105.162391,681,1116.919214,False,False,True,False,False,0
-83.349812,705,1124.564206,False,False,True,False,False,0
-35.257611,259,1127.224599,False,False,True,False,False,0
-124.703134,1319,1140.838139,False,False,True,True,False,0
-126.936631,989,1151.235764,False,False,True,False,False,0
-47.712951,287,1154.203678,False,False,True,False,False,0
-74.31497,421,1158.721112,False,False,True,True,False,0
-48.670639,247,1161.343256,False,False,True,False,False,0
-23.818183,411,1165.549146,False,False,True,False,False,0
-90.328999,907,1175.020833,False,False,True,False,False,0
-37.123131,249,1177.621281,False,False,True,False,False,0
-44.11878,287,1180.577498,False,False,True,False,False,0
-113.312473,674,1187.610442,False,False,True,True,False,0
-73.024081,575,1193.589081,False,False,True,False,False,0
-145.142441,1398,1208.13094,False,False,True,False,False,0
-19.401848,224,1210.52226,False,False,True,False,False,0
-114.231661,853,1219.350452,False,False,True,True,False,0
-66.76445,767,1227.251713,False,False,True,False,False,0
-61.588429,443,1231.98694,False,False,True,False,False,0
-119.239749,539,1237.62478,False,False,True,False,False,0
-98.696741,911,1247.169815,False,False,True,False,False,0
-100.635285,638,1253.756581,False,False,True,False,False,0
-101.329203,873,1262.67801,False,False,True,True,False,0
-112.292081,690,1269.908521,False,False,True,True,False,0
-62.46673,449,1274.61009,False,False,True,False,False,0
-32.145186,174,1276.35392,False,False,True,False,False,0
-97.784451,896,1286.12058,False,False,True,True,False,0
-58.14339,902,1295.584769,False,False,True,False,False,0
-71.57072,712,1303.045181,False,False,True,False,False,0
-98.545304,541,1308.597533,False,False,True,False,False,0
-73.464577,587,1314.626859,False,False,True,False,False,0
-101.942175,835,1323.855665,False,False,True,True,False,0
-94.460824,897,1333.260029,False,False,True,True,False,0
-26.876911,232,1335.70438,False,False,True,False,False,0
-59.039367,492,1340.815484,False,False,True,False,False,0
-59.416151,508,1346.146387,False,False,True,False,False,0
-76.927031,1006,1356.63546,False,False,True,False,False,0
-61.36755,695,1364.204128,False,False,True,False,False,0
-89.165896,572,1370.121149,False,False,True,True,False,0
-105.063018,718,1377.631428,False,False,True,True,False,0
-83.696368,814,1386.111545,False,False,True,False,False,0
-94.9488,788,1394.392736,False,False,True,True,False,0
-44.406832,426,1398.826779,False,False,True,False,False,0
-98.690624,753,1406.811435,False,False,True,True,False,0
-55.768015,707,1414.303242,False,False,True,False,False,0
-42.745518,403,1418.351928,False,False,True,False,False,0
-21.158385,540,1424.121665,False,False,True,False,False,0
-37.183767,529,1429.814604,False,False,True,False,False,0
-146.764246,1190,1442.232499,False,False,True,True,False,0
-108.823068,791,1450.387383,False,False,True,False,False,0
-59.348458,372,1454.315104,False,False,True,False,False,0
-134.154891,1045,1465.225966,False,False,True,False,False,0
-74.252451,499,1470.32951,False,False,True,False,False,0
-59.907961,526,1476.094818,False,False,True,False,False,0
-88.757725,431,1480.584035,False,False,True,True,False,0
-150.225061,1611,1497.339152,False,False,True,True,False,0
-99.618664,1061,1508.538586,False,False,True,False,False,0
-58.530294,463,1513.58318,False,False,True,False,False,0
-77.59326,494,1518.687394,False,False,True,False,False,0
-78.437874,479,1523.670958,False,False,True,True,False,0
-67.151562,1776,1542.277127,False,False,True,False,False,0
-100.191873,1204,1555.328324,False,False,True,True,False,0
-63.983967,890,1564.892501,False,False,True,False,False,0
-45.974723,277,1568.715112,False,False,True,False,False,0
-37.081158,204,1570.961275,False,False,True,False,False,0
-41.884834,518,1576.421356,False,False,True,False,False,0
-21.75674,445,1581.099388,False,False,True,False,False,0
-41.170571,241,1583.504183,False,False,True,False,False,0
-55.485655,436,1588.546021,False,False,True,False,False,0
-37.123275,699,1595.797848,False,False,True,False,False,0
-71.257144,1408,1610.553457,False,False,True,False,False,0
-82.223129,842,1619.771635,False,False,True,False,False,0
-31.653272,157,1621.454846,False,False,True,False,False,0
-93.298464,437,1625.972245,False,False,True,True,False,0
-99.608544,1014,1636.67898,False,False,True,False,False,0
-55.96207,497,1682.638428,False,False,True,False,False,0
-155.163212,611,1689.194182,False,False,True,False,False,0
-131.815965,681,1696.758129,False,False,True,False,False,0
-73.182815,856,1705.685441,False,False,True,False,False,0
-78.334535,474,1710.70593,False,False,True,False,False,0
-103.362658,695,1717.90419,False,False,True,False,False,0
-25.368179,232,1720.430929,False,False,True,False,False,0
-73.924994,440,1725.098411,False,False,True,False,False,0
-72.874758,774,1733.036638,False,False,True,False,False,0
-107.469822,519,1738.423331,False,False,True,True,False,0
-81.059345,684,1745.833515,False,False,True,False,False,0
-22.410733,105,1746.958519,False,False,True,False,False,0
-18.762889,440,1751.706337,False,False,True,False,False,0
-17.748566,357,1755.410552,False,False,True,False,False,0
-75.305431,479,1760.39086,False,False,True,False,False,0
-17.912961,142,1761.849427,False,False,True,False,False,0
-27.380579,387,1765.955624,False,False,True,False,False,0
-69.51971,783,1774.292528,False,False,True,False,False,0
-24.390831,297,1777.304842,False,False,True,False,False,0
-84.981454,722,1784.954922,False,False,True,False,False,0
-54.46772,277,1788.021839,False,False,True,False,False,0
-29.593473,268,1790.771235,False,False,True,False,False,0
-24.577779,208,1792.864543,False,False,True,False,False,0
-139.625046,692,1800.168832,False,False,True,False,False,0
-28.400079,154,1801.853294,False,False,True,False,False,0
-26.469012,279,1804.699297,False,False,True,False,False,0
-21.557374,115,1805.830143,False,False,True,False,False,0
-21.210508,205,1807.988558,False,False,True,False,False,0
-132.08845,724,1815.639358,False,False,True,True,False,0
-53.642945,313,1818.9065,False,False,True,False,False,0
-50.18438,759,1826.843633,False,False,True,False,False,0
-27.892954,126,1828.242876,False,False,True,False,False,0
-62.032771,470,1832.988484,False,False,True,False,False,0
-30.926933,118,1834.299961,False,False,True,False,False,0
-28.504793,274,1837.180183,False,False,True,False,False,0
-27.257605,319,1840.437556,False,False,True,False,False,0
-24.411377,133,1841.807013,False,False,True,False,False,0
-37.438886,238,1844.218819,False,False,True,False,False,0
-71.661508,447,1848.898381,False,False,True,False,False,0
-25.074683,264,1851.638599,False,False,True,False,False,0
-81.888184,494,1856.822609,False,False,True,True,False,0
-21.907167,230,1859.210447,False,False,True,False,False,0
-20.316761,148,1860.76078,False,False,True,False,False,0
-43.540599,329,1864.161356,False,False,True,False,False,0
-75.070447,424,1868.731421,False,False,True,False,False,0
-40.357213,353,1872.419794,False,False,True,False,False,0
-97.902307,655,1879.223627,False,False,True,False,False,0
-37.33108,273,1882.087622,False,False,True,False,False,0
-61.108068,435,1886.748736,False,False,True,False,False,0
-87.636177,1200,1899.380477,False,False,True,False,False,0
-33.664425,222,1901.771553,False,False,True,False,False,0
-105.015639,468,1906.510617,False,False,True,False,False,0
-23.133625,162,1908.269314,False,False,True,False,False,0
-60.621789,569,1914.14101,False,False,True,False,False,0
-111.383856,567,1920.364882,False,False,True,False,False,0
-92.238627,887,1929.806151,False,False,True,True,False,0
-89.099623,600,1936.108084,False,False,True,True,False,0
-72.035309,456,1940.783369,False,False,True,False,False,0
-23.288177,85,1941.728216,False,False,True,False,False,0
-30.689444,369,1945.549699,False,False,True,False,False,0
-26.875407,144,1947.061884,False,False,True,False,False,0
-81.777629,493,1952.585841,False,False,True,True,False,0
-52.038166,339,1956.1079,False,False,True,False,False,0
-24.533442,70,1956.836363,False,False,True,False,False,0
-20.643234,129,1958.216036,False,False,True,False,False,0
-90.023082,1078,1969.652673,False,False,True,False,False,0
-26.022842,71,1970.482616,False,False,True,False,False,0
-45.132819,265,1973.175694,False,False,True,False,False,0
-24.424031,94,1974.278428,False,False,True,False,False,0
-68.339452,548,1980.043906,False,False,True,False,False,0
-46.223873,399,1984.319614,False,False,True,False,False,0
-57.892472,427,1988.70083,False,False,True,False,False,0
-73.205518,445,1993.448139,False,False,True,False,False,0
-75.455417,634,2000.368485,False,False,True,False,False,0
-149.001438,519,2005.78237,False,False,True,False,False,0
-26.757705,351,2009.445673,False,False,True,False,False,0
-64.086273,391,2013.53336,False,False,True,False,False,0
-22.744513,305,2016.742532,False,False,True,False,False,0
-83.538347,812,2025.306011,False,False,True,False,False,0
-29.078634,118,2026.522224,False,False,True,False,False,0
-39.632116,136,2028.000628,False,False,True,False,False,0
-65.759312,811,2036.445625,False,False,True,False,False,0
-72.123469,377,2040.406342,False,False,True,False,False,0
-34.184488,228,2042.8156,False,False,True,False,False,0
-103.80922,607,2049.164766,False,False,True,False,False,0
-19.983704,128,2050.608354,False,False,True,False,False,0
-94.798543,696,2057.804078,False,False,True,False,False,0
-21.483968,200,2059.77981,False,False,True,False,False,0
-27.378537,115,2061.052391,False,False,True,False,False,0
-18.544645,172,2062.960351,False,False,True,False,False,0
-29.018021,218,2065.261882,False,False,True,False,False,0
-45.728667,278,2068.130845,False,False,True,False,False,0
-14.260668,255,2070.974767,False,False,True,False,False,0
-49.617884,263,2073.623026,False,False,True,False,False,0
-19.060685,121,2074.952407,False,False,True,False,False,0
-68.662506,335,2078.549021,False,False,True,False,False,0
-23.874025,85,2079.381539,False,False,True,False,False,0
-67.163688,187,2081.371556,False,False,True,False,False,0
-21.99481,150,2083.077182,False,False,True,False,False,0
-23.461328,343,2086.664117,False,False,True,False,False,0
-31.313041,104,2087.817503,False,False,True,False,False,0
-44.685269,199,2089.905094,False,False,True,False,False,0
-35.336344,333,2093.395897,False,False,True,False,False,0
-70.590611,405,2097.530472,False,False,True,False,False,0
-46.965144,87,2098.552643,False,False,True,False,False,0
-27.156283,58,2099.165602,False,False,True,False,False,0
-96.895682,457,2103.932176,False,False,True,False,False,0
-32.309275,206,2106.102226,False,False,True,False,False,0
-37.775332,234,2108.371971,False,False,True,False,False,0
-84.344158,530,2113.868603,False,False,True,False,False,0
-19.708132,165,2115.734708,False,False,True,False,False,0
-61.086645,137,2117.142029,False,False,True,False,False,0
-26.398471,280,2120.058867,False,False,True,False,False,0
-79.756537,458,2125.016835,False,False,True,False,False,0
-85.063337,611,2131.384327,False,False,True,True,False,0
-68.556785,722,2138.971965,False,False,True,False,False,0
-56.670103,386,2143.034223,False,False,True,False,False,0
-52.717317,355,2146.708808,False,False,True,False,False,0
-67.123805,407,2151.009795,False,False,True,False,False,0
-51.928744,306,2154.224405,False,False,True,False,False,0
-74.771984,550,2160.108342,False,False,True,False,False,0
-18.855617,180,2161.917634,False,False,True,False,False,0
-58.397347,293,2165.056823,False,False,True,False,False,0
-36.178122,318,2168.452827,False,False,True,False,False,0
-18.767495,246,2171.005356,False,False,True,False,False,0
-78.122011,333,2174.512851,False,False,True,False,False,0
-57.736488,232,2176.979281,False,False,True,False,False,0
-27.626206,110,2178.159644,False,False,True,False,False,0
-33.769301,240,2180.542836,False,False,True,False,False,0
-52.326319,291,2183.695769,False,False,True,False,False,0
-18.899541,627,2190.257389,False,False,True,False,False,0
-24.764834,121,2191.504159,False,False,True,False,False,0
-52.080051,388,2195.540642,False,False,True,False,False,0
-49.998935,358,2199.273652,False,False,True,False,False,0
-57.21902,877,2234.439105,False,False,True,False,False,0
-55.809743,436,2238.914616,False,False,True,False,False,0
-25.482919,239,2241.432364,False,False,True,False,False,0
-64.82775,609,2248.086256,False,False,True,False,False,0
-50.195205,316,2251.397747,False,False,True,False,False,0
-77.678006,492,2256.478452,False,False,True,True,False,0
-20.209818,135,2257.936111,False,False,True,False,False,0
-369.784326,532,2263.467983,False,False,True,False,False,0
-49.763229,397,2267.631227,False,False,True,False,False,0
-51.936476,411,2271.838584,False,False,True,False,False,0
-44.75567,424,2276.324993,False,False,True,False,False,0
-146.798069,440,2280.81579,False,False,True,False,False,0
-76.864132,412,2285.087607,False,False,True,False,False,0
-43.793378,271,2287.909292,False,False,True,False,False,0
-211.206384,614,2294.719234,False,False,True,False,False,0
-36.841428,280,2297.795732,False,False,True,False,False,0
-22.710926,335,2301.329646,False,False,True,False,False,0
-84.192926,692,2308.548282,False,False,True,False,False,0
-38.489444,248,2311.179807,False,False,True,False,False,0
-96.768789,770,2319.293245,False,False,True,False,False,0
-53.18593,322,2322.658527,False,False,True,False,False,0
-26.536737,102,2323.674166,False,False,True,False,False,0
-97.616296,452,2328.360754,False,False,True,False,False,0
-56.153437,250,2330.966846,False,False,True,False,False,0
-26.237699,436,2335.424884,False,False,True,False,False,0
-40.204079,530,2340.981585,False,False,True,False,False,0
-121.781376,797,2349.323029,False,False,True,False,False,0
-35.207967,92,2350.322797,False,False,True,False,False,0
-41.822238,301,2353.427859,False,False,True,False,False,0
-29.949582,121,2354.598526,False,False,True,False,False,0
-59.053184,296,2357.756447,False,False,True,False,False,0
-34.587524,132,2359.132394,False,False,True,False,False,0
-36.448527,151,2360.694291,False,False,True,False,False,0
-32.820446,148,2362.217042,False,False,True,False,False,0
-88.60572,673,2369.233765,False,False,True,False,False,0
-51.279735,505,2374.367738,False,False,True,False,False,0
-62.67958,184,2376.282809,False,False,True,False,False,0
-29.082708,134,2377.668279,False,False,True,False,False,0
-56.982365,312,2380.895725,False,False,True,False,False,0
-40.359374,562,2386.909661,False,False,True,False,False,0
-21.599206,99,2387.84701,False,False,True,False,False,0
-25.935718,128,2389.131034,False,False,True,False,False,0
-34.774522,116,2390.376571,False,False,True,False,False,0
-42.049622,120,2391.693527,False,False,True,False,False,0
-34.966835,357,2395.392307,False,False,True,False,False,0
-25.21773,263,2398.114225,False,False,True,False,False,0
-63.444608,568,2403.940958,False,False,True,False,False,0
-31.432262,97,2405.032416,False,False,True,False,False,0
-19.88726,109,2406.08292,False,False,True,False,False,0
-38.676766,178,2407.906847,False,False,True,False,False,0
-31.598965,360,2411.820345,False,False,True,False,False,0
-23.368018,175,2413.641821,False,False,True,False,False,0
-191.522671,449,2418.305628,False,False,True,False,False,0
-57.993827,216,2420.545198,False,False,True,False,False,0
-21.489144,73,2421.335725,False,False,True,False,False,0
-36.336123,195,2423.382083,False,False,True,False,False,0
-24.202873,143,2424.800348,False,False,True,False,False,0
-28.801542,203,2426.959407,False,False,True,False,False,0
-20.41437,193,2428.939838,False,False,True,False,False,0
-54.62234,360,2432.768086,False,False,True,False,False,0
-86.778563,436,2437.430082,False,False,True,True,False,0
-24.227412,209,2439.650659,False,False,True,False,False,0
-61.241164,414,2444.198461,False,False,True,False,False,0
-29.49554,89,2445.069513,False,False,True,False,False,0
-38.366915,407,2449.564179,False,False,True,False,False,0
-24.404444,187,2451.58866,False,False,True,False,False,0
-28.253418,185,2453.769923,False,False,True,False,False,0
-64.926129,277,2456.94014,False,False,True,False,False,0
-22.498509,83,2457.759602,False,False,True,False,False,0
-26.209087,173,2459.743008,False,False,True,False,False,0
-81.218757,595,2466.448653,False,False,True,False,False,0
-108.814093,621,2473.441822,False,False,True,False,False,0
-21.367402,154,2474.97865,False,False,True,False,False,0
-34.581033,169,2476.803617,False,False,True,False,False,0
-23.051695,112,2477.892729,False,False,True,False,False,0
-24.229176,150,2479.519981,False,False,True,False,False,0
-23.810856,266,2482.463805,False,False,True,False,False,0
-22.471059,92,2483.419983,False,False,True,False,False,0
-38.90247,233,2485.841547,False,False,True,False,False,0
-23.40609,283,2488.792407,False,False,True,False,False,0
-23.026305,110,2489.886739,False,False,True,False,False,0
-33.667863,204,2492.065903,False,False,True,False,False,0
-38.985854,180,2493.877352,False,False,True,False,False,0
-99.824842,799,2502.394052,False,False,True,False,False,0
-39.648979,128,2503.611149,False,False,True,False,False,0
-119.022842,523,2509.112982,False,False,True,False,False,0
-44.132663,193,2511.201758,False,False,True,False,False,0
-59.582947,341,2514.661481,False,False,True,False,False,0
-61.8429,317,2518.324847,False,False,True,False,False,0
-21.77702,140,2519.760047,False,False,True,False,False,0
-73.324975,840,2528.368053,False,False,True,False,False,0
-29.398964,139,2529.864905,False,False,True,False,False,0
-79.78237,484,2534.86738,False,False,True,False,False,0
-21.176389,98,2536.041518,False,False,True,False,False,0
-34.792989,124,2537.247091,False,False,True,False,False,0
-31.528347,142,2538.721753,False,False,True,False,False,0
-78.17308,367,2542.579229,False,False,True,False,False,0
-65.3004,320,2545.990123,False,False,True,False,False,0
-21.55889,182,2548.053816,False,False,True,False,False,0
-32.868842,145,2549.606543,False,False,True,False,False,0
-28.739331,260,2552.281514,False,False,True,False,False,0
-30.488371,139,2553.650659,False,False,True,False,False,0
-25.369784,117,2554.904963,False,False,True,False,False,0
-24.339859,149,2556.518498,False,False,True,False,False,0
-66.947983,371,2560.394601,False,False,True,False,False,0
-23.191659,164,2562.133135,False,False,True,False,False,0
-34.972365,60,2562.844964,False,False,True,False,False,0
-48.000026,216,2565.021518,False,False,True,False,False,0
-72.875376,282,2568.018526,False,False,True,False,False,0
-35.261347,148,2569.509258,False,False,True,False,False,0
-21.021327,93,2570.439669,False,False,True,False,False,0
-61.495479,423,2574.806898,False,False,True,False,False,0
-61.125901,240,2577.331812,False,False,True,False,False,0
-51.359859,379,2581.379191,False,False,True,False,False,0
-20.747354,127,2582.831078,False,False,True,False,False,0
-31.514634,92,2583.878298,False,False,True,False,False,0
-34.643267,206,2586.052058,False,False,True,False,False,0
-66.21807,320,2589.316691,False,False,True,False,False,0
-54.286856,248,2592.043996,False,False,True,False,False,0
-28.795051,299,2595.113189,False,False,True,False,False,0
-25.018145,153,2596.774798,False,False,True,False,False,0
-26.369812,78,2597.589387,False,False,True,False,False,0
-20.642955,119,2598.935268,False,False,True,False,False,0
-107.455769,700,2606.486787,False,False,True,False,False,0
-37.768241,422,2611.084331,False,False,True,False,False,0
-19.591423,221,2613.282334,False,False,True,False,False,0
-81.633561,335,2617.02545,False,False,True,False,False,0
-39.004414,136,2618.445345,False,False,True,False,False,0
-40.128823,220,2620.917307,False,False,True,False,False,0
-32.72166,249,2623.467605,False,False,True,False,False,0
-31.11702,118,2624.751512,False,False,True,False,False,0
-85.066166,383,2629.103555,False,False,True,False,False,0
-47.990183,286,2632.075264,False,False,True,False,False,0
-40.789314,143,2633.567478,False,False,True,False,False,0
-36.549099,154,2635.191324,False,False,True,False,False,0
-68.359555,489,2640.351828,False,False,True,False,False,0
-25.487837,138,2641.78951,False,False,True,False,False,0
-17.885886,166,2643.470876,False,False,True,False,False,0
-35.225399,162,2645.0899,False,False,True,False,False,0
-32.469814,212,2647.338331,False,False,True,False,False,0
-52.056472,256,2650.050982,False,False,True,False,False,0
-115.783113,535,2655.662872,False,False,True,False,False,0
-24.788699,232,2657.991096,False,False,True,False,False,0
-156.683167,793,2666.496375,False,False,True,True,False,0
-43.085836,196,2668.465888,False,False,True,False,False,0
-64.732464,344,2672.138019,False,False,True,False,False,0
-65.531337,202,2674.247747,False,False,True,False,False,0
-30.375176,249,2676.703576,False,False,True,False,False,0
-51.625938,410,2681.041418,False,False,True,False,False,0
-27.978815,142,2682.536424,False,False,True,False,False,0
-61.132736,403,2686.787327,False,False,True,False,False,0
-18.416209,134,2688.202939,False,False,True,False,False,0
-26.66669,90,2689.079736,False,False,True,False,False,0
-25.959302,69,2689.742263,False,False,True,False,False,0
-108.103097,294,2692.900934,False,False,True,False,False,0
-56.080683,424,2697.278475,False,False,True,False,False,0
-115.87253,424,2701.684674,False,False,True,False,False,0
-90.752679,437,2706.154145,False,False,True,False,False,0
-52.503851,263,2708.939028,False,False,True,False,False,0
-34.104515,190,2711.019661,False,False,True,False,False,0
-55.005657,398,2715.167412,False,False,True,False,False,0
-29.509409,109,2716.319163,False,False,True,False,False,0
-68.873808,359,2720.21966,False,False,True,False,False,0
-29.635705,142,2721.757167,False,False,True,False,False,0
-54.954113,193,2723.768026,False,False,True,False,False,0
-190.946329,792,2732.060606,False,False,True,False,False,0
-83.456056,328,2735.495474,False,False,True,False,False,0
-102.25673,288,2738.573798,False,False,True,False,False,0
-41.098968,313,2741.794309,False,False,True,False,False,0
-79.57552,342,2745.271208,False,False,True,False,False,0
-135.494448,712,2752.702427,False,False,True,False,False,0
-65.975194,285,2755.683146,False,False,True,False,False,0
