#{"t_start": 1786614590.6308167, "env_id": "None"}
r,l,t,completed,gate_reached,constraint_success,distance_failure,time_failure,mission_phase
-57.358859,477,5.511025,False,False,True,False,False,0
-37.794386,218,6.526684,False,False,True,False,False,0
-35.819676,239,7.666488,False,False,True,False,False,0
-32.703452,158,8.430968,False,False,True,False,False,0
-42.490472,255,9.653542,False,False,True,False,False,0
-45.691639,168,10.43435,False,False,True,False,False,0
-38.908882,145,11.111068,False,False,True,False,False,0
-59.424632,410,13.0342,False,False,True,False,False,0
-42.958639,160,13.778209,False,False,True,False,False,0
-47.726707,204,14.728084,False,False,True,False,False,0
-41.124185,205,15.677997,False,False,True,False,False,0
-38.160204,214,16.670708,False,False,True,False,False,0
-31.818904,118,17.226575,False,False,True,False,False,0
-64.379495,364,18.922683,False,False,True,False,False,0
-39.770084,127,19.516081,False,False,True,False,False,0
-55.182833,228,20.578099,False,False,True,False,False,0
-66.360173,272,21.849838,False,False,True,False,False,0
-53.083087,214,22.844336,False,False,True,False,False,0
-41.359863,216,23.846035,False,False,True,False,False,0
-28.286348,204,24.805583,False,False,True,False,False,0
-54.23916,227,25.870145,False,False,True,False,False,0
-36.435492,144,26.544086,False,False,True,False,False,0
-42.089645,141,28.354601,False,False,True,False,False,0
-134.764482,298,31.815204,False,False,True,False,False,0
-28.746981,201,34.143332,False,False,True,False,False,0
-33.20056,173,36.169291,False,False,True,False,False,0
-44.876656,115,37.36552,False,False,True,False,False,0
-37.377805,145,38.91444,False,False,True,False,False,0
-35.764879,194,41.218164,False,False,True,False,False,0
-69.170651,276,44.180469,False,False,True,False,False,0
-50.813156,164,46.059394,False,False,True,False,False,0
-33.768908,330,49.676749,False,False,True,False,False,0
-32.52496,499,55.212945,False,False,True,False,False,0
-23.492978,145,56.883514,False,False,True,False,False,0
-31.856911,270,59.993267,False,False,True,False,False,0
-21.315201,481,65.455806,False,False,True,False,False,0
-102.814241,526,71.346226,False,False,True,False,False,0
-50.233579,468,76.764039,False,False,True,False,False,0
-15.884064,125,78.2063,False,False,True,False,False,0
-104.204244,673,85.873611,False,False,True,False,False,0
-141.61723,1529,103.201731,False,False,True,False,False,0
-75.232468,455,108.356155,False,False,True,False,False,0
-59.907207,440,113.322109,False,False,True,False,False,0
-190.032766,974,124.49738,False,False,True,True,False,0
-286.84838,1066,136.561756,False,False,True,True,False,0
-27.363534,117,137.876982,False,False,True,False,False,0
-84.470586,1452,154.41273,False,False,True,False,False,0
-21.459371,88,155.408097,False,False,True,False,False,0
-138.10938,614,162.337425,False,False,True,True,False,0
-153.517285,599,169.055022,False,False,True,True,False,0
-37.16471,215,171.426881,False,False,True,False,False,0
-139.73893,600,178.390874,False,False,True,True,False,0
-177.754508,960,189.168932,False,False,True,True,False,0
-42.791931,263,192.286084,False,False,True,False,False,0
-18.621958,110,193.521616,False,False,True,False,False,0
-96.778214,557,199.660914,False,False,True,False,False,0
-140.380637,602,206.555083,False,False,True,True,False,0
-137.090015,864,216.519155,False,False,True,False,False,0
-51.228024,291,219.878058,False,False,True,False,False,0
-91.941648,405,224.540203,False,False,True,False,False,0
-22.179748,85,225.526331,False,False,True,False,False,0
-93.839487,862,235.411622,False,False,True,False,False,0
-25.106653,110,236.707133,False,False,True,False,False,0
-131.683413,540,242.879642,False,False,True,True,False,0
-143.986443,926,253.274268,False,False,True,True,False,0
-48.672794,498,259.007753,False,False,True,False,False,0
-23.018667,108,260.250333,False,False,True,False,False,0
-44.811045,204,262.452007,False,False,True,False,False,0
-26.218196,128,263.847754,False,False,True,False,False,0
-70.561362,460,269.228124,False,False,True,False,False,0
-159.017114,2000,291.784513,False,False,True,False,True,0
-68.078726,561,298.06071,False,False,True,False,False,0
-142.038172,502,303.81851,False,False,True,True,False,0
-23.786501,158,305.672444,False,False,True,False,False,0
-229.006643,776,314.55062,False,False,True,True,False,0
-26.055524,171,316.577645,False,False,True,False,False,0
-40.900896,196,318.834019,False,False,True,False,False,0
-170.405168,575,325.450836,False,False,True,True,False,0
-23.296106,119,326.885825,False,False,True,False,False,0
-21.335617,76,327.750307,False,False,True,False,False,0
-179.810101,798,336.792112,False,False,True,True,False,0
-108.616439,514,342.635827,False,False,True,False,False,0
-72.005773,497,348.344816,False,False,True,False,False,0
-126.262116,929,358.846691,False,False,True,False,False,0
-171.333821,814,368.125691,False,False,True,False,False,0
-162.180536,759,376.88745,False,False,True,True,False,0
-43.951955,223,379.368418,False,False,True,False,False,0
-21.210514,98,380.430713,False,False,True,False,False,0
-232.238243,1161,393.509979,False,False,True,True,False,0
-60.974433,311,397.088319,False,False,True,False,False,0
-30.696872,432,402.096077,False,False,True,False,False,0
-88.582894,344,406.048655,False,False,True,False,False,0
-109.890472,1775,426.169718,False,False,True,False,False,0
-20.159541,85,427.198994,False,False,True,False,False,0
-23.87973,91,428.248484,False,False,True,False,False,0
-306.65093,1607,446.583529,False,False,True,True,False,0
-114.835954,501,452.39283,False,False,True,False,False,0
-180.231998,1007,464.094024,False,False,True,False,False,0
-86.658152,632,471.44693,False,False,True,False,False,0
-139.503529,751,480.111606,False,False,True,False,False,0
-28.692143,528,486.151392,False,False,True,False,False,0
-189.161927,774,494.891203,False,False,True,True,False,0
-54.280391,378,499.112089,False,False,True,False,False,0
-120.63271,659,506.633758,False,False,True,False,False,0
-98.23468,938,517.501415,False,False,True,False,False,0
-64.828196,327,521.208311,False,False,True,False,False,0
-38.219653,214,523.542288,False,False,True,False,False,0
-47.554763,324,527.356436,False,False,True,False,False,0
-47.73025,350,531.417534,False,False,True,False,False,0
-99.984378,383,535.785328,False,False,True,False,False,0
-19.880529,165,537.572007,False,False,True,False,False,0
-178.85947,955,580.092041,False,False,True,False,False,0
-19.014897,142,581.780677,False,False,True,False,False,0
-21.253496,136,583.326932,False,False,True,False,False,0
-139.193589,424,588.184919,False,False,True,True,False,0
-45.620031,201,590.47102,False,False,True,False,False,0
-44.571593,342,594.274922,False,False,True,False,False,0
-22.498894,93,595.288675,False,False,True,False,False,0
-28.468147,86,596.265872,False,False,True,False,False,0
-23.784982,228,598.860988,False,False,True,False,False,0
-24.400214,163,600.734629,False,False,True,False,False,0
-58.737749,477,606.260242,False,False,True,False,False,0
-50.756996,522,612.235564,False,False,True,False,False,0
-59.060428,279,615.319032,False,False,True,False,False,0
-32.190597,390,619.853127,False,False,True,False,False,0
-59.469676,609,626.840223,False,False,True,False,False,0
-38.186482,302,630.299803,False,False,True,False,False,0
-56.774513,335,634.055948,False,False,True,False,False,0
-90.802137,611,640.976129,False,False,True,False,False,0
-23.384239,254,643.909845,False,False,True,False,False,0
-192.187848,1050,655.87642,False,False,True,True,False,0
-52.893437,306,659.356605,False,False,True,False,False,0
-71.40086,633,666.53704,False,False,True,False,False,0
-52.345018,311,670.150669,False,False,True,False,False,0
-52.717463,437,675.147856,False,False,True,False,False,0
-175.168788,880,684.994567,False,False,True,True,False,0
-46.137745,418,689.9561,False,False,True,False,False,0
-56.574691,274,693.181568,False,False,True,False,False,0
-79.3076,423,698.08731,False,False,True,False,False,0
-56.462997,508,703.740883,False,False,True,False,False,0
-146.165646,847,713.469602,False,False,True,False,False,0
-49.520569,459,718.700657,False,False,True,False,False,0
-64.243458,780,727.548644,False,False,True,False,False,0
-28.53612,155,729.301127,False,False,True,False,False,0
-75.987459,606,736.080827,False,False,True,False,False,0
-28.025684,297,739.470988,False,False,True,False,False,0
-37.30774,197,741.740653,False,False,True,False,False,0
-53.546467,197,744.013934,False,False,True,False,False,0
-58.691847,333,747.888539,False,False,True,False,False,0
-152.078397,534,753.874682,False,False,True,False,False,0
-32.139489,187,756.029316,False,False,True,False,False,0
-60.201016,630,763.250527,False,False,True,False,False,0
-30.144267,325,766.912199,False,False,True,False,False,0
-161.846039,802,776.085705,False,False,True,True,False,0
-23.282418,141,777.707246,False,False,True,False,False,0
-29.312939,224,780.380077,False,False,True,False,False,0
-55.348428,586,787.035122,False,False,True,False,False,0
-48.662872,192,789.109952,False,False,True,False,False,0
-142.449588,651,796.826303,False,False,True,True,False,0
-20.098414,204,799.162668,False,False,True,False,False,0
-24.453516,249,802.000609,False,False,True,False,False,0
-51.818707,193,804.20729,False,False,True,False,False,0
-41.819432,227,806.850524,False,False,True,False,False,0
-36.103817,130,808.351864,False,False,True,False,False,0
-42.853562,550,814.669045,False,False,True,False,False,0
-128.797204,385,819.131536,False,False,True,False,False,0
-67.768288,574,825.738499,False,False,True,False,False,0
-95.916992,377,830.013047,False,False,True,False,False,0
-97.549196,620,837.033803,False,False,True,False,False,0
-18.996427,267,840.068575,False,False,True,False,False,0
-65.022281,308,843.548083,False,False,True,False,False,0
-57.13609,352,847.551247,False,False,True,False,False,0
-23.156803,224,850.118963,False,False,True,False,False,0
-65.300171,449,855.110924,False,False,True,False,False,0
-52.941327,303,858.671872,False,False,True,False,False,0
-21.71651,286,861.972527,False,False,True,False,False,0
-118.797469,618,868.994326,False,False,True,False,False,0
-57.892563,533,875.017408,False,False,True,False,False,0
-31.195144,591,881.648738,False,False,True,False,False,0
-95.637691,420,886.418349,False,False,True,False,False,0
-111.112012,578,893.024788,False,False,True,False,False,0
-17.112041,101,894.139845,False,False,True,False,False,0
-29.461188,118,895.486525,False,False,True,False,False,0
-227.746889,1038,907.133495,False,False,True,True,False,0
-35.038749,348,911.043056,False,False,True,False,False,0
-75.250975,609,917.720063,False,False,True,False,False,0
-32.681996,200,920.028169,False,False,True,False,False,0
-24.942312,130,921.517646,False,False,True,False,False,0
-57.296495,267,924.662488,False,False,True,False,False,0
-149.337454,601,931.342962,False,False,True,False,False,0
-60.640088,436,936.209199,False,False,True,False,False,0
-138.38086,730,944.41053,False,False,True,False,False,0
-27.539327,279,947.626985,False,False,True,False,False,0
-22.466189,88,948.591063,False,False,True,False,False,0
-37.130205,237,951.292742,False,False,True,False,False,0
-16.428772,105,952.502458,False,False,True,False,False,0
-27.766676,160,954.294309,False,False,True,False,False,0
-89.689139,310,957.819745,False,False,True,False,False,0
-109.696553,378,961.997827,False,False,True,False,False,0
-41.78127,463,967.417235,False,False,True,False,False,0
-209.309503,782,976.418211,False,False,True,False,False,0
-58.131726,610,983.45984,False,False,True,False,False,0
-39.842037,256,986.323282,False,False,True,False,False,0
-44.532516,256,989.229483,False,False,True,False,False,0
-39.372592,158,991.047627,False,False,True,False,False,0
-43.328873,211,993.51167,False,False,True,False,False,0
-17.780199,125,994.889328,False,False,True,False,False,0
-39.735679,177,996.816036,False,False,True,False,False,0
-63.804377,374,1001.030576,False,False,True,False,False,0
-26.960452,258,1003.949098,False,False,True,False,False,0
-116.905355,563,1010.4325,False,False,True,False,False,0
-19.479124,192,1012.665461,False,False,True,False,False,0
-59.74266,682,1020.511305,False,False,True,False,False,0
-29.34672,143,1022.161096,False,False,True,False,False,0
-114.935573,475,1027.448711,False,False,True,False,False,0
-132.514004,892,1037.636597,False,False,True,False,False,0
-44.670732,229,1040.29316,False,False,True,False,False,0
-81.860613,411,1045.083524,False,False,True,False,False,0
-46.365703,209,1047.447685,False,False,True,False,False,0
-24.636028,233,1050.125049,False,False,True,False,False,0
-50.533602,210,1052.55404,False,False,True,False,False,0
-49.125291,464,1057.824979,False,False,True,False,False,0
-95.640519,451,1063.015779,False,False,True,False,False,0
-29.612696,484,1068.630682,False,False,True,False,False,0
-34.283907,281,1071.881965,False,False,True,False,False,0
-58.023067,484,1077.475725,False,False,True,False,False,0
-15.601615,93,1078.599868,False,False,True,False,False,0
-208.865745,953,1089.403033,False,False,True,False,False,0
-20.321637,59,1090.118565,False,False,True,False,False,0
-66.948305,396,1094.488155,False,False,True,False,False,0
-40.653115,201,1096.778365,False,False,True,False,False,0
-21.73471,167,1098.722223,False,False,True,False,False,0
-132.623088,1685,1117.997613,False,False,True,False,False,0
-20.293536,77,1118.886092,False,False,True,False,False,0
-129.204895,769,1127.783583,False,False,True,False,False,0
-99.992956,808,1136.868182,False,False,True,False,False,0
-21.135213,103,1138.100077,False,False,True,False,False,0
-117.246801,1147,1184.230655,False,False,True,False,False,0
-117.607967,785,1193.261463,False,False,True,False,False,0
-27.539081,128,1194.724229,False,False,True,False,False,0
-57.220759,319,1198.178028,False,False,True,False,False,0
-26.288637,526,1204.278034,False,False,True,False,False,0
-56.20577,203,1206.607415,False,False,True,False,False,0
-66.678352,950,1217.602869,False,False,True,False,False,0
-17.827718,121,1218.948515,False,False,True,False,False,0
-35.59007,266,1221.907563,False,False,True,False,False,0
-56.771448,836,1231.371398,False,False,True,False,False,0
-35.762996,546,1237.53464,False,False,True,False,False,0
-39.252495,270,1240.694308,False,False,True,False,False,0
-31.640645,457,1245.785236,False,False,True,False,False,0
-72.64924,642,1253.247483,False,False,True,False,False,0
-21.588348,116,1254.556806,False,False,True,False,False,0
-44.128814,261,1257.555169,False,False,True,False,False,0
-49.729273,246,1260.395523,False,False,True,False,False,0
-30.333033,501,1266.210745,False,False,True,False,False,0
-69.659785,382,1270.414698,False,False,True,False,False,0
-31.554031,383,1274.719917,False,False,True,False,False,0
-46.133836,344,1278.707341,False,False,True,False,False,0
-71.784545,647,1286.225517,False,False,True,False,False,0
-33.655004,268,1289.290067,False,False,True,False,False,0
-23.080175,170,1291.277273,False,False,True,False,False,0
-31.669811,584,1298.060075,False,False,True,False,False,0
-48.640722,418,1302.876926,False,False,True,False,False,0
-67.574093,780,1311.89287,False,False,True,False,False,0
-24.761681,393,1316.492982,False,False,True,False,False,0
-94.124976,1094,1328.984833,False,False,True,False,False,0
-23.040986,214,1331.451969,False,False,True,False,False,0
-101.354298,290,1334.760679,False,False,True,False,False,0
-86.194485,980,1346.077959,False,False,True,False,False,0
-139.522203,929,1356.847438,False,False,True,False,False,0
-22.796817,132,1358.356597,False,False,True,False,False,0
-47.456682,304,1361.865996,False,False,True,False,False,0
-20.675776,99,1362.983042,False,False,True,False,False,0
-81.655283,607,1369.992923,False,False,True,False,False,0
-46.685916,792,1379.085646,False,False,True,False,False,0
-61.097321,515,1385.015933,False,False,True,False,False,0
-59.304129,652,1392.55745,False,False,True,False,False,0
-21.727752,286,1395.733011,False,False,True,False,False,0
-15.606905,108,1396.980162,False,False,True,False,False,0
-33.355587,525,1402.942258,False,False,True,False,False,0
-30.712645,141,1404.572357,False,False,True,False,False,0
-29.821203,341,1408.509058,False,False,True,False,False,0
-43.901348,173,1410.567177,False,False,True,False,False,0
-41.146011,631,1417.785677,False,False,True,False,False,0
-31.124991,116,1419.152564,False,False,True,False,False,0
-52.120014,362,1423.339602,False,False,True,False,False,0
-168.377121,1068,1435.520103,False,False,True,False,False,0
-62.31314,399,1439.967241,False,False,True,False,False,0
-52.730464,401,1444.592092,False,False,True,False,False,0
-85.361986,655,1451.9779,False,False,True,False,False,0
-44.12651,196,1454.228087,False,False,True,False,False,0
-17.752198,82,1455.214948,False,False,True,False,False,0
-20.683932,174,1457.186245,False,False,True,False,False,0
-39.364197,273,1460.354982,False,False,True,False,False,0
-95.096187,669,1467.910239,False,False,True,False,False,0
-17.293038,153,1469.679195,False,False,True,False,False,0
-57.380434,630,1476.966208,False,False,True,False,False,0
-21.005873,154,1478.723897,False,False,True,False,False,0
-71.895396,599,1485.704065,False,False,True,False,False,0
-34.338696,380,1489.831519,False,False,True,False,False,0
-22.391881,286,1493.218215,False,False,True,False,False,0
-18.059494,132,1494.933619,False,False,True,False,False,0
-77.100526,459,1500.291017,False,False,True,False,False,0
-13.379638,68,1501.079384,False,False,True,False,False,0
-40.711355,119,1502.348161,False,False,True,False,False,0
-29.147433,195,1504.623443,False,False,True,False,False,0
-45.456777,449,1509.777134,False,False,True,False,False,0
-48.479565,548,1518.341797,False,False,True,False,False,0
-38.325331,256,1522.803776,False,False,True,False,False,0
-59.217802,728,1536.015172,False,False,True,False,False,0
-21.26934,95,1537.28172,False,False,True,False,False,0
-15.196472,168,1539.517365,False,False,True,False,False,0
-46.241861,361,1543.981396,False,False,True,False,False,0
-38.065399,201,1546.547428,False,False,True,False,False,0
-74.372302,291,1550.17935,False,False,True,False,False,0
-102.44378,856,1561.183284,False,False,True,False,False,0
-40.097753,287,1564.881408,False,False,True,False,False,0
-101.126976,589,1571.835621,False,False,True,False,False,0
-24.257891,250,1574.814521,False,False,True,False,False,0
-21.901218,270,1577.879659,False,False,True,False,False,0
-43.550571,394,1582.425009,False,False,True,False,False,0
-53.265322,301,1585.939622,False,False,True,False,False,0
-25.892084,111,1587.439689,False,False,True,False,False,0
-21.524357,292,1591.722843,False,False,True,False,False,0
-91.50124,335,1595.755265,False,False,True,False,False,0
-30.304366,567,1602.323629,False,False,True,False,False,0
-23.007969,280,1605.705537,False,False,True,False,False,0
-15.319716,82,1606.647707,False,False,True,False,False,0
-74.30314,734,1615.222721,False,False,True,False,False,0
-18.738082,85,1616.184629,False,False,True,False,False,0
-17.645798,79,1617.13938,False,False,True,False,False,0
-20.447435,113,1618.446426,False,False,True,False,False,0
-91.970792,871,1628.159257,False,False,True,False,False,0
-55.568074,338,1631.917774,False,False,True,False,False,0
-42.740993,397,1636.101755,False,False,True,False,False,0
-24.665162,160,1637.817528,False,False,True,False,False,0
-64.376143,412,1642.208921,False,False,True,False,False,0
-98.993199,1236,1655.716455,False,False,True,False,False,0
-41.409301,324,1659.063905,False,False,True,False,False,0
-62.312243,373,1663.049698,False,False,True,False,False,0
-66.194891,356,1666.803314,False,False,True,False,False,0
-56.77869,585,1672.872134,False,False,True,False,False,0
-62.068449,366,1676.848362,False,False,True,False,False,0
-24.938949,132,1678.113267,False,False,True,False,False,0
-17.549376,335,1681.54206,False,False,True,False,False,0
-58.212929,362,1685.507419,False,False,True,False,False,0
-106.679399,758,1693.621321,False,False,True,False,False,0
-150.342483,394,1697.787963,False,False,True,True,False,0
-16.412245,125,1699.121834,False,False,True,False,False,0
-249.703632,689,1706.358821,False,False,True,False,False,0
-121.270748,551,1712.5758,False,False,True,False,False,0
-78.47128,691,1719.922218,False,False,True,False,False,0
-45.92581,189,1722.039876,False,False,True,False,False,0
-46.412132,324,1725.867393,False,False,True,False,False,0
-20.402302,121,1727.254793,False,False,True,False,False,0
-22.331276,188,1729.312902,False,False,True,False,False,0
-118.689031,482,1735.024126,False,False,True,False,False,0
-124.200601,385,1739.510211,False,False,True,False,False,0
-31.208595,113,1740.701067,False,False,True,False,False,0
-30.229315,159,1742.52405,False,False,True,False,False,0
-35.010926,318,1746.31532,False,False,True,False,False,0
-21.516856,427,1751.20408,False,False,True,False,False,0
-113.558401,462,1789.797926,False,False,True,False,False,0
-62.65524,861,1799.709201,False,False,True,False,False,0
-27.402949,112,1801.078808,False,False,True,False,False,0
-113.589297,595,1808.305069,False,False,True,False,False,0
-16.194665,191,1810.54147,False,False,True,False,False,0
-23.570331,216,1813.099473,False,False,True,False,False,0
-40.323432,418,1817.83041,False,False,True,False,False,0
-45.017456,322,1821.595654,False,False,True,False,False,0
-50.429732,370,1825.781925,False,False,True,False,False,0
-63.524796,304,1829.271533,False,False,True,False,False,0
-23.722669,210,1831.636055,False,False,True,False,False,0
-19.716006,63,1832.428566,False,False,True,False,False,0
-128.460179,530,1838.579433,False,False,True,False,False,0
-25.905756,209,1841.111675,False,False,True,False,False,0
-79.257783,560,1847.513129,False,False,True,False,False,0
-79.073294,821,1856.947349,False,False,True,False,False,0
-22.600727,174,1858.976646,False,False,True,False,False,0
-33.425008,319,1862.678375,False,False,True,False,False,0
-41.136174,238,1865.445639,False,False,True,False,False,0
-34.493987,392,1869.974035,False,False,True,False,False,0
-25.924796,246,1872.781578,False,False,True,False,False,0
-39.60731,220,1875.478404,False,False,True,False,False,0
-26.250772,111,1876.697398,False,False,True,False,False,0
-263.939672,649,1884.376919,False,False,True,True,False,0
-16.855051,92,1885.476631,False,False,True,False,False,0
-26.061501,192,1887.756214,False,False,True,False,False,0
-60.696704,348,1891.796372,False,False,True,False,False,0
-144.926602,673,1899.920662,False,False,True,False,False,0
-36.036159,428,1904.75326,False,False,True,False,False,0
-18.816159,136,1906.25991,False,False,True,False,False,0
-18.676997,270,1909.44341,False,False,True,False,False,0
-22.927801,158,1911.237883,False,False,True,False,False,0
-20.212722,265,1914.229397,False,False,True,False,False,0
-23.984565,149,1915.95319,False,False,True,False,False,0
-31.423041,402,1920.604503,False,False,True,False,False,0
-21.703731,214,1923.0618,False,False,True,False,False,0
-107.287701,660,1930.562971,False,False,True,False,False,0
-32.635123,686,1938.52293,False,False,True,False,False,0
-83.435186,414,1943.244695,False,False,True,False,False,0
-29.600936,241,1946.055506,False,False,True,False,False,0
-29.635796,192,1948.219099,False,False,True,False,False,0
-18.78892,203,1950.539435,False,False,True,False,False,0
-36.154565,538,1956.995894,False,False,True,False,False,0
-25.373647,595,1963.744569,False,False,True,False,False,0
-68.738176,536,1970.02496,False,False,True,False,False,0
-25.261245,178,1972.079185,False,False,True,False,False,0
-22.687208,67,1972.846252,False,False,True,False,False,0
-163.436389,782,1981.858765,False,False,True,False,False,0
-141.011953,769,1990.711128,False,False,True,False,False,0
-21.876697,70,1991.463494,False,False,True,False,False,0
-29.986231,380,1995.779064,False,False,True,False,False,0
-45.085372,310,1999.506114,False,False,True,False,False,0
-38.247116,383,2003.991545,False,False,True,False,False,0
-20.463146,128,2005.3624,False,False,True,False,False,0
-22.452537,63,2006.070068,False,False,True,False,False,0
-23.688026,64,2006.90625,False,False,True,False,False,0
-20.149297,261,2009.824456,False,False,True,False,False,0
-21.186479,131,2011.278982,False,False,True,False,False,0
-20.26149,101,2012.522947,False,False,True,False,False,0
-49.493833,309,2016.181797,False,False,True,False,False,0
-27.422319,114,2017.603968,False,False,True,False,False,0
-36.451033,395,2022.067343,False,False,True,False,False,0
-19.68005,114,2023.331444,False,False,True,False,False,0
-33.759907,195,2025.605993,False,False,True,False,False,0
-26.476137,125,2027.028829,False,False,True,False,False,0
-145.994515,435,2032.100292,False,False,True,False,False,0
-26.49527,438,2037.110837,False,False,True,False,False,0
-24.816688,146,2038.853312,False,False,True,False,False,0
-82.015455,473,2044.410769,False,False,True,False,False,0
-17.761557,144,2045.962943,False,False,True,False,False,0
-25.85101,156,2047.669474,False,False,True,False,False,0
-21.764286,134,2049.307046,False,False,True,False,False,0
-90.561278,544,2055.616202,False,False,True,False,False,0
-52.288673,423,2060.443576,False,False,True,False,False,0
-18.629046,83,2061.453616,False,False,True,False,False,0
-16.948474,73,2062.261807,False,False,True,False,False,0
-39.533759,338,2066.003146,False,False,True,False,False,0
-21.27558,96,2067.227718,False,False,True,False,False,0
-31.215254,94,2068.327379,False,False,True,False,False,0
-113.396615,523,2074.431565,False,False,True,False,False,0
-81.187819,355,2078.571242,False,False,True,False,False,0
-30.765178,216,2080.949585,False,False,True,False,False,0
-44.822891,275,2084.235657,False,False,True,False,False,0
-31.179606,277,2087.381506,False,False,True,False,False,0
-23.167363,231,2090.061939,False,False,True,False,False,0
-36.353555,290,2093.317131,False,False,True,False,False,0
-22.523097,104,2094.519542,False,False,True,False,False,0
-35.390718,297,2097.794569,False,False,True,False,False,0
-28.238073,192,2100.08756,False,False,True,False,False,0
-233.97684,759,2108.682901,False,False,True,False,False,0
-107.011809,369,2112.886023,False,False,True,False,False,0
-23.762987,152,2114.69877,False,False,True,False,False,0
-18.218358,145,2116.381827,False,False,True,False,False,0
-222.867397,1935,2138.796029,False,False,True,False,False,0
-96.233678,572,2145.135795,False,False,True,False,False,0
-69.247759,532,2151.314611,False,False,True,False,False,0
-16.326676,101,2152.453155,False,False,True,False,False,0
-66.642289,354,2156.490993,False,False,True,False,False,0
-18.295019,161,2158.363076,False,False,True,False,False,0
-102.254637,211,2160.736399,False,False,True,False,False,0
-22.049109,113,2162.064591,False,False,True,False,False,0
-78.39566,305,2165.619836,False,False,True,False,False,0
-14.654144,128,2167.157402,False,False,True,False,False,0
-39.596083,406,2171.594714,False,False,True,False,False,0
-14.025496,115,2173.017761,False,False,True,False,False,0
-20.985952,151,2174.741356,False,False,True,False,False,0
-20.717759,102,2175.861876,False,False,True,False,False,0
-19.472864,109,2177.06977,False,False,True,False,False,0
-38.183819,433,2182.139684,False,False,True,False,False,0
-55.923236,423,2186.937447,False,False,True,False,False,0
-43.238816,166,2188.880438,False,False,True,False,False,0
-112.179836,364,2193.186358,False,False,True,False,False,0
-21.021003,187,2195.443632,False,False,True,False,False,0
-31.862053,240,2198.231562,False,False,True,False,False,0
-20.298161,158,2200.078431,False,False,True,False,False,0
-30.763415,412,2204.754242,False,False,True,False,False,0
-57.791959,295,2208.236184,False,False,True,False,False,0
-17.821511,130,2209.786225,False,False,True,False,False,0
-20.736788,285,2213.120096,False,False,True,False,False,0
-19.291585,161,2214.977951,False,False,True,False,False,0
-22.102412,132,2216.483478,False,False,True,False,False,0
-14.935777,73,2217.377187,False,False,True,False,False,0
-32.636001,298,2220.793673,False,False,True,False,False,0
-33.613415,273,2223.985519,False,False,True,False,False,0
-100.928752,569,2230.451558,False,False,True,False,False,0
-42.621412,341,2234.487298,False,False,True,False,False,0
-35.749243,158,2236.284837,False,False,True,False,False,0
-83.892272,653,2244.955095,False,False,True,False,False,0
-18.580421,94,2246.277473,False,False,True,False,False,0
-19.134751,109,2247.743423,False,False,True,False,False,0
-20.53553,139,2249.78818,False,False,True,False,False,0
-31.041173,313,2254.314593,False,False,True,False,False,0
-26.284166,168,2256.823636,False,False,True,False,False,0
-26.768663,144,2259.190357,False,False,True,False,False,0
-18.885406,218,2262.253838,False,False,True,False,False,0
-21.794442,179,2264.847533,False,False,True,False,False,0
-23.992645,161,2266.891693,False,False,True,False,False,0
-23.452531,141,2268.607961,False,False,True,False,False,0
-99.203263,968,2280.212387,False,False,True,False,False,0
-17.291767,104,2281.527021,False,False,True,False,False,0
-18.805794,146,2283.27718,False,False,True,False,False,0
-82.10602,495,2289.411074,False,False,True,False,False,0
-33.812984,204,2291.897148,False,False,True,False,False,0
-18.562691,162,2293.853424,False,False,True,False,False,0
-16.52382,127,2295.350103,False,False,True,False,False,0
-24.671614,211,2297.884489,False,False,True,False,False,0
-36.216635,226,2300.610402,False,False,True,False,False,0
-38.261207,350,2304.693388,False,False,True,False,False,0
-23.793909,256,2307.773988,False,False,True,False,False,0
-26.241674,225,2310.44368,False,False,True,False,False,0
-37.435053,191,2313.443757,False,False,True,False,False,0
-31.172242,250,2316.443522,False,False,True,False,False,0
-29.809192,205,2319.147535,False,False,True,False,False,0
-63.723537,364,2323.479141,False,False,True,False,False,0
-38.362039,338,2327.564682,False,False,True,False,False,0
-30.965766,157,2329.370083,False,False,True,False,False,0
-15.21321,83,2330.441591,False,False,True,False,False,0
-22.210906,95,2331.6308,False,False,True,False,False,0
-67.010728,291,2335.100917,False,False,True,False,False,0
-18.385474,118,2336.484155,False,False,True,False,False,0
-241.534473,1172,2350.737417,False,False,True,False,False,0
-24.193719,97,2351.877184,False,False,True,False,False,0
-28.390816,255,2355.035655,False,False,True,False,False,0
-22.823618,115,2356.385692,False,False,True,False,False,0
-42.406287,230,2359.157058,False,False,True,False,False,0
-25.186799,153,2361.014364,False,False,True,False,False,0
-15.145557,102,2362.180723,False,False,True,False,False,0
-17.259276,141,2363.84566,False,False,True,False,False,0
-16.900682,105,2365.064987,False,False,True,False,False,0
-128.960474,1064,2397.354346,False,False,True,False,False,0
-21.458161,141,2399.018305,False,False,True,False,False,0
-20.970953,72,2399.839839,False,False,True,False,False,0
-46.548338,275,2403.054453,False,False,True,False,False,0
-19.15605,165,2405.253637,False,False,True,False,False,0
-19.574909,228,2407.756059,False,False,True,False,False,0
-24.699572,201,2410.06541,False,False,True,False,False,0
-18.790246,148,2411.721725,False,False,True,False,False,0
-31.776912,92,2412.683825,False,False,True,False,False,0
-31.36497,72,2413.443981,False,False,True,False,False,0
-49.370565,501,2419.100965,False,False,True,False,False,0
-20.454933,78,2419.963388,False,False,True,False,False,0
-23.260691,347,2423.885173,False,False,True,False,False,0
-30.459183,247,2426.52547,False,False,True,False,False,0
-84.136307,487,2432.251586,False,False,True,False,False,0
-24.70415,179,2434.486846,False,False,True,False,False,0
-147.190319,483,2440.836654,False,False,True,True,False,0
-54.265924,559,2447.297015,False,False,True,False,False,0
-31.053521,205,2449.694281,False,False,True,False,False,0
-62.436811,304,2453.172532,False,False,True,False,False,0
-92.776486,386,2457.514305,False,False,True,False,False,0
-83.716067,417,2462.378837,False,False,True,False,False,0
-27.039723,234,2465.411829,False,False,True,False,False,0
-124.698311,527,2472.056638,False,False,True,False,False,0
-21.536343,210,2474.616693,False,False,True,False,False,0
-434.558829,781,2484.094711,False,False,True,False,False,0
-23.292261,185,2486.469351,False,False,True,False,False,0
-30.761208,182,2489.411447,False,False,True,False,False,0
-26.767254,207,2492.120781,False,False,True,False,False,0
-33.572819,304,2495.733411,False,False,True,False,False,0
-18.208449,138,2497.262099,False,False,True,False,False,0
-55.069706,342,2501.103687,False,False,True,False,False,0
-54.514364,552,2507.260753,False,False,True,False,False,0
-95.539423,469,2512.568706,False,False,True,False,False,0
-18.731147,89,2513.618099,False,False,True,False,False,0
-22.140191,162,2515.401496,False,False,True,False,False,0
-20.722527,138,2516.842366,False,False,True,False,False,0
-26.607576,204,2519.209887,False,False,True,False,False,0
-19.916741,110,2520.439829,False,False,True,False,False,0
-35.790022,235,2522.937773,False,False,True,False,False,0
-24.679406,102,2524.146339,False,False,True,False,False,0
-20.140603,181,2526.237845,False,False,True,False,False,0
-38.340899,256,2529.126301,False,False,True,False,False,0
-18.25831,122,2530.479125,False,False,True,False,False,0
-18.755622,85,2531.355565,False,False,True,False,False,0
-26.552365,177,2533.400653,False,False,True,False,False,0
-17.482196,91,2534.399847,False,False,True,False,False,0
-20.146667,228,2536.855526,False,False,True,False,False,0
-25.962124,219,2539.366806,False,False,True,False,False,0
-79.590066,375,2543.446986,False,False,True,False,False,0
-33.983658,149,2545.190328,False,False,True,False,False,0
-32.42917,152,2546.87486,False,False,True,False,False,0
-16.546346,111,2548.069453,False,False,True,False,False,0
-93.248219,409,2552.728776,False,False,True,False,False,0
-64.095916,253,2555.742804,False,False,True,False,False,0
-60.384888,383,2560.120394,False,False,True,False,False,0
-77.546049,308,2563.778221,False,False,True,False,False,0
-16.934579,89,2564.826066,False,False,True,False,False,0
-145.325692,493,2570.456599,False,False,True,False,False,0
-59.468983,371,2574.814054,False,False,True,False,False,0
-59.297824,285,2578.166337,False,False,True,False,False,0
-20.272027,66,2578.908325,False,False,True,False,False,0
-18.749725,98,2580.124689,False,False,True,False,False,0
-21.725585,80,2581.037974,False,False,True,False,False,0
-39.121666,133,2582.576929,False,False,True,False,False,0
-18.994478,121,2583.952466,False,False,True,False,False,0
-43.712238,272,2587.170999,False,False,True,False,False,0
-26.956962,171,2589.229881,False,False,True,False,False,0
-28.037699,77,2590.117613,False,False,True,False,False,0
-28.265652,370,2594.37594,False,False,True,False,False,0
-29.119281,236,2597.116258,False,False,True,False,False,0
-17.158591,97,2598.303509,False,False,True,False,False,0
-53.821333,205,2600.612894,False,False,True,False,False,0
-33.915294,507,2606.374512,False,False,True,False,False,0
-138.371599,501,2612.113848,False,False,True,False,False,0
-16.015981,96,2613.242638,False,False,True,False,False,0
-39.888103,207,2615.60627,False,False,True,False,False,0
-20.002523,138,2617.138926,False,False,True,False,False,0
-26.493474,220,2619.792468,False,False,True,False,False,0
-33.359449,113,2621.1175,False,False,True,False,False,0
-27.396983,189,2623.209135,False,False,True,False,False,0
-24.54563,101,2624.443505,False,False,True,False,False,0
-56.852484,514,2630.374409,False,False,True,False,False,0
-60.694548,465,2635.841865,False,False,True,False,False,0
-27.401825,267,2638.893992,False,False,True,False,False,0
-72.290144,494,2644.178163,False,False,True,False,False,0
-24.797998,138,2645.667398,False,False,True,False,False,0
-24.586583,56,2646.254803,False,False,True,False,False,0
-39.825348,167,2648.079936,False,False,True,False,False,0
-43.118321,184,2650.012121,False,False,True,False,False,0
-25.728805,65,2650.769437,False,False,True,False,False,0
-87.901627,707,2658.18072,False,False,True,False,False,0
-27.224668,83,2659.003302,False,False,True,False,False,0
-36.746803,162,2660.775547,False,False,True,False,False,0
-31.057485,125,2662.069949,False,False,True,False,False,0
-19.618459,195,2664.17145,False,False,True,False,False,0
-43.25753,264,2666.799912,False,False,True,False,False,0
-19.721258,126,2668.181003,False,False,True,False,False,0
-20.931194,191,2670.217004,False,False,True,False,False,0
-24.714964,98,2671.166592,False,False,True,False,False,0
-48.496227,213,2673.448102,False,False,True,False,False,0
-18.179032,93,2674.425118,False,False,True,False,False,0
-23.689434,90,2675.393378,False,False,True,False,False,0
-73.841236,528,2680.896882,False,False,True,False,False,0
-33.860561,174,2682.749092,False,False,True,False,False,0
-36.346253,312,2685.900052,False,False,True,False,False,0
-43.045137,220,2688.316157,False,False,True,False,False,0
-55.176559,195,2690.386456,False,False,True,False,False,0
-30.769836,143,2691.798216,False,False,True,False,False,0
-29.958335,192,2693.89559,False,False,True,False,False,0
-62.175195,422,2698.459125,False,False,True,False,False,0
-71.709287,359,2702.200391,False,False,True,False,False,0
-31.988719,213,2704.437834,False,False,True,False,False,0
-23.797471,133,2705.835889,False,False,True,False,False,0
-98.022671,411,2710.135365,False,False,True,False,False,0
-21.092395,143,2711.630025,False,False,True,False,False,0
-39.725595,96,2712.667211,False,False,True,False,False,0
-22.765567,63,2713.370087,False,False,True,False,False,0
-16.846283,69,2714.157291,False,False,True,False,False,0
-44.787699,439,2718.840828,False,False,True,False,False,0
-87.423274,261,2721.631616,False,False,True,False,False,0
-21.292008,86,2722.574283,False,False,True,False,False,0
-19.603272,113,2723.755953,False,False,True,False,False,0
-22.427959,81,2724.601174,False,False,True,False,False,0
-29.49372,116,2725.714778,False,False,True,False,False,0
-25.432849,181,2727.665916,False,False,True,False,False,0
-25.923807,115,2728.886317,False,False,True,False,False,0
-26.866918,156,2730.548038,False,False,True,False,False,0
-19.741207,138,2732.072576,False,False,True,False,False,0
-25.580883,127,2733.361756,False,False,True,False,False,0
-19.696264,136,2734.845977,False,False,True,False,False,0
-18.574641,119,2736.174549,False,False,True,False,False,0
-49.606038,167,2737.926805,False,False,True,False,False,0
-19.583594,165,2739.596529,False,False,True,False,False,0
-57.149227,552,2745.599774,False,False,True,False,False,0
-31.542031,240,2748.058081,False,False,True,False,False,0
-19.361121,102,2749.152243,False,False,True,False,False,0
-25.228656,136,2750.624477,False,False,True,False,False,0
-18.070442,122,2751.891409,False,False,True,False,False,0
-24.988225,146,2753.452741,False,False,True,False,False,0
-37.871539,319,2756.741411,False,False,True,False,False,0
-25.40031,142,2758.329988,False,False,True,False,False,0
-19.963908,97,2759.347919,False,False,True,False,False,0
-16.678232,114,2760.524662,False,False,True,False,False,0
-32.565876,87,2761.470891,False,False,True,False,False,0
-77.066769,415,2766.075107,False,False,True,False,False,0
-34.677349,292,2769.498672,False,False,True,False,False,0
-68.117387,360,2773.643995,False,False,True,False,False,0
-60.265028,344,2777.617722,False,False,True,False,False,0
-23.492972,79,2778.533162,False,False,True,False,False,0
-39.282325,153,2780.35046,False,False,True,False,False,0
-27.515308,124,2781.765344,False,False,True,False,False,0
-41.930236,492,2787.484057,False,False,True,False,False,0
-37.238393,219,2789.801053,False,False,True,False,False,0
-22.360896,75,2790.775956,False,False,True,False,False,0
-16.764198,133,2792.352345,False,False,True,False,False,0
-19.173815,145,2794.102313,False,False,True,False,False,0
-27.9353,126,2795.520886,False,False,True,False,False,0
-28.699705,190,2797.724527,False,False,True,False,False,0
-19.839683,86,2798.699828,False,False,True,False,False,0
-30.895029,139,2800.366897,False,False,True,False,False,0
-23.743035,81,2801.291279,False,False,True,False,False,0
-20.664549,76,2802.156769,False,False,True,False,False,0
-14.882741,91,2803.238369,False,False,True,False,False,0
-33.339147,203,2805.615533,False,False,True,False,False,0
-56.221327,277,2808.867731,False,False,True,False,False,0
-204.527885,550,2815.118464,False,False,True,False,False,0
-27.553235,110,2816.377272,False,False,True,False,False,0
-42.394472,212,2818.874713,False,False,True,False,False,0
-281.208857,714,2827.090941,False,False,True,True,False,0
-67.30029,317,2830.926571,False,False,True,False,False,0
-15.043385,72,2831.756696,False,False,True,False,False,0
-20.777342,78,2832.657058,False,False,True,False,False,0
-36.040407,346,2836.941822,False,False,True,False,False,0
-21.315884,153,2838.874294,False,False,True,False,False,0
-19.592916,131,2840.719748,False,False,True,False,False,0
-64.441607,346,2845.480937,False,False,True,False,False,0
-18.079585,123,2846.947967,False,False,True,False,False,0
-18.056569,88,2848.076892,False,False,True,False,False,0
-18.67849,135,2849.710772,False,False,True,False,False,0
-34.651961,144,2851.518297,False,False,True,False,False,0
-51.512732,278,2855.508855,False,False,True,False,False,0
-27.128371,165,2857.683837,False,False,True,False,False,0
-94.011027,463,2863.56481,False,False,True,False,False,0
-31.680351,346,2868.194096,False,False,True,False,False,0
-44.529375,367,2873.185012,False,False,True,False,False,0
-69.945817,404,2878.43142,False,False,True,False,False,0
-18.161782,95,2879.60894,False,False,True,False,False,0
-25.225265,413,2884.382706,False,False,True,False,False,0
-19.489562,98,2885.564733,False,False,True,False,False,0
-109.205932,297,2889.129001,False,False,True,False,False,0
-40.91906,371,2893.545722,False,False,True,False,False,0
-39.586874,241,2896.26604,False,False,True,False,False,0
-15.497896,90,2897.326237,False,False,True,False,False,0
-18.643119,126,2898.722918,False,False,True,False,False,0
-144.878436,528,2904.887908,False,False,True,False,False,0
-23.923928,92,2905.934628,False,False,True,False,False,0
-27.291698,117,2907.235669,False,False,True,False,False,0
-28.281417,293,2910.671301,False,False,True,False,False,0
-21.10166,81,2911.649254,False,False,True,False,False,0
-21.229534,97,2912.979009,False,False,True,False,False,0
-98.711819,361,2917.558552,False,False,True,False,False,0
-30.90081,97,2918.781207,False,False,True,False,False,0
-39.889787,235,2921.428286,False,False,True,False,False,0
-27.102682,163,2923.379085,False,False,True,False,False,0
-27.448663,234,2926.075118,False,False,True,False,False,0
-21.830399,130,2927.66448,False,False,True,False,False,0
-21.0082,140,2929.345973,False,False,True,False,False,0
-65.258185,488,2935.024123,False,False,True,False,False,0
-24.308496,202,2937.220445,False,False,True,False,False,0
-15.948843,88,2938.231539,False,False,True,False,False,0
-81.762,221,2940.874781,False,False,True,False,False,0
-31.457925,104,2942.082641,False,False,True,False,False,0
-24.379518,220,2944.865139,False,False,True,False,False,0
-24.193557,272,2947.974948,False,False,True,False,False,0
-23.712283,237,2950.751209,False,False,True,False,False,0
-90.892756,410,2955.539324,False,False,True,False,False,0
-56.385512,254,2958.55362,False,False,True,False,False,0
-19.216078,84,2959.541827,False,False,True,False,False,0
-23.140316,190,2961.791066,False,False,True,False,False,0
-44.084988,205,2964.212612,False,False,True,False,False,0
-28.079315,85,2965.187624,False,False,True,False,False,0
-19.926837,187,2967.266752,False,False,True,False,False,0
-30.793139,135,2968.906785,False,False,True,False,False,0
-24.385318,117,2970.272595,False,False,True,False,False,0
-19.177603,121,2971.639087,False,False,True,False,False,0
