#{"t_start": 1787209293.1657703, "env_id": "None"}
r,l,t,completed,gate_reached,constraint_success,phase1_speed_failure,premature_entry_failure,terminal_constraint_failure,distance_failure,time_failure,mission_phase,phase1_curriculum_difficulty,phase1_curriculum_full_sample
-29.726937,554,5.506706,False,False,True,True,False,False,False,False,0,1.0,True
-28.797663,482,7.728073,False,False,True,True,False,False,False,False,0,1.0,True
-28.495438,474,10.073895,False,False,True,True,False,False,False,False,0,1.0,True
-29.495543,503,12.415047,False,False,True,True,False,False,False,False,0,1.0,True
-30.750277,552,14.966637,False,False,True,True,False,False,False,False,0,1.0,True
-25.343545,386,16.80433,False,False,True,True,False,False,False,False,0,1.0,True
-27.922836,466,18.964671,False,False,True,True,False,False,False,False,0,1.0,True
-27.306051,475,21.139455,False,False,True,True,False,False,False,False,0,1.0,True
-26.713137,373,22.847933,False,False,True,True,False,False,False,False,0,1.0,True
-29.637333,529,25.2851,False,False,True,True,False,False,False,False,0,1.0,True
-27.068348,413,28.950156,False,False,True,True,False,False,False,False,0,1.0,True
-31.918992,784,37.744889,False,False,True,False,False,False,True,False,0,1.0,True
-29.326814,511,43.244339,False,False,True,True,False,False,False,False,0,1.0,True
-37.322442,1103,55.230986,False,False,True,False,False,False,True,False,0,1.0,True
-39.191686,1070,67.046102,False,False,True,False,False,False,True,False,0,1.0,True
-29.865812,819,76.115379,False,False,True,True,False,False,False,False,0,1.0,True
-30.753257,679,83.566888,False,False,True,False,False,False,True,False,0,1.0,True
-38.214665,1333,98.389209,False,False,True,False,False,False,True,False,0,1.0,True
-31.481845,972,108.902705,False,False,True,True,False,False,False,False,0,1.0,True
-31.085712,967,119.432965,False,False,True,True,False,False,False,False,0,1.0,True
-32.720026,880,129.191906,False,False,True,True,False,False,False,False,0,1.0,True
-26.651909,1007,140.339854,False,False,True,True,False,False,False,False,0,1.0,True
-25.596671,524,146.07396,False,False,True,True,False,False,False,False,0,1.0,True
-27.691253,694,153.774782,False,False,True,True,False,False,False,False,0,1.0,True
-24.558575,424,158.391186,False,False,True,True,False,False,False,False,0,1.0,True
-26.417623,452,163.204566,False,False,True,True,False,False,False,False,0,1.0,True
-31.788458,1236,176.948555,False,False,True,False,False,False,True,False,0,1.0,True
-24.889974,337,180.589657,False,False,True,True,False,False,False,False,0,1.0,True
-31.716524,641,187.553895,False,False,True,True,False,False,False,False,0,1.0,True
-21.392722,246,190.354919,False,False,True,True,False,False,False,False,0,1.0,True
-23.731243,385,194.57721,False,False,True,True,False,False,False,False,0,1.0,True
-23.482319,425,199.395505,False,False,True,True,False,False,False,False,0,1.0,True
-31.343455,796,208.280827,False,False,True,True,False,False,False,False,0,1.0,True
-24.619582,658,215.583713,False,False,True,True,False,False,False,False,0,1.0,True
-30.330604,886,225.254133,False,False,True,True,False,False,False,False,0,1.0,True
-23.894943,439,230.096757,False,False,True,True,False,False,False,False,0,1.0,True
-23.379052,471,235.38291,False,False,True,True,False,False,False,False,0,1.0,True
-26.540371,415,239.887781,False,False,True,True,False,False,False,False,0,1.0,True
-25.020169,694,249.991841,False,False,True,True,False,False,False,False,0,1.0,True
-24.858468,356,253.952733,False,False,True,True,False,False,False,False,0,1.0,True
-23.818462,348,257.864983,False,False,True,True,False,False,False,False,0,1.0,True
-24.837242,673,265.167868,False,False,True,True,False,False,False,False,0,1.0,True
-29.616841,854,274.681703,False,False,True,True,False,False,False,False,0,1.0,True
-26.484234,693,282.269464,False,False,True,True,False,False,False,False,0,1.0,True
-23.758142,372,286.361437,False,False,True,True,False,False,False,False,0,1.0,True
-27.125093,606,293.150271,False,False,True,True,False,False,False,False,0,1.0,True
-25.698139,547,299.246505,False,False,True,True,False,False,False,False,0,1.0,True
-33.562002,895,309.07532,False,False,True,False,False,False,True,False,0,1.0,True
-29.114509,530,314.950264,False,False,True,True,False,False,False,False,0,1.0,True
-24.350967,451,320.001787,False,False,True,True,False,False,False,False,0,1.0,True
-43.510549,1577,337.492779,False,False,True,True,False,False,False,False,0,1.0,True
-35.508495,953,348.032942,False,False,True,False,False,False,True,False,0,1.0,True
-33.656263,721,356.101606,False,False,True,False,False,False,True,False,0,1.0,True
-27.062425,783,364.708837,False,False,True,False,False,False,True,False,0,1.0,True
-25.258101,509,370.338279,False,False,True,False,False,False,True,False,0,1.0,True
-31.277448,954,380.875669,False,False,True,False,False,False,True,False,0,1.0,True
-24.352131,460,385.962442,False,False,True,True,False,False,False,False,0,1.0,True
4.847076,329,389.47187,True,True,True,False,False,False,False,False,0,1.0,True
-43.025255,1607,407.231898,False,False,True,True,False,False,False,False,0,1.0,True
-23.830309,490,412.615015,False,False,True,True,False,False,False,False,0,1.0,True
-27.328482,539,418.566298,False,False,True,True,False,False,False,False,0,1.0,True
-37.557123,1107,430.65018,False,False,True,True,False,False,False,False,0,1.0,True
-29.569973,852,439.822154,False,False,True,True,False,False,False,False,0,1.0,True
-30.893474,836,449.014794,False,False,True,False,False,False,True,False,0,1.0,True
-27.544051,498,454.321128,False,False,True,True,False,False,False,False,0,1.0,True
-27.626393,803,463.099026,False,False,True,True,False,False,False,False,0,1.0,True
-29.551074,663,470.32992,False,False,True,True,False,False,False,False,0,1.0,True
-28.534066,476,475.647655,False,False,True,True,False,False,False,False,0,1.0,True
-26.271432,384,479.771384,False,False,True,True,False,False,False,False,0,1.0,True
-27.289419,712,487.595109,False,False,True,True,False,False,False,False,0,1.0,True
-25.661524,433,492.409135,False,False,True,True,False,False,False,False,0,1.0,True
-29.492729,789,501.088681,False,False,True,True,False,False,False,False,0,1.0,True
-27.828544,605,507.893805,False,False,True,False,False,False,True,False,0,1.0,True
4.67586,193,510.027217,True,True,True,False,False,False,False,False,0,1.0,True
-24.544808,456,515.066479,False,False,True,True,False,False,False,False,0,1.0,True
-23.829942,338,518.627737,False,False,True,True,False,False,False,False,0,1.0,True
-27.902986,632,566.467598,False,False,True,False,False,False,True,False,0,1.0,True
-29.946095,588,572.835015,False,False,True,True,False,False,False,False,0,1.0,True
-30.784383,757,581.070516,False,False,True,False,False,False,True,False,0,1.0,True
5.098227,103,582.22239,True,True,True,False,False,False,False,False,0,1.0,True
-28.506477,520,587.992672,False,False,True,False,False,False,True,False,0,1.0,True
-29.139607,637,595.042316,False,False,True,True,False,False,False,False,0,1.0,True
-28.021392,469,600.214126,False,False,True,True,False,False,False,False,0,1.0,True
-30.422492,792,608.869213,False,False,True,False,False,False,True,False,0,1.0,True
5.287924,130,610.274894,True,True,True,False,False,False,False,False,0,1.0,True
-31.216177,695,618.099972,False,False,True,True,False,False,False,False,0,1.0,True
-23.712668,427,622.601158,False,False,True,True,False,False,False,False,0,1.0,True
-26.923892,528,628.53524,False,False,True,True,False,False,False,False,0,1.0,True
-27.128742,526,634.422623,False,False,True,True,False,False,False,False,0,1.0,True
-19.556821,318,637.962166,False,False,True,False,True,False,False,False,0,1.0,True
-33.963865,640,645.036968,False,False,True,True,False,False,False,False,0,1.0,True
-26.942645,503,650.643777,False,False,True,True,False,False,False,False,0,1.0,True
-26.798414,585,657.199838,False,False,True,True,False,False,False,False,0,1.0,True
-19.881495,300,660.563301,False,False,True,False,True,False,False,False,0,1.0,True
-33.701076,872,670.020558,False,False,True,False,False,False,True,False,0,1.0,True
-20.136462,281,673.150394,False,False,True,False,True,False,False,False,0,1.0,True
-32.228638,794,681.868001,False,False,True,True,False,False,False,False,0,1.0,True
-20.806759,337,685.641212,False,False,True,False,True,False,False,False,0,1.0,True
-32.324382,730,693.687948,False,False,True,True,False,False,False,False,0,1.0,True
-20.175403,278,696.692863,False,False,True,False,True,False,False,False,0,1.0,True
-32.76564,928,706.790378,False,False,True,True,False,False,False,False,0,1.0,True
-23.516091,334,710.4751,False,False,True,False,True,False,False,False,0,1.0,True
-36.995565,844,719.794518,False,False,True,True,False,False,False,False,0,1.0,True
-27.115658,575,726.13918,False,False,True,True,False,False,False,False,0,1.0,True
-26.724182,391,730.426665,False,False,True,True,False,False,False,False,0,1.0,True
-36.457577,1049,741.984715,False,False,True,True,False,False,False,False,0,1.0,True
-33.049174,1161,754.701807,False,False,True,False,False,False,True,False,0,1.0,True
-24.687918,612,761.379544,False,False,True,True,False,False,False,False,0,1.0,True
-27.714589,829,770.536368,False,False,True,True,False,False,False,False,0,1.0,True
-25.166639,346,774.249858,False,False,True,True,False,False,False,False,0,1.0,True
-26.502216,353,778.146696,False,False,True,True,False,False,False,False,0,1.0,True
-29.696799,846,787.480115,False,False,True,True,False,False,False,False,0,1.0,True
-32.349274,1058,799.109814,False,False,True,True,False,False,False,False,0,1.0,True
-27.015351,405,803.568187,False,False,True,True,False,False,False,False,0,1.0,True
-26.554513,393,807.891999,False,False,True,True,False,False,False,False,0,1.0,True
-26.122089,378,812.122665,False,False,True,True,False,False,False,False,0,1.0,True
-38.789899,1116,824.530532,False,False,True,False,False,False,True,False,0,1.0,True
-29.284555,598,831.227157,False,False,True,True,False,False,False,False,0,1.0,True
-29.273344,615,837.94236,False,False,True,True,False,False,False,False,0,1.0,True
-25.507562,404,844.802088,False,False,True,True,False,False,False,False,0,1.0,True
-27.006395,446,849.756219,False,False,True,True,False,False,False,False,0,1.0,True
-24.997864,605,856.588873,False,False,True,True,False,False,False,False,0,1.0,True
-24.298234,402,861.152122,False,False,True,True,False,False,False,False,0,1.0,True
-32.044046,665,868.55812,False,False,True,True,False,False,False,False,0,1.0,True
-25.945661,983,879.625313,False,False,True,True,False,False,False,False,0,1.0,True
-39.844182,1306,893.960348,False,False,True,True,False,False,False,False,0,1.0,True
-25.504437,416,898.598719,False,False,True,True,False,False,False,False,0,1.0,True
5.65349,144,900.228277,True,True,True,False,False,False,False,False,0,1.0,True
-32.619163,942,910.641832,False,False,True,True,False,False,False,False,0,1.0,True
-18.836644,286,913.829238,False,False,True,False,True,False,False,False,0,1.0,True
4.350424,219,916.291883,True,True,True,False,False,False,False,False,0,1.0,True
-19.480934,350,920.071047,False,False,True,False,True,False,False,False,0,1.0,True
-19.854866,520,925.835254,False,False,True,False,True,False,False,False,0,1.0,True
-18.363719,386,930.126439,False,False,True,False,True,False,False,False,0,1.0,True
3.612587,166,931.827373,True,True,True,False,False,False,False,False,0,1.0,True
-22.530505,563,938.155593,False,False,True,False,True,False,False,False,0,1.0,True
-34.423088,976,949.051175,False,False,True,False,False,False,True,False,0,1.0,True
-18.134777,282,952.242549,False,False,True,False,True,False,False,False,0,1.0,True
-21.262666,591,958.821797,False,False,True,False,True,False,False,False,0,1.0,True
5.14,216,961.146759,True,True,True,False,False,False,False,False,0,1.0,True
-37.635118,937,971.448849,False,False,True,True,False,False,False,False,0,1.0,True
-44.876787,1560,988.701195,False,False,True,True,False,False,False,False,0,1.0,True
-39.179176,1089,1000.761515,False,False,True,False,False,False,True,False,0,1.0,True
-30.697193,727,1008.783872,False,False,True,True,False,False,False,False,0,1.0,True
-27.717149,604,1015.529024,False,False,True,True,False,False,False,False,0,1.0,True
-30.079136,487,1020.820319,False,False,True,True,False,False,False,False,0,1.0,True
3.939185,214,1023.269999,True,True,True,False,False,False,False,False,0,1.0,True
-17.158864,273,1026.342119,False,False,True,False,True,False,False,False,0,1.0,True
-18.299184,351,1030.090945,False,False,True,False,True,False,False,False,0,1.0,True
-36.032324,1066,1041.846141,False,False,True,True,False,False,False,False,0,1.0,True
-18.215021,465,1046.83776,False,False,True,False,True,False,False,False,0,1.0,True
4.161143,294,1050.151919,True,True,True,False,False,False,False,False,0,1.0,True
-26.633107,348,1054.040828,False,False,True,True,False,False,False,False,0,1.0,True
-27.568758,940,1064.412215,False,False,True,True,False,False,False,False,0,1.0,True
-17.779732,391,1068.670917,False,False,True,False,True,False,False,False,0,1.0,True
-32.579593,564,1074.856972,False,False,True,True,False,False,False,False,0,1.0,True
-32.840302,735,1083.025811,False,False,True,True,False,False,False,False,0,1.0,True
5.040228,289,1086.227013,True,True,True,False,False,False,False,False,0,1.0,True
4.349961,111,1087.476122,True,True,True,False,False,False,False,False,0,1.0,True
-32.51321,830,1096.71393,False,False,True,True,False,False,False,False,0,1.0,True
-34.349529,815,1105.68286,False,False,True,True,False,False,False,False,0,1.0,True
-27.88669,670,1113.009164,False,False,True,True,False,False,False,False,0,1.0,True
-29.985049,824,1161.121176,False,False,True,True,False,False,False,False,0,1.0,True
4.755981,123,1162.450388,True,True,True,False,False,False,False,False,0,1.0,True
-28.253211,773,1170.968812,False,False,True,True,False,False,False,False,0,1.0,True
-30.579901,823,1180.099274,False,False,True,True,False,False,False,False,0,1.0,True
-34.423665,1150,1192.786385,False,False,True,False,False,False,True,False,0,1.0,True
-29.952652,1050,1204.314238,False,False,True,True,False,False,False,False,0,1.0,True
-31.145592,862,1213.723382,False,False,True,True,False,False,False,False,0,1.0,True
-30.213641,705,1221.603639,False,False,True,True,False,False,False,False,0,1.0,True
-29.909015,760,1229.906808,False,False,True,True,False,False,False,False,0,1.0,True
-21.936908,743,1238.142157,False,False,True,False,True,False,False,False,0,1.0,True
-28.371518,854,1247.616851,False,False,True,True,False,False,False,False,0,1.0,True
-31.673319,879,1257.409534,False,False,True,True,False,False,False,False,0,1.0,True
5.526795,169,1259.306967,True,True,True,False,False,False,False,False,0,1.0,True
-26.044881,479,1264.688241,False,False,True,True,False,False,False,False,0,1.0,True
-25.907266,840,1273.869385,False,False,True,True,False,False,False,False,0,1.0,True
-30.009472,643,1280.984815,False,False,True,False,False,False,True,False,0,1.0,True
-26.307431,562,1287.168774,False,False,True,True,False,False,False,False,0,1.0,True
3.879066,381,1291.238735,True,True,True,False,False,False,False,False,0,1.0,True
-30.661264,868,1300.840867,False,False,True,True,False,False,False,False,0,1.0,True
4.479551,169,1302.706828,True,True,True,False,False,False,False,False,0,1.0,True
-28.02326,713,1310.536871,False,False,True,True,False,False,False,False,0,1.0,True
-21.737084,550,1316.634136,False,False,True,False,True,False,False,False,0,1.0,True
-28.964639,860,1325.942043,False,False,True,True,False,False,False,False,0,1.0,True
-30.213707,679,1333.295495,False,False,True,True,False,False,False,False,0,1.0,True
-28.095932,907,1343.212815,False,False,True,True,False,False,False,False,0,1.0,True
4.174439,752,1351.428399,True,True,True,False,False,False,False,False,0,1.0,True
-25.401782,507,1357.033256,False,False,True,True,False,False,False,False,0,1.0,True
2.68114,456,1361.998345,True,True,True,False,False,False,False,False,0,1.0,True
-31.753589,557,1368.088285,False,False,True,False,False,False,True,False,0,1.0,True
-22.251326,337,1371.806683,False,False,True,True,False,False,False,False,0,1.0,True
-35.050632,1012,1382.8632,False,False,True,True,False,False,False,False,0,1.0,True
-21.849473,657,1390.032509,False,False,True,False,True,False,False,False,0,1.0,True
-29.60404,1218,1403.571159,False,False,True,True,False,False,False,False,0,1.0,True
-24.355196,352,1407.450248,False,False,True,True,False,False,False,False,0,1.0,True
5.094387,253,1410.258749,True,True,True,False,False,False,False,False,0,1.0,True
-22.155751,501,1415.786391,False,False,True,False,True,False,False,False,0,1.0,True
-18.64258,380,1419.818705,False,False,True,False,True,False,False,False,0,1.0,True
-18.364803,352,1423.765235,False,False,True,False,True,False,False,False,0,1.0,True
-32.980493,759,1432.071059,False,False,True,True,False,False,False,False,0,1.0,True
-19.627351,527,1440.306205,False,False,True,False,True,False,False,False,0,1.0,True
-28.557039,793,1448.960246,False,False,True,True,False,False,False,False,0,1.0,True
-29.017962,477,1454.194016,False,False,True,True,False,False,False,False,0,1.0,True
-22.614014,317,1457.680096,False,False,True,True,False,False,False,False,0,1.0,True
-32.554374,933,1468.002334,False,False,True,True,False,False,False,False,0,1.0,True
-35.178945,1537,1485.029693,False,False,True,True,False,False,False,False,0,1.0,True
-22.893332,315,1488.558065,False,False,True,True,False,False,False,False,0,1.0,True
-36.194183,995,1499.43613,False,False,True,True,False,False,False,False,0,1.0,True
-32.296135,733,1507.335582,False,False,True,False,False,False,True,False,0,1.0,True
-32.888733,837,1516.53061,False,False,True,True,False,False,False,False,0,1.0,True
-33.532609,764,1525.013864,False,False,True,False,False,False,True,False,0,1.0,True
-33.129896,643,1532.027903,False,False,True,False,False,False,True,False,0,1.0,True
-35.256573,1032,1543.124633,False,False,True,False,False,False,True,False,0,1.0,True
-22.721718,288,1546.291732,False,False,True,True,False,False,False,False,0,1.0,True
-22.349866,426,1550.862579,False,False,True,True,False,False,False,False,0,1.0,True
-25.534906,484,1556.195943,False,False,True,True,False,False,False,False,0,1.0,True
-22.717992,424,1560.925123,False,False,True,True,False,False,False,False,0,1.0,True
-34.174371,954,1571.239468,False,False,True,False,False,False,True,False,0,1.0,True
-27.312895,497,1576.72525,False,False,True,True,False,False,False,False,0,1.0,True
-24.734212,489,1582.089143,False,False,True,True,False,False,False,False,0,1.0,True
-22.879142,250,1584.831589,False,False,True,True,False,False,False,False,0,1.0,True
-31.95731,669,1592.151433,False,False,True,False,False,False,True,False,0,1.0,True
-33.749859,702,1599.800825,False,False,True,False,False,False,True,False,0,1.0,True
-29.430468,804,1608.596809,False,False,True,False,False,False,True,False,0,1.0,True
-29.443928,767,1617.076416,False,False,True,True,False,False,False,False,0,1.0,True
-27.542006,566,1623.338583,False,False,True,True,False,False,False,False,0,1.0,True
-29.189092,780,1631.819136,False,False,True,True,False,False,False,False,0,1.0,True
-34.032935,942,1642.253681,False,False,True,False,True,False,False,False,0,1.0,True
-31.100438,675,1649.571795,False,False,True,False,False,False,True,False,0,1.0,True
-35.464163,1102,1661.728698,False,False,True,False,False,False,True,False,0,1.0,True
-34.952819,837,1671.015565,False,False,True,False,False,False,True,False,0,1.0,True
0.24612,979,1681.62142,True,True,True,False,False,False,False,False,0,1.0,True
-41.507757,1305,1696.055553,False,False,True,True,False,False,False,False,0,1.0,True
-29.846287,1179,1708.993365,False,False,True,True,False,False,False,False,0,1.0,True
-26.773429,735,1719.618909,False,False,True,True,False,False,False,False,0,1.0,True
5.346523,165,1721.465307,True,True,True,False,False,False,False,False,0,1.0,True
-40.16004,1762,1740.813776,False,False,True,False,False,False,True,False,0,1.0,True
-28.936162,1263,1754.93105,False,False,True,True,False,False,False,False,0,1.0,True
-33.36036,1400,1770.686656,False,False,True,True,False,False,False,False,0,1.0,True
-25.862988,420,1775.417774,False,False,True,True,False,False,False,False,0,1.0,True
-31.536542,942,1785.872786,False,False,True,False,False,False,True,False,0,1.0,True
-28.839081,587,1792.316748,False,False,True,True,False,False,False,False,0,1.0,True
-30.915898,836,1801.652299,False,False,True,False,False,False,True,False,0,1.0,True
-31.634602,1722,1820.807266,False,False,True,True,False,False,False,False,0,1.0,True
3.371353,402,1825.300731,True,True,True,False,False,False,False,False,0,1.0,True
4.618216,309,1828.798765,True,True,True,False,False,False,False,False,0,1.0,True
-32.701779,924,1838.951587,False,False,True,False,False,False,True,False,0,1.0,True
-27.858948,476,1844.203736,False,False,True,True,False,False,False,False,0,1.0,True
-35.365539,876,1853.859272,False,False,True,True,False,False,False,False,0,1.0,True
-27.909362,613,1860.714596,False,False,True,False,False,False,True,False,0,1.0,True
2.516636,741,1868.931024,True,True,True,False,False,False,False,False,0,1.0,True
-30.27798,890,1878.880201,False,False,True,False,False,False,True,False,0,1.0,True
4.760246,108,1880.098852,True,True,True,False,False,False,False,False,0,1.0,True
-25.640081,569,1886.471763,False,False,True,True,False,False,False,False,0,1.0,True
-29.247372,847,1895.757421,False,False,True,True,False,False,False,False,0,1.0,True
-29.639401,712,1903.745582,False,False,True,False,False,False,True,False,0,1.0,True
-23.897579,272,1906.786393,False,False,True,True,False,False,False,False,0,1.0,True
-26.473024,633,1913.757695,False,False,True,False,False,False,True,False,0,1.0,True
-29.067286,857,1923.255762,False,False,True,True,False,False,False,False,0,1.0,True
-32.950056,1833,1943.318041,False,False,True,True,False,False,False,False,0,1.0,True
-18.497128,522,1949.138404,False,False,True,False,True,False,False,False,0,1.0,True
1.5657,818,1958.239407,True,True,True,False,False,False,False,False,0,1.0,True
-26.969842,661,1965.562217,False,False,True,True,False,False,False,False,0,1.0,True
4.323213,686,1973.111791,True,True,True,False,False,False,False,False,0,1.0,True
-30.533613,1097,1985.152261,False,False,True,True,False,False,False,False,0,1.0,True
3.528317,355,1989.091243,True,True,True,False,False,False,False,False,0,1.0,True
3.385337,608,1998.386911,True,True,True,False,False,False,False,False,0,1.0,True
4.069184,411,2003.013994,True,True,True,False,False,False,False,False,0,1.0,True
-26.427576,497,2008.575073,False,False,True,True,False,False,False,False,0,1.0,True
4.405403,517,2014.27318,True,True,True,False,False,False,False,False,0,1.0,True
-21.974684,902,2024.115405,False,False,True,False,True,False,False,False,0,1.0,True
-18.970428,730,2032.237257,False,False,True,False,True,False,False,False,0,1.0,True
-26.271891,461,2037.443358,False,False,True,True,False,False,False,False,0,1.0,True
-25.210365,457,2042.546422,False,False,True,True,False,False,False,False,0,1.0,True
5.558496,404,2047.069513,True,True,True,False,False,False,False,False,0,1.0,True
5.325267,400,2051.508435,True,True,True,False,False,False,False,False,0,1.0,True
5.358386,236,2054.158585,True,True,True,False,False,False,False,False,0,1.0,True
-20.870495,803,2062.947557,False,False,True,False,True,False,False,False,0,1.0,True
-28.4456,803,2071.957188,False,False,True,True,False,False,False,False,0,1.0,True
4.74333,244,2074.704902,True,True,True,False,False,False,False,False,0,1.0,True
2.738536,961,2085.382282,True,True,True,False,False,False,False,False,0,1.0,True
3.864462,293,2088.610794,True,True,True,False,False,False,False,False,0,1.0,True
4.164291,513,2094.253387,True,True,True,False,False,False,False,False,0,1.0,True
-26.108194,401,2098.836741,False,False,True,True,False,False,False,False,0,1.0,True
-23.611172,320,2102.429234,False,False,True,True,False,False,False,False,0,1.0,True
-24.307569,370,2106.620471,False,False,True,True,False,False,False,False,0,1.0,True
-27.844459,476,2111.957061,False,False,True,True,False,False,False,False,0,1.0,True
3.272195,571,2118.222256,True,True,True,False,False,False,False,False,0,1.0,True
3.058998,610,2125.014019,True,True,True,False,False,False,False,False,0,1.0,True
-31.431101,898,2135.059636,False,False,True,False,False,False,True,False,0,1.0,True
-35.481365,930,2145.357962,False,False,True,False,False,False,True,False,0,1.0,True
-24.156249,319,2148.914149,False,False,True,True,False,False,False,False,0,1.0,True
-22.573444,1134,2161.337142,False,False,True,False,True,False,False,False,0,1.0,True
-24.278587,305,2164.687965,False,False,True,True,False,False,False,False,0,1.0,True
-33.318245,1298,2179.00225,False,False,True,True,False,False,False,False,0,1.0,True
-26.671949,399,2183.385305,False,False,True,True,False,False,False,False,0,1.0,True
1.374467,1093,2195.304641,True,True,True,False,False,False,False,False,0,1.0,True
-25.48133,1371,2210.288676,False,False,True,False,True,False,False,False,0,1.0,True
2.374698,520,2216.121527,True,True,True,False,False,False,False,False,0,1.0,True
5.31204,161,2217.905102,True,True,True,False,False,False,False,False,0,1.0,True
-26.518473,666,2225.290396,False,False,True,True,False,False,False,False,0,1.0,True
3.737352,403,2229.785789,True,True,True,False,False,False,False,False,0,1.0,True
-19.834116,484,2235.055144,False,False,True,False,True,False,False,False,0,1.0,True
-33.819352,1166,2247.958779,False,False,True,False,False,False,True,False,0,1.0,True
1.403848,853,2257.497438,True,True,True,False,False,False,False,False,0,1.0,True
-28.608336,748,2265.65676,False,False,True,True,False,False,False,False,0,1.0,True
-26.727245,863,2355.75762,False,False,True,False,True,False,False,False,0,1.0,True
4.332831,342,2359.53749,True,True,True,False,False,False,False,False,0,1.0,True
-31.770383,1339,2374.221667,False,False,True,True,False,False,False,False,0,1.0,True
-26.614645,430,2378.977956,False,False,True,True,False,False,False,False,0,1.0,True
-27.130058,768,2387.385304,False,False,True,True,False,False,False,False,0,1.0,True
2.942636,514,2393.063226,True,True,True,False,False,False,False,False,0,1.0,True
-31.643133,1004,2404.164325,False,False,True,False,False,False,True,False,0,1.0,True
-22.88399,295,2407.42487,False,False,True,True,False,False,False,False,0,1.0,True
-22.887366,323,2411.023045,False,False,True,True,False,False,False,False,0,1.0,True
-27.855896,675,2418.532854,False,False,True,True,False,False,False,False,0,1.0,True
4.537612,231,2421.131326,True,True,True,False,False,False,False,False,0,1.0,True
-27.36805,513,2426.767287,False,False,True,True,False,False,False,False,0,1.0,True
-32.812603,746,2434.859254,False,False,True,False,False,False,True,False,0,1.0,True
-28.934787,476,2440.240196,False,False,True,False,False,False,True,False,0,1.0,True
-33.667981,1053,2451.73468,False,False,True,False,False,False,True,False,0,1.0,True
-32.778417,872,2461.324008,False,False,True,False,False,False,True,False,0,1.0,True
-28.538082,726,2469.384831,False,False,True,False,False,False,True,False,0,1.0,True
-25.306363,358,2473.376433,False,False,True,True,False,False,False,False,0,1.0,True
-25.899548,577,2479.685819,False,False,True,True,False,False,False,False,0,1.0,True
-30.660945,589,2486.234088,False,False,True,True,False,False,False,False,0,1.0,True
4.813672,276,2489.315995,True,True,True,False,False,False,False,False,0,1.0,True
-30.529253,641,2496.340011,False,False,True,False,False,False,True,False,0,1.0,True
-34.143356,1093,2508.552908,False,False,True,True,False,False,False,False,0,1.0,True
-35.360637,898,2518.494972,False,False,True,True,False,False,False,False,0,1.0,True
4.565081,148,2520.157432,True,True,True,False,False,False,False,False,0,1.0,True
-25.439807,539,2526.159173,False,False,True,True,False,False,False,False,0,1.0,True
5.146021,393,2530.576469,True,True,True,False,False,False,False,False,0,1.0,True
-17.95336,528,2536.504169,False,False,True,False,True,False,False,False,0,1.0,True
-25.085459,581,2542.979354,False,False,True,True,False,False,False,False,0,1.0,True
4.101627,195,2545.134622,True,True,True,False,False,False,False,False,0,1.0,True
-25.158993,664,2552.459627,False,False,True,True,False,False,False,False,0,1.0,True
-24.479951,429,2557.133667,False,False,True,True,False,False,False,False,0,1.0,True
5.102781,173,2559.054965,True,True,True,False,False,False,False,False,0,1.0,True
3.803973,307,2562.499451,True,True,True,False,False,False,False,False,0,1.0,True
-25.59568,419,2567.137169,False,False,True,True,False,False,False,False,0,1.0,True
5.322999,267,2570.142423,True,True,True,False,False,False,False,False,0,1.0,True
-30.417236,707,2577.9869,False,False,True,False,False,False,True,False,0,1.0,True
4.762895,214,2580.375664,True,True,True,False,False,False,False,False,0,1.0,True
4.136532,257,2583.256607,True,True,True,False,False,False,False,False,0,1.0,True
-25.525486,521,2589.036318,False,False,True,True,False,False,False,False,0,1.0,True
-30.572903,654,2596.33552,False,False,True,True,False,False,False,False,0,1.0,True
5.35543,207,2598.636313,True,True,True,False,False,False,False,False,0,1.0,True
-27.02487,690,2606.370085,False,False,True,True,False,False,False,False,0,1.0,True
5.308758,263,2609.265844,True,True,True,False,False,False,False,False,0,1.0,True
4.577442,101,2610.418884,True,True,True,False,False,False,False,False,0,1.0,True
-29.666926,554,2616.57063,False,False,True,False,False,False,True,False,0,1.0,True
-31.224172,644,2623.608525,False,False,True,True,False,False,False,False,0,1.0,True
4.660325,246,2626.338903,True,True,True,False,False,False,False,False,0,1.0,True
-27.649479,465,2634.007266,False,False,True,True,False,False,False,False,0,1.0,True
5.108806,330,2637.63066,True,True,True,False,False,False,False,False,0,1.0,True
-28.691697,422,2642.23134,False,False,True,True,False,False,False,False,0,1.0,True
-32.008791,790,2650.933166,False,False,True,True,False,False,False,False,0,1.0,True
4.561726,434,2655.872339,True,True,True,False,False,False,False,False,0,1.0,True
-32.504831,809,2665.070041,False,False,True,True,False,False,False,False,0,1.0,True
-27.539642,490,2670.494657,False,False,True,True,False,False,False,False,0,1.0,True
-21.571914,352,2674.459258,False,False,True,False,True,False,False,False,0,1.0,True
3.480685,414,2678.887591,True,True,True,False,False,False,False,False,0,1.0,True
-25.533781,566,2685.24867,False,False,True,True,False,False,False,False,0,1.0,True
5.813845,280,2688.275774,True,True,True,False,False,False,False,False,0,1.0,True
-26.062237,465,2693.477347,False,False,True,False,False,False,True,False,0,1.0,True
-28.207502,754,2701.808073,False,False,True,True,False,False,False,False,0,1.0,True
-27.369147,366,2705.896689,False,False,True,False,False,False,True,False,0,1.0,True
4.662124,182,2707.928751,True,True,True,False,False,False,False,False,0,1.0,True
-26.860752,670,2715.449585,False,False,True,True,False,False,False,False,0,1.0,True
-26.111374,426,2720.203903,False,False,True,True,False,False,False,False,0,1.0,True
-33.017687,833,2729.545304,False,False,True,True,False,False,False,False,0,1.0,True
-26.726584,435,2734.475751,False,False,True,True,False,False,False,False,0,1.0,True
-23.857238,229,2736.908466,False,False,True,True,False,False,False,False,0,1.0,True
-24.976087,339,2740.687656,False,False,True,True,False,False,False,False,0,1.0,True
-36.6806,1024,2752.209641,False,False,True,True,False,False,False,False,0,1.0,True
-25.410795,305,2755.677656,False,False,True,True,False,False,False,False,0,1.0,True
-29.452786,573,2761.937304,False,False,True,True,False,False,False,False,0,1.0,True
-29.600797,542,2767.816067,False,False,True,False,False,False,True,False,0,1.0,True
-31.932311,662,2775.198208,False,False,True,False,False,False,True,False,0,1.0,True
4.643741,295,2778.499262,True,True,True,False,False,False,False,False,0,1.0,True
4.724412,323,2782.0912,True,True,True,False,False,False,False,False,0,1.0,True
-29.006067,415,2786.728632,False,False,True,False,False,False,True,False,0,1.0,True
-30.239806,674,2794.228391,False,False,True,False,False,False,True,False,0,1.0,True
-33.146544,1064,2805.961002,False,False,True,False,False,False,True,False,0,1.0,True
-30.86169,786,2814.79305,False,False,True,True,False,False,False,False,0,1.0,True
-27.110755,433,2819.751869,False,False,True,False,False,False,True,False,0,1.0,True
4.235059,298,2822.946106,True,True,True,False,False,False,False,False,0,1.0,True
-30.118465,497,2828.584367,False,False,True,False,False,False,True,False,0,1.0,True
-29.90674,474,2833.769442,False,False,True,False,False,False,True,False,0,1.0,True
-29.264698,400,2838.256356,False,False,True,False,False,False,True,False,0,1.0,True
-27.261684,339,2841.992471,False,False,True,True,False,False,False,False,0,1.0,True
-30.651188,900,2852.162111,False,False,True,True,False,False,False,False,0,1.0,True
-22.987868,290,2855.427657,False,False,True,True,False,False,False,False,0,1.0,True
-29.014559,479,2860.845933,False,False,True,False,False,False,True,False,0,1.0,True
4.755665,240,2863.455526,True,True,True,False,False,False,False,False,0,1.0,True
-27.969618,396,2867.947736,False,False,True,True,False,False,False,False,0,1.0,True
-18.733526,361,2872.05907,False,False,True,False,True,False,False,False,0,1.0,True
-23.871761,242,2874.792311,False,False,True,True,False,False,False,False,0,1.0,True
3.745042,301,2878.178332,True,True,True,False,False,False,False,False,0,1.0,True
-31.1936,602,2884.915632,False,False,True,True,False,False,False,False,0,1.0,True
-25.085219,357,2888.929766,False,False,True,True,False,False,False,False,0,1.0,True
-26.494592,1026,2900.313675,False,False,True,False,True,False,False,False,0,1.0,True
3.32444,226,2902.809826,True,True,True,False,False,False,False,False,0,1.0,True
-24.488363,274,2905.878013,False,False,True,True,False,False,False,False,0,1.0,True
-21.907816,268,2911.471086,False,False,True,True,False,False,False,False,0,1.0,True
-24.219327,302,2914.86303,False,False,True,True,False,False,False,False,0,1.0,True
-24.062025,244,2917.440319,False,False,True,True,False,False,False,False,0,1.0,True
-31.425834,630,2924.621028,False,False,True,True,False,False,False,False,0,1.0,True
-23.654657,237,2927.241827,False,False,True,True,False,False,False,False,0,1.0,True
-29.450387,470,2932.524916,False,False,True,False,False,False,True,False,0,1.0,True
-30.606889,456,2937.610718,False,False,True,True,False,False,False,False,0,1.0,True
-21.603642,330,2941.27173,False,False,True,False,True,False,False,False,0,1.0,True
-17.521545,340,2945.008891,False,False,True,False,True,False,False,False,0,1.0,True
-29.722473,447,2950.01868,False,False,True,False,False,False,True,False,0,1.0,True
-26.78987,341,2953.744893,False,False,True,True,False,False,False,False,0,1.0,True
4.4282,386,2957.912159,True,True,True,False,False,False,False,False,0,1.0,True
-31.385741,590,2964.52656,False,False,True,False,False,False,True,False,0,1.0,True
-31.458756,627,2971.505272,False,False,True,True,False,False,False,False,0,1.0,True
-29.560632,603,2978.150036,False,False,True,False,False,False,True,False,0,1.0,True
-17.892054,414,2982.816006,False,False,True,False,True,False,False,False,0,1.0,True
-33.094499,753,2991.383744,False,False,True,False,False,False,True,False,0,1.0,True
-28.675234,424,2996.100212,False,False,True,True,False,False,False,False,0,1.0,True
-29.532035,480,3001.4545,False,False,True,False,False,False,True,False,0,1.0,True
3.789076,359,3005.433728,True,True,True,False,False,False,False,False,0,1.0,True
-27.081759,672,3012.960549,False,False,True,False,False,False,True,False,0,1.0,True
5.019896,289,3016.209406,True,True,True,False,False,False,False,False,0,1.0,True
-30.148739,665,3023.690539,False,False,True,False,False,False,True,False,0,1.0,True
-28.109803,368,3027.896034,False,False,True,True,False,False,False,False,0,1.0,True
-41.088746,1249,3041.820699,False,False,True,True,False,False,False,False,0,1.0,True
-35.889141,1145,3054.835278,False,False,True,False,False,False,True,False,0,1.0,True
3.868724,203,3057.070504,True,True,True,False,False,False,False,False,0,1.0,True
-19.463877,418,3061.81819,False,False,True,False,True,False,False,False,0,1.0,True
-25.869381,399,3066.294114,False,False,True,False,True,False,False,False,0,1.0,True
-33.016851,747,3074.799386,False,False,True,False,False,False,True,False,0,1.0,True
-32.765319,785,3083.516059,False,False,True,False,False,False,True,False,0,1.0,True
-37.498756,831,3092.633183,False,False,True,False,False,False,True,False,0,1.0,True
-31.017184,533,3098.518263,False,False,True,False,False,False,True,False,0,1.0,True
-33.786144,842,3107.925864,False,False,True,False,False,False,True,False,0,1.0,True
-20.433603,240,3110.594527,False,False,True,False,True,False,False,False,0,1.0,True
-20.716543,239,3113.27365,False,False,True,False,True,False,False,False,0,1.0,True
2.949603,275,3116.294266,True,True,True,False,False,False,False,False,0,1.0,True
-23.146813,282,3119.402421,False,False,True,True,False,False,False,False,0,1.0,True
-41.378142,1120,3131.943802,False,False,True,True,False,False,False,False,0,1.0,True
-37.194014,866,3141.44241,False,False,True,True,False,False,False,False,0,1.0,True
-19.904014,224,3143.887674,False,False,True,False,True,False,False,False,0,1.0,True
-20.84902,310,3147.326982,False,False,True,False,True,False,False,False,0,1.0,True
-32.474411,618,3154.118067,False,False,True,True,False,False,False,False,0,1.0,True
-19.24711,193,3156.261095,False,False,True,False,True,False,False,False,0,1.0,True
-25.56996,433,3161.09397,False,False,True,False,True,False,False,False,0,1.0,True
-20.113281,343,3164.737835,False,False,True,False,True,False,False,False,0,1.0,True
-31.73118,991,3175.688034,False,False,True,False,False,False,True,False,0,1.0,True
-19.924573,183,3177.742461,False,False,True,False,True,False,False,False,0,1.0,True
-18.803148,480,3183.03899,False,False,True,False,True,False,False,False,0,1.0,True
-20.480531,239,3185.696471,False,False,True,False,True,False,False,False,0,1.0,True
-33.824631,942,3198.735188,False,False,True,False,False,False,True,False,0,1.0,True
-40.364493,1039,3210.312685,False,False,True,False,False,False,True,False,0,1.0,True
-22.33501,353,3214.234421,False,False,True,False,True,False,False,False,0,1.0,True
-20.877715,237,3216.877453,False,False,True,False,True,False,False,False,0,1.0,True
-19.130341,270,3219.898987,False,False,True,False,True,False,False,False,0,1.0,True
-19.892439,267,3222.854738,False,False,True,False,True,False,False,False,0,1.0,True
-18.51322,247,3225.584918,False,False,True,False,True,False,False,False,0,1.0,True
-25.930916,831,3234.715863,False,False,True,True,False,False,False,False,0,1.0,True
-29.778488,441,3239.664325,False,False,True,True,False,False,False,False,0,1.0,True
-23.227893,370,3243.799041,False,False,True,False,True,False,False,False,0,1.0,True
-31.535771,543,3249.799321,False,False,True,True,False,False,False,False,0,1.0,True
-21.658733,271,3252.813903,False,False,True,False,True,False,False,False,0,1.0,True
-21.110326,252,3255.530603,False,False,True,False,True,False,False,False,0,1.0,True
-19.958794,241,3258.167961,False,False,True,False,True,False,False,False,0,1.0,True
-36.948146,784,3266.815977,False,False,True,True,False,False,False,False,0,1.0,True
-31.664487,594,3273.408356,False,False,True,True,False,False,False,False,0,1.0,True
-19.257943,163,3275.234594,False,False,True,False,True,False,False,False,0,1.0,True
4.32227,97,3276.287656,True,True,True,False,False,False,False,False,0,1.0,True
-30.372257,504,3281.772692,False,False,True,True,False,False,False,False,0,1.0,True
-30.686281,582,3288.122466,False,False,True,True,False,False,False,False,0,1.0,True
-31.674914,756,3296.495097,False,False,True,True,False,False,False,False,0,1.0,True
-34.883567,771,3305.115447,False,False,True,False,False,False,True,False,0,1.0,True
5.012721,289,3308.315208,True,True,True,False,False,False,False,False,0,1.0,True
-37.618229,870,3317.853211,False,False,True,True,False,False,False,False,0,1.0,True
-31.091466,626,3324.723133,False,False,True,True,False,False,False,False,0,1.0,True
-18.759967,202,3326.960768,False,False,True,False,True,False,False,False,0,1.0,True
-37.09439,800,3335.940681,False,False,True,False,False,False,True,False,0,1.0,True
-20.155455,276,3338.9044,False,False,True,False,True,False,False,False,0,1.0,True
4.095633,161,3340.615031,True,True,True,False,False,False,False,False,0,1.0,True
-21.488932,198,3342.872832,False,False,True,False,True,False,False,False,0,1.0,True
-35.139126,876,3352.518273,False,False,True,False,False,False,True,False,0,1.0,True
-26.000937,358,3356.461016,False,False,True,True,False,False,False,False,0,1.0,True
-33.264799,661,3363.858606,False,False,True,True,False,False,False,False,0,1.0,True
-20.30643,182,3365.855067,False,False,True,False,True,False,False,False,0,1.0,True
-20.323134,182,3367.869182,False,False,True,False,True,False,False,False,0,1.0,True
-29.676222,1017,3379.091901,False,False,True,False,False,False,True,False,0,1.0,True
-20.28959,195,3381.297537,False,False,True,False,True,False,False,False,0,1.0,True
-22.277457,246,3384.022878,False,False,True,False,True,False,False,False,0,1.0,True
-21.784426,263,3387.002744,False,False,True,False,True,False,False,False,0,1.0,True
-32.482335,565,3393.268893,False,False,True,True,False,False,False,False,0,1.0,True
-37.521417,847,3402.595261,False,False,True,False,False,False,True,False,0,1.0,True
-26.200968,698,3410.248451,False,False,True,True,False,False,False,False,0,1.0,True
-30.960876,512,3415.931363,False,False,True,True,False,False,False,False,0,1.0,True
-34.978844,689,3423.646624,False,False,True,False,False,False,True,False,0,1.0,True
-29.105176,420,3428.377205,False,False,True,True,False,False,False,False,0,1.0,True
-21.047634,292,3431.584944,False,False,True,False,True,False,False,False,0,1.0,True
-31.924703,567,3437.843518,False,False,True,True,False,False,False,False,0,1.0,True
-20.202832,296,3441.141012,False,False,True,False,True,False,False,False,0,1.0,True
-21.868477,285,3444.290819,False,False,True,True,False,False,False,False,0,1.0,True
-19.873751,200,3446.525495,False,False,True,False,True,False,False,False,0,1.0,True
-31.811836,597,3453.197228,False,False,True,True,False,False,False,False,0,1.0,True
-28.520287,460,3458.176265,False,False,True,True,False,False,False,False,0,1.0,True
-27.366368,743,3466.392228,False,False,True,True,False,False,False,False,0,1.0,True
-30.035587,444,3506.891673,False,False,True,True,False,False,False,False,0,1.0,True
-35.229279,877,3516.439366,False,False,True,False,False,False,True,False,0,1.0,True
-30.430195,536,3522.320769,False,False,True,True,False,False,False,False,0,1.0,True
-18.75994,247,3525.040681,False,False,True,False,True,False,False,False,0,1.0,True
-20.739344,206,3527.343335,False,False,True,False,True,False,False,False,0,1.0,True
-20.910015,255,3530.167888,False,False,True,True,False,False,False,False,0,1.0,True
-19.938639,268,3533.07417,False,False,True,False,True,False,False,False,0,1.0,True
-22.878062,230,3535.533458,False,False,True,True,False,False,False,False,0,1.0,True
-31.861128,537,3541.46028,False,False,True,True,False,False,False,False,0,1.0,True
-31.478408,527,3547.290874,False,False,True,True,False,False,False,False,0,1.0,True
4.626878,70,3548.077661,True,True,True,False,False,False,False,False,0,1.0,True
-22.169056,268,3551.039088,False,False,True,True,False,False,False,False,0,1.0,True
-30.205221,935,3561.731184,False,False,True,True,False,False,False,False,0,1.0,True
-33.77055,699,3569.466586,False,False,True,True,False,False,False,False,0,1.0,True
-21.882562,246,3572.258853,False,False,True,True,False,False,False,False,0,1.0,True
-19.647645,187,3574.35353,False,False,True,False,True,False,False,False,0,1.0,True
-19.4664,205,3576.507621,False,False,True,False,True,False,False,False,0,1.0,True
-20.713693,229,3579.078906,False,False,True,False,True,False,False,False,0,1.0,True
-19.235945,185,3580.982651,False,False,True,False,True,False,False,False,0,1.0,True
-17.82937,289,3584.213147,False,False,True,False,True,False,False,False,0,1.0,True
-21.020024,234,3586.677737,False,False,True,True,False,False,False,False,0,1.0,True
-32.002234,563,3592.977256,False,False,True,True,False,False,False,False,0,1.0,True
-19.353643,226,3595.371998,False,False,True,False,True,False,False,False,0,1.0,True
-29.722239,447,3600.329326,False,False,True,True,False,False,False,False,0,1.0,True
-29.890666,508,3606.002478,False,False,True,True,False,False,False,False,0,1.0,True
-19.869037,207,3608.244219,False,False,True,False,True,False,False,False,0,1.0,True
-33.978644,817,3617.241823,False,False,True,True,False,False,False,False,0,1.0,True
-20.23034,226,3619.919447,False,False,True,False,True,False,False,False,0,1.0,True
-19.395721,159,3621.718395,False,False,True,False,True,False,False,False,0,1.0,True
-20.029139,232,3624.247369,False,False,True,False,True,False,False,False,0,1.0,True
-24.668876,432,3629.003406,False,False,True,True,False,False,False,False,0,1.0,True
-19.095549,170,3630.817966,False,False,True,False,True,False,False,False,0,1.0,True
-21.61064,320,3634.433052,False,False,True,False,True,False,False,False,0,1.0,True
-22.883077,273,3637.442162,False,False,True,True,False,False,False,False,0,1.0,True
-19.887805,202,3639.726052,False,False,True,False,True,False,False,False,0,1.0,True
-19.193866,167,3641.572516,False,False,True,False,True,False,False,False,0,1.0,True
-20.743761,214,3644.010483,False,False,True,False,True,False,False,False,0,1.0,True
-19.792751,188,3646.073874,False,False,True,False,True,False,False,False,0,1.0,True
-18.961331,182,3648.082468,False,False,True,False,True,False,False,False,0,1.0,True
-20.139617,227,3650.524323,False,False,True,False,True,False,False,False,0,1.0,True
-18.976237,152,3652.129904,False,False,True,False,True,False,False,False,0,1.0,True
-19.881382,217,3654.549894,False,False,True,False,True,False,False,False,0,1.0,True
-19.666075,192,3656.707131,False,False,True,False,True,False,False,False,0,1.0,True
-22.144665,266,3659.694176,False,False,True,False,True,False,False,False,0,1.0,True
-28.116754,381,3663.84657,False,False,True,True,False,False,False,False,0,1.0,True
-24.416952,569,3670.055016,False,False,True,False,True,False,False,False,0,1.0,True
-19.800639,226,3672.549194,False,False,True,False,True,False,False,False,0,1.0,True
-32.023664,540,3678.434084,False,False,True,True,False,False,False,False,0,1.0,True
-20.25815,196,3680.569522,False,False,True,False,True,False,False,False,0,1.0,True
-31.05522,528,3686.422395,False,False,True,True,False,False,False,False,0,1.0,True
-20.439154,205,3688.663576,False,False,True,False,True,False,False,False,0,1.0,True
-19.722713,230,3691.314605,False,False,True,False,True,False,False,False,0,1.0,True
-20.254557,263,3694.211777,False,False,True,False,True,False,False,False,0,1.0,True
-24.595386,407,3698.721462,False,False,True,False,True,False,False,False,0,1.0,True
-19.790405,199,3700.961772,False,False,True,False,True,False,False,False,0,1.0,True
-32.424274,549,3706.892407,False,False,True,False,False,False,True,False,0,1.0,True
-19.605031,203,3709.152124,False,False,True,False,True,False,False,False,0,1.0,True
-37.60003,760,3717.64327,False,False,True,True,False,False,False,False,0,1.0,True
-27.574789,377,3721.859771,False,False,True,True,False,False,False,False,0,1.0,True
-20.243481,242,3724.46133,False,False,True,False,True,False,False,False,0,1.0,True
-19.822727,234,3727.110163,False,False,True,False,True,False,False,False,0,1.0,True
-35.225832,670,3734.570113,False,False,True,False,False,False,True,False,0,1.0,True
-34.151486,860,3744.006273,False,False,True,True,False,False,False,False,0,1.0,True
-36.887903,840,3753.322094,False,False,True,True,False,False,False,False,0,1.0,True
-31.013996,502,3758.80766,False,False,True,True,False,False,False,False,0,1.0,True
-23.984601,391,3763.171123,False,False,True,True,False,False,False,False,0,1.0,True
-20.390867,178,3765.066247,False,False,True,True,False,False,False,False,0,1.0,True
-17.831402,285,3768.279583,False,False,True,False,True,False,False,False,0,1.0,True
-19.72607,178,3770.256435,False,False,True,False,True,False,False,False,0,1.0,True
-19.648669,199,3772.477036,False,False,True,False,True,False,False,False,0,1.0,True
-24.089265,368,3776.58014,False,False,True,True,False,False,False,False,0,1.0,True
-20.143584,235,3779.258596,False,False,True,False,True,False,False,False,0,1.0,True
-19.912288,201,3784.037952,False,False,True,False,True,False,False,False,0,1.0,True
-26.700084,502,3789.643123,False,False,True,True,False,False,False,False,0,1.0,True
-20.826475,210,3791.909,False,False,True,False,True,False,False,False,0,1.0,True
-20.223921,225,3794.430218,False,False,True,False,True,False,False,False,0,1.0,True
-22.99797,281,3797.600663,False,False,True,False,True,False,False,False,0,1.0,True
-20.039634,213,3800.014122,False,False,True,False,True,False,False,False,0,1.0,True
-21.678096,248,3802.776136,False,False,True,False,True,False,False,False,0,1.0,True
-19.933222,221,3805.276456,False,False,True,False,True,False,False,False,0,1.0,True
-20.283345,254,3808.1149,False,False,True,False,True,False,False,False,0,1.0,True
-20.226739,278,3811.26001,False,False,True,False,True,False,False,False,0,1.0,True
-19.491282,207,3813.590827,False,False,True,False,True,False,False,False,0,1.0,True
-18.925221,193,3815.76416,False,False,True,False,True,False,False,False,0,1.0,True
-19.615728,233,3818.417531,False,False,True,False,True,False,False,False,0,1.0,True
-19.188343,166,3820.278083,False,False,True,False,True,False,False,False,0,1.0,True
4.517983,85,3821.214829,True,True,True,False,False,False,False,False,0,1.0,True
-20.046317,185,3823.2806,False,False,True,False,True,False,False,False,0,1.0,True
-20.646361,211,3825.680502,False,False,True,False,True,False,False,False,0,1.0,True
-20.192482,190,3827.784065,False,False,True,False,True,False,False,False,0,1.0,True
-19.425456,204,3830.054995,False,False,True,False,True,False,False,False,0,1.0,True
-19.943532,274,3833.110386,False,False,True,False,True,False,False,False,0,1.0,True
-19.94486,231,3835.669438,False,False,True,False,True,False,False,False,0,1.0,True
-21.451312,203,3837.876426,False,False,True,True,False,False,False,False,0,1.0,True
-38.145693,964,3848.369862,False,False,True,True,False,False,False,False,0,1.0,True
-26.551362,477,3853.72989,False,False,True,True,False,False,False,False,0,1.0,True
-22.621946,310,3857.216067,False,False,True,True,False,False,False,False,0,1.0,True
-34.66988,643,3864.451926,False,False,True,False,False,False,True,False,0,1.0,True
-21.786474,280,3867.597983,False,False,True,True,False,False,False,False,0,1.0,True
-22.5713,320,3871.291289,False,False,True,True,False,False,False,False,0,1.0,True
-21.444362,201,3873.556417,False,False,True,True,False,False,False,False,0,1.0,True
-19.821239,182,3875.630004,False,False,True,False,True,False,False,False,0,1.0,True
-20.50594,273,3878.641091,False,False,True,False,True,False,False,False,0,1.0,True
-33.150718,753,3887.025444,False,False,True,True,False,False,False,False,0,1.0,True
-20.80364,266,3889.960889,False,False,True,True,False,False,False,False,0,1.0,True
-34.616184,716,3897.688102,False,False,True,False,False,False,True,False,0,1.0,True
-30.900106,488,3903.363856,False,False,True,True,False,False,False,False,0,1.0,True
-22.096249,263,3906.133076,False,False,True,True,False,False,False,False,0,1.0,True
-20.623089,260,3909.059625,False,False,True,False,True,False,False,False,0,1.0,True
-27.833088,390,3913.342041,False,False,True,True,False,False,False,False,0,1.0,True
-29.030325,472,3918.619903,False,False,True,True,False,False,False,False,0,1.0,True
4.935232,73,3919.499344,True,True,True,False,False,False,False,False,0,1.0,True
-19.175293,182,3921.516605,False,False,True,False,True,False,False,False,0,1.0,True
-20.498639,180,3923.513577,False,False,True,True,False,False,False,False,0,1.0,True
-21.566798,200,3925.74455,False,False,True,True,False,False,False,False,0,1.0,True
-36.118116,750,3933.926761,False,False,True,False,False,False,True,False,0,1.0,True
-19.318169,254,3936.846254,False,False,True,False,True,False,False,False,0,1.0,True
-21.377959,274,3939.924879,False,False,True,False,True,False,False,False,0,1.0,True
-31.250122,478,3945.342193,False,False,True,False,False,False,True,False,0,1.0,True
-21.283178,203,3947.631229,False,False,True,False,True,False,False,False,0,1.0,True
-18.807993,191,3949.781983,False,False,True,False,True,False,False,False,0,1.0,True
-43.669739,1433,3965.660618,False,False,True,True,False,False,False,False,0,1.0,True
-18.776857,165,3967.49352,False,False,True,False,True,False,False,False,0,1.0,True
-24.460645,316,3971.018917,False,False,True,True,False,False,False,False,0,1.0,True
-20.196487,231,3973.519673,False,False,True,False,True,False,False,False,0,1.0,True
-23.776068,236,3976.158097,False,False,True,True,False,False,False,False,0,1.0,True
-24.737743,256,3978.98515,False,False,True,True,False,False,False,False,0,1.0,True
-40.184336,1001,3990.173064,False,False,True,True,False,False,False,False,0,1.0,True
-26.912825,435,3995.004059,False,False,True,True,False,False,False,False,0,1.0,True
-36.898276,928,4005.431705,False,False,True,True,False,False,False,False,0,1.0,True
-20.176859,209,4007.755888,False,False,True,False,True,False,False,False,0,1.0,True
-20.891774,240,4010.443862,False,False,True,False,True,False,False,False,0,1.0,True
-32.29207,619,4017.291242,False,False,True,True,False,False,False,False,0,1.0,True
-19.042842,352,4021.081512,False,False,True,False,True,False,False,False,0,1.0,True
-22.937741,306,4024.534703,False,False,True,True,False,False,False,False,0,1.0,True
-34.027815,714,4032.3897,False,False,True,True,False,False,False,False,0,1.0,True
-30.013466,459,4037.53468,False,False,True,True,False,False,False,False,0,1.0,True
-19.906728,290,4040.810583,False,False,True,False,True,False,False,False,0,1.0,True
-19.921817,212,4043.172807,False,False,True,False,True,False,False,False,0,1.0,True
-22.804774,206,4045.377861,False,False,True,True,False,False,False,False,0,1.0,True
-21.634295,192,4047.536106,False,False,True,True,False,False,False,False,0,1.0,True
-22.70224,188,4049.654909,False,False,True,True,False,False,False,False,0,1.0,True
-20.539201,320,4053.229531,False,False,True,False,True,False,False,False,0,1.0,True
-20.737042,226,4055.778085,False,False,True,True,False,False,False,False,0,1.0,True
-20.753604,163,4057.599239,False,False,True,False,True,False,False,False,0,1.0,True
-33.297961,836,4069.425765,False,False,True,True,False,False,False,False,0,1.0,True
-23.870062,276,4072.466323,False,False,True,True,False,False,False,False,0,1.0,True
-21.079606,242,4075.167962,False,False,True,False,True,False,False,False,0,1.0,True
-23.454862,288,4078.280354,False,False,True,True,False,False,False,False,0,1.0,True
-21.4588,295,4081.57825,False,False,True,False,True,False,False,False,0,1.0,True
-32.354387,541,4087.45944,False,False,True,True,False,False,False,False,0,1.0,True
-21.541732,213,4089.803881,False,False,True,True,False,False,False,False,0,1.0,True
-35.115111,719,4097.771702,False,False,True,False,False,False,True,False,0,1.0,True
-20.751668,230,4100.378856,False,False,True,False,True,False,False,False,0,1.0,True
-36.320618,698,4108.211401,False,False,True,False,False,False,True,False,0,1.0,True
-20.695,249,4111.01389,False,False,True,False,True,False,False,False,0,1.0,True
-33.831553,621,4117.805175,False,False,True,True,False,False,False,False,0,1.0,True
-20.830802,219,4120.33239,False,False,True,False,True,False,False,False,0,1.0,True
-23.632773,298,4123.671729,False,False,True,True,False,False,False,False,0,1.0,True
-24.117602,228,4126.261097,False,False,True,True,False,False,False,False,0,1.0,True
-20.883705,200,4128.475432,False,False,True,False,True,False,False,False,0,1.0,True
-26.157251,407,4133.007213,False,False,True,True,False,False,False,False,0,1.0,True
-25.105655,465,4138.175222,False,False,True,False,True,False,False,False,0,1.0,True
-20.211713,177,4140.119837,False,False,True,False,True,False,False,False,0,1.0,True
-30.814123,497,4145.687611,False,False,True,False,False,False,True,False,0,1.0,True
-21.885482,189,4147.825769,False,False,True,True,False,False,False,False,0,1.0,True
-20.100252,254,4150.635781,False,False,True,False,True,False,False,False,0,1.0,True
-21.331339,249,4153.436464,False,False,True,False,True,False,False,False,0,1.0,True
-24.743008,320,4156.982443,False,False,True,True,False,False,False,False,0,1.0,True
-21.877596,243,4159.754914,False,False,True,False,True,False,False,False,0,1.0,True
-25.827881,288,4162.945795,False,False,True,True,False,False,False,False,0,1.0,True
-24.500525,238,4165.568741,False,False,True,True,False,False,False,False,0,1.0,True
-28.060576,385,4169.909265,False,False,True,True,False,False,False,False,0,1.0,True
-20.698684,229,4172.489338,False,False,True,False,True,False,False,False,0,1.0,True
-21.644803,369,4176.659186,False,False,True,False,True,False,False,False,0,1.0,True
-21.620634,304,4180.048699,False,False,True,False,True,False,False,False,0,1.0,True
-20.702914,213,4182.478601,False,False,True,False,True,False,False,False,0,1.0,True
-22.126125,222,4184.998553,False,False,True,True,False,False,False,False,0,1.0,True
-23.443667,254,4187.831063,False,False,True,True,False,False,False,False,0,1.0,True
-24.731786,301,4191.199048,False,False,True,True,False,False,False,False,0,1.0,True
-28.693171,431,4195.9996,False,False,True,True,False,False,False,False,0,1.0,True
-35.032155,712,4203.700456,False,False,True,True,False,False,False,False,0,1.0,True
-20.42183,199,4205.966641,False,False,True,False,True,False,False,False,0,1.0,True
-26.867907,325,4209.589706,False,False,True,True,False,False,False,False,0,1.0,True
-36.74073,841,4219.047194,False,False,True,False,False,False,True,False,0,1.0,True
-34.474317,729,4227.234583,False,False,True,True,False,False,False,False,0,1.0,True
-20.81802,203,4229.464899,False,False,True,False,True,False,False,False,0,1.0,True
-24.720905,298,4232.804328,False,False,True,True,False,False,False,False,0,1.0,True
-21.416162,259,4235.696022,False,False,True,False,True,False,False,False,0,1.0,True
-36.589981,1109,4247.898228,False,False,True,True,False,False,False,False,0,1.0,True
-21.525057,213,4250.281992,False,False,True,False,True,False,False,False,0,1.0,True
-28.433666,458,4255.290639,False,False,True,True,False,False,False,False,0,1.0,True
4.256521,84,4256.231602,True,True,True,False,False,False,False,False,0,1.0,True
-26.111323,365,4260.257953,False,False,True,True,False,False,False,False,0,1.0,True
-23.005521,285,4263.414284,False,False,True,False,True,False,False,False,0,1.0,True
-24.456728,331,4267.10109,False,False,True,False,True,False,False,False,0,1.0,True
-36.065588,739,4275.301285,False,False,True,True,False,False,False,False,0,1.0,True
-21.57256,208,4277.593841,False,False,True,False,True,False,False,False,0,1.0,True
-19.814025,212,4279.819799,False,False,True,False,True,False,False,False,0,1.0,True
-25.455218,279,4283.018731,False,False,True,True,False,False,False,False,0,1.0,True
-32.726707,597,4289.663064,False,False,True,True,False,False,False,False,0,1.0,True
-39.49326,1087,4301.65577,False,False,True,True,False,False,False,False,0,1.0,True
-33.613303,733,4309.810938,False,False,True,True,False,False,False,False,0,1.0,True
-39.029543,955,4320.412322,False,False,True,True,False,False,False,False,0,1.0,True
-29.221011,499,4325.884597,False,False,True,True,False,False,False,False,0,1.0,True
-23.483547,338,4329.704444,False,False,True,False,True,False,False,False,0,1.0,True
4.498408,107,4330.886845,True,True,True,False,False,False,False,False,0,1.0,True
-23.265517,259,4333.797741,False,False,True,True,False,False,False,False,0,1.0,True
-20.921413,199,4335.99745,False,False,True,False,True,False,False,False,0,1.0,True
-27.245414,386,4340.371785,False,False,True,True,False,False,False,False,0,1.0,True
-30.910955,472,4348.156361,False,False,True,True,False,False,False,False,0,1.0,True
-23.000002,266,4351.153482,False,False,True,False,True,False,False,False,0,1.0,True
-30.638781,572,4357.578378,False,False,True,True,False,False,False,False,0,1.0,True
-36.428259,851,4366.800647,False,False,True,False,False,False,True,False,0,1.0,True
-31.535328,516,4372.674903,False,False,True,False,False,False,True,False,0,1.0,True
-34.371996,884,4382.490143,False,False,True,False,False,False,True,False,0,1.0,True
-21.248064,249,4385.125995,False,False,True,False,True,False,False,False,0,1.0,True
-33.22402,820,4394.228488,False,False,True,False,False,False,True,False,0,1.0,True
-23.287516,240,4396.919827,False,False,True,True,False,False,False,False,0,1.0,True
-28.369516,437,4401.814667,False,False,True,True,False,False,False,False,0,1.0,True
-28.205647,494,4407.436866,False,False,True,True,False,False,False,False,0,1.0,True
-34.775354,879,4417.162409,False,False,True,True,False,False,False,False,0,1.0,True
-20.369788,193,4419.359888,False,False,True,False,True,False,False,False,0,1.0,True
-28.533175,444,4424.172666,False,False,True,True,False,False,False,False,0,1.0,True
-20.817597,227,4426.782953,False,False,True,False,True,False,False,False,0,1.0,True
-30.62359,496,4432.184396,False,False,True,True,False,False,False,False,0,1.0,True
-31.678853,552,4438.320559,False,False,True,True,False,False,False,False,0,1.0,True
-21.433713,247,4441.054862,False,False,True,False,True,False,False,False,0,1.0,True
-24.696364,312,4444.563073,False,False,True,True,False,False,False,False,0,1.0,True
-29.786601,465,4449.828125,False,False,True,True,False,False,False,False,0,1.0,True
-32.041919,516,4455.874343,False,False,True,False,False,False,True,False,0,1.0,True
-20.598587,227,4458.438313,False,False,True,False,True,False,False,False,0,1.0,True
-29.808216,526,4464.353468,False,False,True,True,False,False,False,False,0,1.0,True
-24.609134,253,4467.181467,False,False,True,True,False,False,False,False,0,1.0,True
-32.783084,575,4473.676302,False,False,True,True,False,False,False,False,0,1.0,True
-22.776871,308,4477.09684,False,False,True,False,True,False,False,False,0,1.0,True
-24.846557,288,4480.36544,False,False,True,True,False,False,False,False,0,1.0,True
-24.199461,265,4483.322829,False,False,True,True,False,False,False,False,0,1.0,True
-21.522706,252,4486.1235,False,False,True,False,True,False,False,False,0,1.0,True
-33.606796,612,4492.9583,False,False,True,True,False,False,False,False,0,1.0,True
-33.734521,665,4500.279959,False,False,True,True,False,False,False,False,0,1.0,True
-24.954942,312,4503.826599,False,False,True,True,False,False,False,False,0,1.0,True
-35.432134,1095,4516.108246,False,False,True,False,False,False,True,False,0,1.0,True
-28.439763,418,4520.822582,False,False,True,True,False,False,False,False,0,1.0,True
-36.684365,992,4531.861979,False,False,True,True,False,False,False,False,0,1.0,True
-26.404715,304,4535.230582,False,False,True,True,False,False,False,False,0,1.0,True
-32.266639,605,4541.994414,False,False,True,False,False,False,True,False,0,1.0,True
-33.528063,626,4548.882435,False,False,True,False,False,False,True,False,0,1.0,True
-27.811312,339,4552.709352,False,False,True,True,False,False,False,False,0,1.0,True
-22.71154,236,4555.332541,False,False,True,False,True,False,False,False,0,1.0,True
-27.273973,362,4559.262671,False,False,True,True,False,False,False,False,0,1.0,True
-25.627046,280,4562.364688,False,False,True,True,False,False,False,False,0,1.0,True
-39.142785,867,4571.928865,False,False,True,False,False,False,True,False,0,1.0,True
-37.255374,724,4579.993961,False,False,True,False,False,False,True,False,0,1.0,True
-24.747982,324,4583.59315,False,False,True,True,False,False,False,False,0,1.0,True
-22.563078,205,4585.788589,False,False,True,True,False,False,False,False,0,1.0,True
-25.046695,357,4589.776543,False,False,True,True,False,False,False,False,0,1.0,True
-22.680624,209,4592.101202,False,False,True,True,False,False,False,False,0,1.0,True
-24.744345,273,4595.167169,False,False,True,True,False,False,False,False,0,1.0,True
-33.323022,569,4601.385745,False,False,True,False,False,False,True,False,0,1.0,True
-30.564184,493,4606.825469,False,False,True,False,False,False,True,False,0,1.0,True
-24.078468,233,4609.439873,False,False,True,True,False,False,False,False,0,1.0,True
-27.088564,366,4613.46781,False,False,True,True,False,False,False,False,0,1.0,True
-23.333617,250,4616.2305,False,False,True,True,False,False,False,False,0,1.0,True
-28.62085,391,4620.647692,False,False,True,False,False,False,True,False,0,1.0,True
-23.435804,185,4622.702505,False,False,True,True,False,False,False,False,0,1.0,True
-23.505967,223,4640.743818,False,False,True,True,False,False,False,False,0,1.0,True
-24.070966,203,4643.015143,False,False,True,True,False,False,False,False,0,1.0,True
-23.063335,181,4645.027226,False,False,True,True,False,False,False,False,0,1.0,True
-25.293271,270,4648.035125,False,False,True,True,False,False,False,False,0,1.0,True
-25.776729,248,4650.755617,False,False,True,True,False,False,False,False,0,1.0,True
-27.356506,293,4654.038849,False,False,True,True,False,False,False,False,0,1.0,True
-29.377575,397,4658.483925,False,False,True,True,False,False,False,False,0,1.0,True
-26.208226,288,4661.729673,False,False,True,True,False,False,False,False,0,1.0,True
-28.957261,365,4665.772204,False,False,True,False,False,False,True,False,0,1.0,True
-21.296825,143,4667.390137,False,False,True,True,False,False,False,False,0,1.0,True
-26.427633,300,4670.70178,False,False,True,True,False,False,False,False,0,1.0,True
-24.646169,246,4673.493301,False,False,True,True,False,False,False,False,0,1.0,True
-28.108135,339,4677.267398,False,False,True,True,False,False,False,False,0,1.0,True
-41.931665,977,4688.147871,False,False,True,True,False,False,False,False,0,1.0,True
-25.71875,262,4691.064032,False,False,True,True,False,False,False,False,0,1.0,True
-24.027234,233,4693.679464,False,False,True,True,False,False,False,False,0,1.0,True
-24.450707,228,4696.204942,False,False,True,True,False,False,False,False,0,1.0,True
-26.384319,272,4699.215305,False,False,True,True,False,False,False,False,0,1.0,True
-25.163974,229,4701.784076,False,False,True,True,False,False,False,False,0,1.0,True
-26.672344,287,4704.975714,False,False,True,True,False,False,False,False,0,1.0,True
-31.0573,505,4710.610461,False,False,True,False,False,False,True,False,0,1.0,True
-27.544275,337,4714.367341,False,False,True,True,False,False,False,False,0,1.0,True
-27.555274,338,4717.997931,False,False,True,True,False,False,False,False,0,1.0,True
-28.95933,407,4722.506542,False,False,True,False,False,False,True,False,0,1.0,True
-25.76456,272,4725.471144,False,False,True,True,False,False,False,False,0,1.0,True
-39.710003,1125,4737.858983,False,False,True,False,False,False,True,False,0,1.0,True
-35.646904,678,4745.423359,False,False,True,False,False,False,True,False,0,1.0,True
-31.280342,465,4750.650051,False,False,True,False,False,False,True,False,0,1.0,True
-30.832938,542,4756.676287,False,False,True,False,False,False,True,False,0,1.0,True
-34.210089,603,4763.388087,False,False,True,True,False,False,False,False,0,1.0,True
-31.082519,467,4768.626256,False,False,True,False,False,False,True,False,0,1.0,True
-37.537874,976,4779.530855,False,False,True,False,False,False,True,False,0,1.0,True
-29.085971,411,4783.978725,False,False,True,True,False,False,False,False,0,1.0,True
-26.409681,287,4787.290404,False,False,True,True,False,False,False,False,0,1.0,True
-31.769694,457,4792.339025,False,False,True,True,False,False,False,False,0,1.0,True
-30.550198,469,4797.592893,False,False,True,True,False,False,False,False,0,1.0,True
-21.241475,146,4799.241261,False,False,True,True,False,False,False,False,0,1.0,True
-32.252856,473,4804.679894,False,False,True,False,False,False,True,False,0,1.0,True
-39.582833,990,4815.69002,False,False,True,True,False,False,False,False,0,1.0,True
-23.553437,199,4817.924041,False,False,True,True,False,False,False,False,0,1.0,True
-37.460571,779,4826.673287,False,False,True,True,False,False,False,False,0,1.0,True
-29.236298,383,4830.770349,False,False,True,True,False,False,False,False,0,1.0,True
-23.359557,200,4833.067816,False,False,True,True,False,False,False,False,0,1.0,True
-34.384311,554,4839.246112,False,False,True,True,False,False,False,False,0,1.0,True
-22.064458,265,4842.211895,False,False,True,False,True,False,False,False,0,1.0,True
-27.317923,301,4845.513042,False,False,True,True,False,False,False,False,0,1.0,True
-21.430667,238,4848.162888,False,False,True,False,True,False,False,False,0,1.0,True
-31.813882,480,4853.51157,False,False,True,True,False,False,False,False,0,1.0,True
-32.948116,608,4860.288809,False,False,True,False,False,False,True,False,0,1.0,True
-21.62767,329,4863.8573,False,False,True,False,True,False,False,False,0,1.0,True
-26.835459,325,4867.476564,False,False,True,True,False,False,False,False,0,1.0,True
-30.752132,428,4872.136166,False,False,True,True,False,False,False,False,0,1.0,True
-26.618461,299,4875.321719,False,False,True,True,False,False,False,False,0,1.0,True
-29.532359,657,4882.636867,False,False,True,True,False,False,False,False,0,1.0,True
-28.545003,545,4888.670439,False,False,True,False,False,False,True,False,0,1.0,True
-33.209497,522,4894.475032,False,False,True,True,False,False,False,False,0,1.0,True
-35.15089,640,4901.688577,False,False,True,False,False,False,True,False,0,1.0,True
-22.386101,187,4903.797899,False,False,True,True,False,False,False,False,0,1.0,True
-31.507772,455,4908.74806,False,False,True,True,False,False,False,False,0,1.0,True
-29.565843,455,4913.629518,False,False,True,True,False,False,False,False,0,1.0,True
-33.752035,716,4924.184737,False,False,True,False,False,False,True,False,0,1.0,True
-32.907166,512,4929.778659,False,False,True,False,False,False,True,False,0,1.0,True
-25.176516,229,4932.193562,False,False,True,True,False,False,False,False,0,1.0,True
-31.9686,499,4937.815628,False,False,True,True,False,False,False,False,0,1.0,True
-31.893784,513,4943.561198,False,False,True,False,False,False,True,False,0,1.0,True
-34.408015,619,4950.504233,False,False,True,False,False,False,True,False,0,1.0,True
-24.185773,308,4953.913485,False,False,True,True,False,False,False,False,0,1.0,True
-28.222436,402,4958.351891,False,False,True,True,False,False,False,False,0,1.0,True
-30.883188,450,4963.288967,False,False,True,True,False,False,False,False,0,1.0,True
-30.320363,450,4968.212359,False,False,True,True,False,False,False,False,0,1.0,True
-33.370265,688,4975.804676,False,False,True,False,False,False,True,False,0,1.0,True
-31.202307,569,4982.158128,False,False,True,False,False,False,True,False,0,1.0,True
-31.49051,509,4987.884446,False,False,True,False,False,False,True,False,0,1.0,True
-32.51179,486,4993.259799,False,False,True,False,False,False,True,False,0,1.0,True
-27.773738,346,4996.970645,False,False,True,True,False,False,False,False,0,1.0,True
-28.482254,362,5001.045708,False,False,True,False,False,False,True,False,0,1.0,True
-32.702059,513,5006.754028,False,False,True,False,False,False,True,False,0,1.0,True
-25.92177,254,5009.657595,False,False,True,True,False,False,False,False,0,1.0,True
-27.130578,332,5013.371489,False,False,True,True,False,False,False,False,0,1.0,True
-32.013437,506,5019.016601,False,False,True,False,False,False,True,False,0,1.0,True
-23.174679,275,5022.098157,False,False,True,True,False,False,False,False,0,1.0,True
-23.527348,225,5024.641182,False,False,True,True,False,False,False,False,0,1.0,True
-22.053586,181,5026.672274,False,False,True,True,False,False,False,False,0,1.0,True
-23.401681,200,5028.903009,False,False,True,True,False,False,False,False,0,1.0,True
-21.359049,159,5030.689981,False,False,True,True,False,False,False,False,0,1.0,True
-22.120235,168,5032.558631,False,False,True,True,False,False,False,False,0,1.0,True
-24.956776,214,5034.960312,False,False,True,True,False,False,False,False,0,1.0,True
-30.241745,409,5039.543046,False,False,True,False,False,False,True,False,0,1.0,True
-24.250008,211,5041.928611,False,False,True,True,False,False,False,False,0,1.0,True
-23.215355,199,5044.131007,False,False,True,True,False,False,False,False,0,1.0,True
-29.807448,445,5049.099221,False,False,True,False,False,False,True,False,0,1.0,True
-22.865567,199,5051.313861,False,False,True,True,False,False,False,False,0,1.0,True
-30.909179,747,5059.611453,False,False,True,True,False,False,False,False,0,1.0,True
-22.796042,186,5061.721202,False,False,True,True,False,False,False,False,0,1.0,True
-23.29365,184,5063.75098,False,False,True,True,False,False,False,False,0,1.0,True
-23.198062,199,5065.954803,False,False,True,True,False,False,False,False,0,1.0,True
-24.984993,248,5068.760057,False,False,True,True,False,False,False,False,0,1.0,True
-26.811185,521,5074.612683,False,False,True,True,False,False,False,False,0,1.0,True
-24.179713,233,5077.191662,False,False,True,True,False,False,False,False,0,1.0,True
-26.679352,370,5081.338877,False,False,True,True,False,False,False,False,0,1.0,True
-22.754361,216,5083.760365,False,False,True,True,False,False,False,False,0,1.0,True
-28.57287,386,5087.936537,False,False,True,True,False,False,False,False,0,1.0,True
-28.870512,440,5092.827187,False,False,True,False,False,False,True,False,0,1.0,True
-21.820168,151,5094.537574,False,False,True,True,False,False,False,False,0,1.0,True
-25.328874,264,5097.363381,False,False,True,True,False,False,False,False,0,1.0,True
-23.72634,208,5099.695997,False,False,True,True,False,False,False,False,0,1.0,True
-25.067764,517,5105.341349,False,False,True,True,False,False,False,False,0,1.0,True
-24.854763,345,5109.209224,False,False,True,True,False,False,False,False,0,1.0,True
-23.178138,235,5111.794997,False,False,True,True,False,False,False,False,0,1.0,True
-25.512528,298,5115.071529,False,False,True,True,False,False,False,False,0,1.0,True
-43.825731,1198,5128.446529,False,False,True,True,False,False,False,False,0,1.0,True
-33.833776,972,5139.148397,False,False,True,False,False,False,True,False,0,1.0,True
-26.444702,346,5142.985364,False,False,True,True,False,False,False,False,0,1.0,True
-39.526272,1014,5154.23631,False,False,True,True,False,False,False,False,0,1.0,True
-27.683473,570,5160.541732,False,False,True,True,False,False,False,False,0,1.0,True
-25.162463,347,5164.439011,False,False,True,False,True,False,False,False,0,1.0,True
-24.090333,270,5167.435615,False,False,True,True,False,False,False,False,0,1.0,True
-25.136604,337,5171.227439,False,False,True,False,True,False,False,False,0,1.0,True
-33.181846,583,5177.624234,False,False,True,False,False,False,True,False,0,1.0,True
-24.754071,276,5180.720113,False,False,True,True,False,False,False,False,0,1.0,True
-26.221915,318,5184.290995,False,False,True,True,False,False,False,False,0,1.0,True
-29.726412,496,5189.732448,False,False,True,True,False,False,False,False,0,1.0,True
-33.347333,731,5200.606661,False,False,True,False,False,False,True,False,0,1.0,True
-29.177214,511,5206.317142,False,False,True,True,False,False,False,False,0,1.0,True
-33.017862,840,5215.543409,False,False,True,False,False,False,True,False,0,1.0,True
-34.656544,641,5222.591937,False,False,True,False,False,False,True,False,0,1.0,True
-29.457254,519,5228.430034,False,False,True,False,True,False,False,False,0,1.0,True
-34.469622,626,5235.270067,False,False,True,True,False,False,False,False,0,1.0,True
-34.409507,1100,5247.494608,False,False,True,False,False,False,True,False,0,1.0,True
-42.857162,1478,5264.106267,False,False,True,False,False,False,True,False,0,1.0,True
-26.093599,292,5267.380757,False,False,True,True,False,False,False,False,0,1.0,True
-35.585526,655,5274.348794,False,False,True,True,False,False,False,False,0,1.0,True
-34.166797,908,5284.36744,False,False,True,False,False,False,True,False,0,1.0,True
-29.863434,473,5289.665643,False,False,True,True,False,False,False,False,0,1.0,True
-35.727848,929,5300.035421,False,False,True,False,False,False,True,False,0,1.0,True
-32.871042,647,5307.342896,False,False,True,True,False,False,False,False,0,1.0,True
-27.222659,350,5311.271844,False,False,True,True,False,False,False,False,0,1.0,True
-29.356237,613,5318.152174,False,False,True,True,False,False,False,False,0,1.0,True
-34.696736,642,5325.300929,False,False,True,True,False,False,False,False,0,1.0,True
-32.763482,585,5331.66683,False,False,True,False,False,False,True,False,0,1.0,True
-30.242165,421,5336.367143,False,False,True,True,False,False,False,False,0,1.0,True
-33.228462,763,5344.74587,False,False,True,False,False,False,True,False,0,1.0,True
-34.328314,875,5354.83156,False,False,True,False,False,False,True,False,0,1.0,True
-30.732121,479,5360.251076,False,False,True,False,False,False,True,False,0,1.0,True
-32.858702,628,5367.296728,False,False,True,False,False,False,True,False,0,1.0,True
-28.246968,360,5371.3534,False,False,True,True,False,False,False,False,0,1.0,True
-32.127858,660,5378.726219,False,False,True,False,False,False,True,False,0,1.0,True
-29.762609,434,5383.470157,False,False,True,False,False,False,True,False,0,1.0,True
-21.892425,207,5385.759603,False,False,True,True,False,False,False,False,0,1.0,True
-27.320651,345,5389.66287,False,False,True,True,False,False,False,False,0,1.0,True
-32.37614,575,5396.058294,False,False,True,False,False,False,True,False,0,1.0,True
-26.160608,271,5399.055086,False,False,True,True,False,False,False,False,0,1.0,True
-29.285814,377,5403.258777,False,False,True,True,False,False,False,False,0,1.0,True
-27.195362,309,5406.703703,False,False,True,True,False,False,False,False,0,1.0,True
-30.463705,423,5411.302097,False,False,True,False,False,False,True,False,0,1.0,True
-31.887904,578,5417.738605,False,False,True,False,False,False,True,False,0,1.0,True
-35.111799,900,5427.697699,False,False,True,False,False,False,True,False,0,1.0,True
-33.532429,662,5434.968042,False,False,True,False,False,False,True,False,0,1.0,True
-31.129063,508,5440.599502,False,False,True,False,False,False,True,False,0,1.0,True
-30.413761,528,5446.363736,False,False,True,False,False,False,True,False,0,1.0,True
-35.632704,771,5455.050474,False,False,True,False,False,False,True,False,0,1.0,True
-31.298105,576,5461.349889,False,False,True,True,False,False,False,False,0,1.0,True
-37.589051,839,5470.606997,False,False,True,False,False,False,True,False,0,1.0,True
-30.516015,625,5477.684387,False,False,True,True,False,False,False,False,0,1.0,True
-27.924171,375,5484.406934,False,False,True,True,False,False,False,False,0,1.0,True
-29.845271,443,5489.312899,False,False,True,True,False,False,False,False,0,1.0,True
-26.780532,316,5492.848307,False,False,True,True,False,False,False,False,0,1.0,True
-30.333252,468,5497.968295,False,False,True,False,False,False,True,False,0,1.0,True
-27.998818,384,5502.237588,False,False,True,True,False,False,False,False,0,1.0,True
-30.620831,465,5507.412875,False,False,True,True,False,False,False,False,0,1.0,True
-38.415601,975,5518.125364,False,False,True,True,False,False,False,False,0,1.0,True
-20.977068,327,5521.730843,False,False,True,False,True,False,False,False,0,1.0,True
-34.412065,958,5532.222462,False,False,True,True,False,False,False,False,0,1.0,True
-32.029414,599,5538.808737,False,False,True,False,False,False,True,False,0,1.0,True
-29.496668,465,5543.896323,False,False,True,True,False,False,False,False,0,1.0,True
-28.026886,325,5547.602782,False,False,True,True,False,False,False,False,0,1.0,True
-22.578774,184,5549.653366,False,False,True,True,False,False,False,False,0,1.0,True
-31.643949,581,5556.081425,False,False,True,True,False,False,False,False,0,1.0,True
-38.292071,827,5565.36043,False,False,True,False,False,False,True,False,0,1.0,True
-28.012775,358,5569.326621,False,False,True,True,False,False,False,False,0,1.0,True
-28.849428,399,5573.686763,False,False,True,True,False,False,False,False,0,1.0,True
-27.949506,327,5577.3961,False,False,True,True,False,False,False,False,0,1.0,True
-29.923057,414,5582.066552,False,False,True,True,False,False,False,False,0,1.0,True
-23.168574,223,5584.570259,False,False,True,True,False,False,False,False,0,1.0,True
-38.082812,1069,5596.262712,False,False,True,False,False,False,True,False,0,1.0,True
-36.533374,922,5606.616013,False,False,True,False,False,False,True,False,0,1.0,True
-33.7747,809,5615.807344,False,False,True,False,False,False,True,False,0,1.0,True
-34.193983,864,5625.442966,False,False,True,False,False,False,True,False,0,1.0,True
-22.757157,271,5628.456813,False,False,True,True,False,False,False,False,0,1.0,True
-27.808923,341,5632.199057,False,False,True,True,False,False,False,False,0,1.0,True
-33.197232,535,5638.171879,False,False,True,True,False,False,False,False,0,1.0,True
-31.775801,495,5643.606118,False,False,True,True,False,False,False,False,0,1.0,True
-31.442257,837,5652.96388,False,False,True,False,False,False,True,False,0,1.0,True
-22.937163,192,5655.073345,False,False,True,True,False,False,False,False,0,1.0,True
-23.441689,214,5657.326662,False,False,True,True,False,False,False,False,0,1.0,True
-23.480836,284,5660.586058,False,False,True,True,False,False,False,False,0,1.0,True
-25.733686,355,5664.518972,False,False,True,True,False,False,False,False,0,1.0,True
-22.053026,211,5666.888761,False,False,True,True,False,False,False,False,0,1.0,True
-37.562387,820,5676.047567,False,False,True,False,False,False,True,False,0,1.0,True
-23.521079,211,5678.429888,False,False,True,True,False,False,False,False,0,1.0,True
-29.809209,373,5682.445624,False,False,True,True,False,False,False,False,0,1.0,True
-27.252304,317,5685.951134,False,False,True,True,False,False,False,False,0,1.0,True
-24.449524,216,5688.365097,False,False,True,True,False,False,False,False,0,1.0,True
-28.714454,351,5692.278237,False,False,True,True,False,False,False,False,0,1.0,True
-36.471092,711,5700.214549,False,False,True,False,False,False,True,False,0,1.0,True
-21.801065,172,5702.147309,False,False,True,True,False,False,False,False,0,1.0,True
-28.802906,387,5706.556222,False,False,True,False,False,False,True,False,0,1.0,True
-27.008791,298,5709.886201,False,False,True,True,False,False,False,False,0,1.0,True
-22.721543,197,5712.060569,False,False,True,True,False,False,False,False,0,1.0,True
-22.470506,178,5714.073615,False,False,True,True,False,False,False,False,0,1.0,True
-26.859128,284,5717.291627,False,False,True,True,False,False,False,False,0,1.0,True
-23.454035,190,5719.401536,False,False,True,True,False,False,False,False,0,1.0,True
-23.658666,211,5721.709941,False,False,True,True,False,False,False,False,0,1.0,True
-23.76764,212,5723.910278,False,False,True,True,False,False,False,False,0,1.0,True
-23.92284,203,5726.186887,False,False,True,True,False,False,False,False,0,1.0,True
-23.322322,215,5728.585465,False,False,True,True,False,False,False,False,0,1.0,True
-26.634,315,5732.117701,False,False,True,True,False,False,False,False,0,1.0,True
-22.856108,188,5734.247592,False,False,True,True,False,False,False,False,0,1.0,True
-34.168037,583,5740.777502,False,False,True,False,False,False,True,False,0,1.0,True
-29.931055,436,5745.656353,False,False,True,False,False,False,True,False,0,1.0,True
-32.354722,517,5751.37345,False,False,True,False,False,False,True,False,0,1.0,True
-24.877429,254,5754.212597,False,False,True,True,False,False,False,False,0,1.0,True
-22.901508,215,5756.630225,False,False,True,True,False,False,False,False,0,1.0,True
