#{"t_start": 1786364711.465195, "env_id": "None"}
r,l,t,completed,distance_failure,time_failure,joint_success,position_success,attitude_success,curriculum_progress,episode_shell_outer_m,episode_target_tumble_scale
-62.331646,1598,10.971818,False,True,False,False,False,False,0.0,3.0,0.25
-64.206553,2000,19.349658,False,False,True,False,False,False,0.0,3.0,0.25
-75.679217,1861,27.030031,False,True,False,False,False,False,0.0,3.0,0.25
-71.121339,1878,34.838128,False,True,False,False,False,False,0.0,3.0,0.25
-47.211428,2000,43.292638,False,False,True,False,False,False,0.0,3.0,0.25
-72.2333,1850,50.991181,False,True,False,False,False,False,0.0,3.0,0.25
-73.635566,1916,59.277706,False,True,False,False,False,False,0.0,3.0,0.25
-68.042069,2000,68.815223,False,False,True,False,False,False,0.0,3.0,0.25
-53.31399,2000,77.161111,False,False,True,False,False,False,0.0,3.0,0.25
-57.693599,2000,85.452097,False,False,True,False,False,False,0.0,3.0,0.25
-55.401792,2000,107.481621,False,False,True,False,False,False,0.0,3.0,0.25
-62.501639,1659,134.168586,False,True,False,False,False,False,0.0,3.0,0.25
-50.410766,2000,166.395802,False,False,True,False,False,False,0.0,3.0,0.25
-65.431065,1949,197.71616,False,True,False,False,False,False,0.0,3.0,0.25
-34.430766,2000,229.984146,False,False,True,False,False,False,0.0,3.0,0.25
-61.290546,1787,259.240443,False,True,False,False,False,False,0.0,3.0,0.25
-42.683989,2000,291.391003,False,False,True,False,False,False,0.0,3.0,0.25
-44.463648,2000,323.294977,False,False,True,False,False,False,0.0,3.0,0.25
-54.822143,1541,348.280481,False,True,False,False,False,False,0.0,3.0,0.25
-46.125654,1029,364.770647,False,True,False,False,False,False,0.0,3.0,0.25
-61.701403,1915,396.019819,False,True,False,False,False,False,0.0,3.0,0.25
-63.10173,1783,424.782894,False,True,False,False,False,False,0.0,3.0,0.25
-37.438178,2000,456.773544,False,False,True,False,False,False,0.0,3.0,0.25
-51.971392,1292,477.892307,False,True,False,False,False,False,0.0,3.0,0.25
-64.715005,1817,506.892405,False,True,False,False,False,False,0.0,3.0,0.25
-31.440434,2000,538.574397,False,False,True,False,False,False,0.0,3.0,0.25
-32.227461,2000,570.506889,False,False,True,False,False,False,0.0,3.0,0.25
-28.487994,2000,603.590356,False,False,True,False,False,False,0.0,3.0,0.25
0.334599,353,609.178895,True,False,False,True,True,True,0.0,3.0,0.25
-23.720171,2000,641.18568,False,False,True,False,False,False,0.0,3.0,0.25
-31.250952,2000,673.130116,False,False,True,False,False,False,0.0,3.0,0.25
-43.524243,2000,704.769076,False,False,True,False,False,False,0.0,3.0,0.25
-19.343476,2000,737.833562,False,False,True,False,False,False,0.0,3.0,0.25
-66.437036,1920,768.88805,False,True,False,False,False,False,0.0,3.0,0.25
-34.035026,2000,801.043148,False,False,True,False,False,False,0.0,3.0,0.25
-11.900588,2000,833.34423,False,False,True,False,True,False,0.0,3.0,0.25
-45.474769,2000,866.673508,False,False,True,False,False,False,0.0,3.0,0.25
-18.601731,2000,898.737367,False,False,True,False,False,False,0.0,3.0,0.25
-14.927474,2000,930.491502,False,False,True,False,False,False,0.0,3.0,0.25
-41.018066,2000,962.735787,False,False,True,False,False,False,0.0,3.0,0.25
-10.771473,2000,994.651253,False,False,True,False,True,False,0.0,3.0,0.25
-32.646914,2000,1026.667273,False,False,True,False,False,False,0.0,3.0,0.25
-14.070302,2000,1058.48536,False,False,True,False,True,False,0.0,3.0,0.25
-25.093527,2000,1090.570841,False,False,True,False,False,False,0.0,3.0,0.25
-35.659903,2000,1122.805288,False,False,True,False,False,False,0.0,3.0,0.25
-5.947675,1447,1145.664815,True,False,False,True,True,True,0.0,3.0,0.25
-1.45023,555,1154.367429,True,False,False,True,True,True,0.0,3.0,0.25
-12.923227,2000,1186.601271,False,False,True,False,False,False,0.0,3.0,0.25
-3.016194,842,1198.893069,True,False,False,True,True,True,0.0,3.0,0.25
-13.417642,2000,1226.814412,False,False,True,False,False,False,0.0,3.0,0.25
-6.231494,1377,1246.015721,True,False,False,True,True,True,0.0,3.0,0.25
-2.778334,846,1257.790982,True,False,False,True,True,True,0.0,3.0,0.25
-8.1344,1799,1285.231566,True,False,False,True,True,True,0.0,3.0,0.25
-17.300661,2000,1317.021654,False,False,True,False,False,False,0.0,3.0,0.25
-12.843448,2000,1348.728917,False,False,True,False,True,False,0.0,3.0,0.25
-23.678177,2000,1380.582051,False,False,True,False,False,False,0.0,3.0,0.25
-24.04326,2000,1411.959391,False,False,True,False,False,False,0.0014485714285714286,3.01014,0.25
-23.759039,2000,1442.94672,False,False,True,False,False,False,0.004305714285714286,3.03014,0.25
-9.058792,2000,1472.941595,False,False,True,False,True,False,0.007162857142857143,3.0501400000000003,0.25
-28.629655,2000,1503.137859,False,False,True,False,False,False,0.01002,3.07014,0.25
-19.950433,2000,1534.699277,False,False,True,False,False,False,0.012877142857142858,3.09014,0.25
-6.936438,2000,1566.500011,False,False,True,False,True,False,0.015734285714285715,3.11014,0.25
-39.34592,2000,1597.582947,False,False,True,False,False,False,0.01859142857142857,3.13014,0.25
-9.979977,2000,1631.010063,False,False,True,False,True,False,0.021448571428571428,3.15014,0.25
-1.255724,622,1642.540041,True,False,False,True,True,True,0.024305714285714285,3.17014,0.25
-27.026506,2000,1674.377244,False,False,True,False,False,False,0.025194285714285714,3.1763600000000003,0.25
-21.905411,2000,1706.067456,False,False,True,False,False,False,0.02805142857142857,3.19636,0.25
-26.213756,2000,1738.328782,False,False,True,False,False,False,0.030908571428571428,3.21636,0.25
-3.733215,891,1752.549598,True,False,False,True,True,True,0.03376571428571429,3.2363600000000003,0.25
-13.022248,2000,1784.582578,False,False,True,False,True,False,0.035038571428571426,3.2452699999999997,0.25
-7.25805,2000,1816.087194,False,False,True,False,True,False,0.03789571428571428,3.26527,0.25
-16.684086,2000,1847.570284,False,False,True,False,False,False,0.040752857142857146,3.2852699999999997,0.25
-12.366839,2000,1878.821747,False,False,True,False,True,False,0.04361,3.30527,0.25
-10.773059,2000,1910.254715,False,False,True,False,True,False,0.04646714285714286,3.32527,0.25
-9.60364,2000,1942.114058,False,False,True,False,True,False,0.049324285714285716,3.3452699999999997,0.25
-28.068634,2000,1973.314817,False,False,True,False,False,False,0.05218142857142857,3.3652699999999998,0.25
-24.081164,2000,2006.079883,False,False,True,False,False,False,0.05503857142857143,3.3852700000000002,0.25
-15.385019,2000,2037.646012,False,False,True,False,False,False,0.057895714285714286,3.4052700000000002,0.25
-5.405406,1356,2058.851677,True,False,False,True,True,True,0.06075285714285714,3.42527,0.25
-3.180042,1050,2075.289753,True,False,False,True,True,True,0.06269,3.43883,0.25
-2.859863,633,2085.209217,True,False,False,True,True,True,0.06419,3.44933,0.25
-7.499779,2000,2116.748677,False,False,True,False,True,False,0.06509428571428572,3.45566,0.25
-23.025692,2000,2148.86508,False,False,True,False,False,False,0.06795142857142857,3.47566,0.25
-9.489741,2000,2181.323329,False,False,True,False,True,False,0.07080857142857143,3.49566,0.25
0.276825,732,2192.894304,True,False,False,True,True,True,0.07366571428571428,3.51566,0.25
-0.882875,619,2203.010432,True,False,False,True,True,True,0.07471142857142857,3.5229800000000004,0.25
-22.333966,2000,2236.343987,False,False,True,False,False,False,0.07559571428571428,3.5291699999999997,0.25
-29.20581,2000,2268.601702,False,False,True,False,False,False,0.07845285714285714,3.54917,0.25
-5.914602,1573,2293.939342,True,False,False,True,True,True,0.08131,3.56917,0.25
-35.896656,2000,2325.2596,False,False,True,False,False,False,0.08355714285714286,3.5849,0.25
-25.179761,2000,2356.418598,False,False,True,False,True,False,0.08641428571428571,3.6048999999999998,0.25
-7.66363,985,2371.34789,True,False,False,True,True,True,0.08927142857142857,3.6249000000000002,0.25
-8.724444,2000,2402.84062,False,False,True,False,True,False,0.09067857142857143,3.6347500000000004,0.25
-8.722066,1708,2428.954141,True,False,False,True,True,True,0.09353571428571429,3.65475,0.25
0.091385,670,2439.687574,True,False,False,True,True,True,0.09597571428571429,3.67183,0.25
-4.673077,1567,2464.279666,True,False,False,True,True,True,0.09693285714285714,3.67853,0.25
0.451944,437,2471.195473,True,False,False,True,True,True,0.09917142857142858,3.6942000000000004,0.25
-13.092548,2000,2502.813916,False,False,True,False,False,False,0.09979571428571428,3.69857,0.25
-24.278205,2000,2535.354144,False,False,True,False,False,False,0.10265285714285714,3.71857,0.25
-4.048345,1247,2555.312693,True,False,False,True,True,True,0.10551,3.73857,0.25
-17.438006,2000,2586.489572,False,False,True,False,True,False,0.10729142857142857,3.7510399999999997,0.25
-13.729961,2000,2616.468386,False,False,True,False,True,False,0.11014857142857143,3.77104,0.25
-12.112027,1277,2636.251507,True,False,False,True,True,True,0.11300571428571428,3.79104,0.25
-22.826912,2000,2666.547318,False,False,True,False,False,False,0.11483,3.8038100000000004,0.25
0.133477,252,2670.918643,True,False,False,True,True,True,0.11768714285714285,3.82381,0.25
-25.374634,2000,2702.308677,False,False,True,False,False,False,0.11804714285714285,3.82633,0.25
-8.682084,2000,2732.891969,False,False,True,False,True,False,0.12090428571428571,3.84633,0.25
-4.065344,1402,2762.369238,True,False,False,True,True,True,0.12376142857142858,3.86633,0.25
-4.20935,1030,2783.041476,True,False,False,True,True,True,0.12576428571428572,3.88035,0.25
-0.715345,556,2791.58056,True,False,False,True,True,True,0.12723571428571429,3.89065,0.25
-4.717706,843,2804.568024,True,False,False,True,True,True,0.12803,3.89621,0.25
-12.200433,2000,2836.591228,False,False,True,False,False,False,0.12923428571428572,3.90464,0.25
-3.266175,882,2849.729188,True,False,False,True,True,True,0.13209142857142858,3.92464,0.25
-2.928697,610,2858.552445,True,False,False,True,True,True,0.13335142857142857,3.9334599999999997,0.25
-2.545436,875,2872.765095,True,False,False,True,True,True,0.13422285714285714,3.93956,0.25
-3.17537,847,2884.825685,True,False,False,True,True,True,0.13547285714285714,3.94831,0.25
-4.722399,1395,2905.430184,True,False,False,True,True,True,0.13668285714285713,3.95678,0.25
-14.365832,2000,2936.50318,False,False,True,False,False,True,0.1386757142857143,3.97073,0.25
-11.620494,2000,2969.574964,False,False,True,False,True,False,0.14153285714285715,3.99073,0.25
-8.149292,1728,2999.009185,True,False,False,True,True,True,0.14439,4.01073,0.25
-21.58686,1981,3026.183099,True,False,False,True,True,True,0.14685857142857142,4.02801,0.25
-7.583526,1563,3047.506148,True,False,False,True,True,True,0.14968857142857142,4.04782,0.25
-6.955405,1836,3073.641201,True,False,False,True,True,True,0.15192142857142857,4.0634500000000005,0.25
-6.6853,2000,3104.723066,False,False,True,False,True,False,0.15454428571428572,4.08181,0.25
-6.256538,2000,3136.182564,False,False,True,False,True,False,0.15740142857142858,4.10181,0.25
-6.141501,2000,3166.864596,False,False,True,False,True,False,0.16025857142857142,4.12181,0.25
-2.088054,991,3181.251571,True,False,False,True,True,True,0.16311571428571428,4.14181,0.25
-2.254873,1043,3196.774322,True,False,False,True,True,True,0.16453142857142858,4.15172,0.25
-7.046495,2000,3226.206017,False,False,True,False,True,False,0.16602142857142857,4.1621500000000005,0.25
-19.087713,2000,3255.02706,False,False,True,False,False,False,0.16887857142857143,4.18215,0.25
-2.828379,1160,3272.592533,True,False,False,True,True,True,0.1717357142857143,4.20215,0.25
-9.786301,1300,3291.531726,True,False,False,True,True,True,0.17339285714285715,4.21375,0.25
-8.825576,1213,3309.26311,True,False,False,True,True,True,0.17525,4.22675,0.25
-48.713073,2000,3338.907571,False,False,True,False,False,False,0.17698285714285714,4.23888,0.25
-44.057982,2000,3368.228149,False,False,True,False,False,False,0.17984,4.2588799999999996,0.25
-19.517348,2000,3397.742961,False,False,True,False,True,False,0.18269714285714286,4.27888,0.25
-12.690067,1970,3427.084462,True,False,False,True,True,True,0.18555428571428573,4.2988800000000005,0.25
-4.901742,1284,3447.199135,True,False,False,True,True,True,0.18836857142857144,4.318580000000001,0.25
-47.863211,2000,3476.740127,False,False,True,False,False,False,0.19020285714285715,4.3314200000000005,0.25
-12.835287,1871,3504.48772,True,False,False,True,True,True,0.19306,4.35142,0.25
-8.640888,1072,3520.562783,True,False,False,True,True,True,0.19573285714285715,4.37013,0.25
-39.085242,2000,3550.090226,False,False,True,False,False,False,0.19726428571428573,4.380850000000001,0.25
-71.031506,1934,3578.514027,False,True,False,False,False,False,0.20012142857142856,4.40085,0.25
-16.964728,2000,3609.008827,False,False,True,False,True,False,0.2028842857142857,4.42019,0.25
-4.29507,1014,3624.105675,True,False,False,True,True,True,0.20574142857142858,4.44019,0.25
-6.139842,993,3638.515836,True,False,False,True,True,True,0.20719,4.45033,0.25
-26.12738,2000,3667.545148,False,False,True,False,False,False,0.20860857142857142,4.46026,0.25
-0.731577,411,3673.530636,True,False,False,True,True,True,0.21146571428571428,4.4802599999999995,0.25
-4.704796,1132,3690.13986,True,False,False,True,True,True,0.21205285714285715,4.48437,0.25
-8.33764,1434,3712.398695,True,False,False,True,True,True,0.21367,4.49569,0.25
-6.010497,1288,3732.441843,True,False,False,True,True,True,0.21571857142857143,4.51003,0.25
-14.915445,2000,3763.455151,False,False,True,False,True,False,0.21755857142857143,4.5229099999999995,0.25
-9.1204,1982,3793.980005,True,False,False,True,True,True,0.2204157142857143,4.54291,0.25
-5.072027,1251,3813.124667,True,False,False,True,True,True,0.22324714285714287,4.56273,0.25
-10.158958,2000,3844.430343,False,False,True,False,True,False,0.22503428571428571,4.57524,0.25
-15.486036,2000,3876.792708,False,False,True,False,True,False,0.22789142857142858,4.59524,0.25
-0.075613,679,3888.117877,True,False,False,True,True,True,0.23074857142857144,4.61524,0.25
-12.640005,1984,3919.064739,True,False,False,True,True,True,0.23171857142857144,4.6220300000000005,0.25
-6.072336,1567,3944.472796,True,False,False,True,True,True,0.23455285714285715,4.64187,0.25
-8.94861,1170,3962.862984,True,False,False,True,True,True,0.23679142857142857,4.65754,0.25
-10.662153,1939,3994.228336,True,False,False,True,True,True,0.23846285714285714,4.66924,0.25
-20.528323,2000,4024.78629,False,False,True,False,True,False,0.24123285714285714,4.68863,0.25
-0.752105,581,4033.368527,True,False,False,True,True,True,0.24409,4.708629999999999,0.25
-29.005321,2000,4062.867522,False,False,True,False,False,False,0.24492,4.71444,0.25
-20.293884,2000,4092.308198,False,False,True,False,False,False,0.24777714285714286,4.73444,0.25
-10.112095,1812,4119.020087,True,False,False,True,True,True,0.2506342857142857,4.754440000000001,0.25
-5.242092,976,4133.423397,True,False,False,True,True,True,0.25322285714285714,4.77256,0.25
-67.135576,1953,4162.086716,False,True,False,False,False,False,0.2546171428571429,4.78232,0.25
-51.725579,1112,4178.333926,False,True,False,False,False,False,0.25740714285714283,4.80185,0.25
-58.155715,2000,4207.976921,False,False,True,False,False,False,0.2589957142857143,4.81297,0.25
-12.144588,2000,4237.227805,False,False,True,False,True,False,0.26185285714285716,4.83297,0.25
-42.034974,2000,4266.369064,False,False,True,False,False,False,0.26471,4.85297,0.25
-62.295773,1593,4289.876553,False,True,False,False,False,False,0.26756714285714284,4.87297,0.25
-22.086747,2000,4319.307022,False,False,True,False,False,False,0.26984285714285716,4.8889000000000005,0.25
-11.935723,2000,4349.91905,False,False,True,False,True,False,0.2727,4.9089,0.25
-43.685188,891,4362.98296,False,True,False,False,False,False,0.27555714285714283,4.9289000000000005,0.25
-53.205342,2000,4392.494203,False,False,True,False,False,False,0.27683,4.93781,0.25
-50.115324,1007,4407.626318,False,True,False,False,False,False,0.27968714285714286,4.95781,0.25
-9.486402,2000,4437.020182,False,False,True,False,True,False,0.2811257142857143,4.967880000000001,0.25
-9.971124,1247,4455.550695,True,False,False,True,True,True,0.28398285714285715,4.9878800000000005,0.25
-58.763523,1449,4477.337144,False,True,False,False,False,False,0.2857642857142857,5.000349999999999,0.25
-65.263867,1918,4506.061263,False,True,False,False,False,False,0.2878342857142857,5.0148399999999995,0.25
-42.39914,818,4518.310761,False,True,False,False,False,False,0.29057428571428573,5.03402,0.25
-38.028057,621,4527.550312,False,True,False,False,False,False,0.29174285714285714,5.0422,0.25
-56.042458,1843,4554.608963,False,True,False,False,False,False,0.29263,5.0484100000000005,0.25
-9.059176,1509,4576.856836,True,False,False,True,True,True,0.29526285714285716,5.066840000000001,0.25
-8.222036,1004,4591.552423,True,False,False,True,True,True,0.2974185714285714,5.08193,0.25
-3.07408,647,4601.449938,True,False,False,True,True,True,0.29885285714285714,5.09197,0.25
-57.079897,1831,4629.119029,False,True,False,False,False,False,0.29977714285714285,5.09844,0.25
-5.701621,781,4640.843571,True,False,False,True,True,True,0.30239285714285713,5.11675,0.25
-12.173988,1734,4666.673227,True,False,False,True,True,True,0.3035085714285714,5.12456,0.25
-43.37404,875,4678.686902,False,True,False,False,False,False,0.3059857142857143,5.1419,0.25
-40.393009,750,4689.219669,False,True,False,False,False,False,0.3072357142857143,5.150650000000001,0.25
-60.712387,1823,4714.242124,False,True,False,False,False,False,0.30830714285714284,5.15815,0.25
-60.916172,1616,4736.149201,False,True,False,False,False,False,0.31091142857142856,5.17638,0.25
-17.672336,2000,4763.320513,False,False,True,False,False,False,0.31322,5.19254,0.25
-55.391729,1377,4782.448601,False,True,False,False,False,False,0.31607714285714283,5.212540000000001,0.25
-55.064461,1354,4801.107265,False,True,False,False,False,False,0.3180442857142857,5.22631,0.25
-50.519933,2000,4828.216531,False,False,True,False,False,False,0.31997857142857145,5.239850000000001,0.25
-64.57743,1825,4852.629784,False,True,False,False,False,False,0.3228357142857143,5.25985,0.25
-49.758107,932,4865.17509,False,True,False,False,False,False,0.32544285714285714,5.2781,0.25
-55.691855,1280,4882.729692,False,True,False,False,False,False,0.32677428571428574,5.28742,0.25
-58.529395,1336,4900.908225,False,True,False,False,False,False,0.32860285714285714,5.3002199999999995,0.25
-66.740139,1683,4923.664144,False,True,False,False,False,False,0.33051142857142857,5.31358,0.25
-32.538426,479,4930.443746,False,True,False,False,False,False,0.33291571428571426,5.33041,0.25
-45.007349,867,4948.527151,False,True,False,False,False,False,0.3336,5.3352,0.375
-40.110179,671,4957.491543,False,True,False,False,False,False,0.33483857142857143,5.343870000000001,0.375
-51.745768,1259,4974.471509,False,True,False,False,False,False,0.33579714285714285,5.35058,0.375
-46.662112,910,4986.731231,False,True,False,False,False,False,0.3375957142857143,5.36317,0.375
-50.696408,1255,5004.393002,False,True,False,False,False,False,0.3388957142857143,5.37227,0.375
-43.351897,912,5017.035574,False,True,False,False,False,False,0.34068857142857145,5.38482,0.375
-64.851804,2000,5044.56826,False,False,True,False,False,False,0.34199142857142856,5.39394,0.375
-56.694123,1523,5065.605519,False,True,False,False,False,False,0.34484857142857145,5.41394,0.375
-45.626635,964,5078.653955,False,True,False,False,False,False,0.34702428571428573,5.42917,0.375
-44.244405,2000,5106.215525,False,False,True,False,False,False,0.3484014285714286,5.43881,0.375
-53.180128,1206,5122.679713,False,True,False,False,False,False,0.3512585714285714,5.45881,0.375
-46.731727,942,5135.339801,False,True,False,False,False,False,0.35298142857142856,5.47087,0.375
-56.238774,1393,5154.352188,False,True,False,False,False,False,0.35432714285714284,5.48029,0.375
-49.608927,1012,5168.204179,False,True,False,False,False,False,0.35631714285714283,5.49422,0.375
-41.024828,2000,5195.54248,False,False,True,False,False,False,0.35776285714285716,5.504340000000001,0.375
-64.135019,1739,5219.243354,False,True,False,False,False,False,0.36062,5.5243400000000005,0.375
-51.677065,1172,5236.86308,False,True,False,False,False,False,0.3631042857142857,5.54173,0.375
-48.052692,890,5249.292734,False,True,False,False,False,False,0.36477857142857145,5.55345,0.375
-56.942232,1610,5271.540326,False,True,False,False,False,False,0.36605,5.56235,0.375
-48.366907,1114,5287.004635,False,True,False,False,False,False,0.36835,5.57845,0.375
-34.327681,486,5294.116689,False,True,False,False,False,False,0.3699414285714286,5.58959,0.375
-61.043037,1598,5315.64036,False,True,False,False,False,False,0.3706357142857143,5.59445,0.375
-61.757641,1524,5337.065468,False,True,False,False,False,False,0.37291857142857143,5.61043,0.375
-43.777592,952,5350.69149,False,True,False,False,False,False,0.3750957142857143,5.62567,0.375
-52.798866,1550,5372.041051,False,True,False,False,False,False,0.3764557142857143,5.63519,0.375
-52.771015,2000,5399.79576,False,False,True,False,False,False,0.37867,5.65069,0.375
-51.554927,1324,5419.852772,False,True,False,False,False,False,0.38152714285714284,5.67069,0.375
-41.041289,784,5431.76565,False,True,False,False,False,False,0.38341857142857144,5.68393,0.375
-73.39777,1769,5456.128735,False,True,False,False,False,False,0.38453857142857145,5.69177,0.375
-60.1678,1398,5475.239964,False,True,False,False,False,False,0.3870657142857143,5.70946,0.375
-49.261989,1187,5491.388291,False,True,False,False,False,False,0.38906285714285715,5.72344,0.375
-71.814894,1989,5518.411082,False,True,False,False,False,False,0.39075857142857146,5.73531,0.375
-44.212533,892,5530.56398,False,True,False,False,False,False,0.3936,5.7552,0.375
-60.87752,1534,5551.580422,False,True,False,False,False,False,0.39487428571428573,5.76412,0.375
-60.213277,1497,5572.065788,False,True,False,False,False,False,0.3970657142857143,5.77946,0.375
-41.808204,969,5587.939133,False,True,False,False,False,False,0.39920428571428573,5.79443,0.375
-50.594687,1095,5606.725245,False,True,False,False,False,False,0.4005885714285714,5.80412,0.375
-50.491099,1120,5622.308999,False,True,False,False,False,False,0.40215285714285715,5.8150699999999995,0.375
-51.00885,1034,5636.598164,False,True,False,False,False,False,0.40375285714285714,5.826269999999999,0.375
-54.898397,1476,5657.110399,False,True,False,False,False,False,0.40523,5.83661,0.375
-48.561109,1081,5673.770424,False,True,False,False,False,False,0.40733857142857144,5.851369999999999,0.375
-59.582507,2000,5702.517618,False,False,True,False,False,False,0.40888285714285716,5.86218,0.375
-43.992331,1085,5717.967386,False,True,False,False,False,False,0.41174,5.88218,0.375
-64.481124,1484,5739.27296,False,True,False,False,False,False,0.41329,5.89303,0.375
-43.99689,958,5753.738273,False,True,False,False,False,False,0.41541,5.907869999999999,0.375
-44.158841,888,5766.717898,False,True,False,False,False,False,0.41677857142857144,5.9174500000000005,0.375
-55.971134,1298,5785.404588,False,True,False,False,False,False,0.41804714285714284,5.926329999999999,0.375
-48.828745,1218,5802.829032,False,True,False,False,False,False,0.4199014285714286,5.93931,0.375
-50.404628,1080,5817.984346,False,True,False,False,False,False,0.42164142857142856,5.95149,0.375
-50.461248,1000,5831.887559,False,True,False,False,False,False,0.42318428571428574,5.96229,0.375
-64.633564,1747,5856.069922,False,True,False,False,False,False,0.4246128571428571,5.972289999999999,0.375
-49.888038,1142,5872.09223,False,True,False,False,False,False,0.42710857142857145,5.98976,0.375
-61.711674,1432,5893.287933,False,True,False,False,False,False,0.42874,6.00118,0.375
-47.423503,2000,5921.057338,False,False,True,False,False,False,0.43078571428571427,6.015499999999999,0.375
-45.368116,1016,5935.462502,False,True,False,False,False,False,0.43364285714285716,6.0355,0.375
-53.015455,1147,5952.311076,False,True,False,False,False,False,0.4350942857142857,6.04566,0.375
-53.207627,1342,5972.47308,False,True,False,False,False,False,0.43673285714285714,6.057130000000001,0.375
-59.636795,1573,5997.035238,False,True,False,False,False,False,0.43865,6.07055,0.375
-67.912198,1691,6021.831589,False,True,False,False,False,False,0.4408971428571429,6.0862799999999995,0.375
-41.684099,896,6035.110109,False,True,False,False,False,False,0.4433128571428571,6.10319,0.375
-62.851519,1535,6057.862871,False,True,False,False,False,False,0.4445928571428571,6.11215,0.375
-57.491785,1198,6075.684207,False,True,False,False,False,False,0.4467857142857143,6.1274999999999995,0.375
-60.689001,1678,6100.270717,False,True,False,False,False,False,0.44849714285714287,6.13948,0.375
-54.751327,2000,6131.20064,False,False,True,False,False,False,0.4508942857142857,6.1562600000000005,0.375
-43.229691,912,6145.352077,False,True,False,False,False,False,0.4537514285714286,6.17626,0.375
-69.692801,1865,6172.622386,False,True,False,False,False,False,0.4550542857142857,6.18538,0.375
-70.555443,1648,6197.205613,False,True,False,False,False,False,0.4577185714285714,6.2040299999999995,0.375
-40.065466,775,6208.488479,False,True,False,False,False,False,0.4600728571428571,6.22051,0.375
-55.096749,1485,6230.1881,False,True,False,False,False,False,0.46118,6.22826,0.375
-60.772681,1833,6256.968545,False,True,False,False,False,False,0.4633014285714286,6.243110000000001,0.375
-37.394598,701,6267.081685,False,True,False,False,False,False,0.46592,6.26144,0.375
-33.725772,2000,6296.845788,False,False,True,False,False,False,0.4669214285714286,6.2684500000000005,0.375
-42.996752,2000,6326.32913,False,False,True,False,False,False,0.46977857142857143,6.288450000000001,0.375
-36.630684,2000,6356.13345,False,False,True,False,False,False,0.47263571428571427,6.308450000000001,0.375
-49.000962,1192,6373.573398,False,True,False,False,False,False,0.47549285714285716,6.32845,0.375
-57.601067,2000,6402.857173,False,False,True,False,False,False,0.4771957142857143,6.34037,0.375
-50.821662,1099,6418.70109,False,True,False,False,False,False,0.48005285714285717,6.3603700000000005,0.375
-37.146179,720,6429.212122,False,True,False,False,False,False,0.48162285714285713,6.371359999999999,0.375
-69.274173,1780,6454.76169,False,True,False,False,False,False,0.48265142857142856,6.37856,0.375
-58.798726,1596,6476.834895,False,True,False,False,False,False,0.4851942857142857,6.3963600000000005,0.375
-59.52604,1483,6498.042332,False,True,False,False,False,False,0.4874742857142857,6.412319999999999,0.375
-45.851472,2000,6527.785742,False,False,True,False,False,False,0.48959285714285716,6.42715,0.375
-34.429489,2000,6557.302521,False,False,True,False,False,False,0.49245,6.44715,0.375
-46.606578,2000,6587.174684,False,False,True,False,False,False,0.49530714285714283,6.46715,0.375
-41.635605,835,6599.720511,False,True,False,False,False,False,0.4981642857142857,6.48715,0.375
-51.320109,1555,6623.566236,False,True,False,False,False,False,0.49935714285714283,6.4955,0.375
-40.525808,841,6636.393813,False,True,False,False,False,False,0.5015785714285714,6.51105,0.375
-61.143881,2000,6666.300619,False,False,True,False,False,False,0.50278,6.5194600000000005,0.375
-55.036777,1265,6685.509173,False,True,False,False,False,False,0.5056371428571429,6.539460000000001,0.375
-61.463353,1836,6712.073549,False,True,False,False,False,False,0.5074442857142857,6.552109999999999,0.375
-49.202678,1136,6730.128739,False,True,False,False,False,False,0.5100671428571428,6.57047,0.375
-32.821223,2000,6761.679487,False,False,True,False,False,False,0.51169,6.581829999999999,0.375
-30.798028,2000,6791.685717,False,False,True,False,False,False,0.5145471428571429,6.60183,0.375
-31.709504,2000,6822.408392,False,False,True,False,False,False,0.5174042857142858,6.621830000000001,0.375
-46.559232,936,6837.585753,False,True,False,False,False,False,0.5202614285714285,6.641830000000001,0.375
-47.811706,2000,6866.277001,False,False,True,False,False,False,0.5215985714285715,6.651190000000001,0.375
-32.514669,2000,6894.085612,False,False,True,False,False,False,0.5244557142857142,6.671189999999999,0.375
-27.9046,2000,6921.994531,False,False,True,False,False,False,0.5273128571428571,6.691190000000001,0.375
-32.50474,2000,6950.133736,False,False,True,False,False,False,0.53017,6.71119,0.375
-23.064612,1385,6969.899295,True,False,False,True,True,True,0.5330271428571428,6.73119,0.375
-28.188969,2000,6998.07451,False,False,True,False,False,False,0.5350057142857143,6.7450399999999995,0.375
-30.152126,2000,7028.611775,False,False,True,False,False,False,0.5378628571428572,6.765040000000001,0.375
-22.776526,2000,7061.750928,False,False,True,False,True,False,0.54072,6.7850399999999995,0.375
-29.630707,2000,7092.652176,False,False,True,False,False,False,0.5435771428571429,6.80504,0.375
-28.400551,2000,7122.357656,False,False,True,False,False,False,0.5464342857142858,6.8250399999999996,0.375
-35.525908,2000,7150.141278,False,False,True,False,False,False,0.5492914285714285,6.845039999999999,0.375
-33.141742,2000,7177.71948,False,False,True,False,False,False,0.5521485714285714,6.8650400000000005,0.375
-28.406954,2000,7205.251573,False,False,True,False,False,False,0.5550057142857143,6.885040000000001,0.375
-23.679214,2000,7232.27015,False,False,True,False,False,True,0.5578628571428571,6.90504,0.375
-31.244609,2000,7259.285304,False,False,True,False,True,False,0.56072,6.925039999999999,0.375
-28.449465,2000,7286.582852,False,False,True,False,False,True,0.5635771428571429,6.9450400000000005,0.375
-26.564443,2000,7314.514716,False,False,True,False,False,False,0.5664342857142857,6.96504,0.375
-24.045455,2000,7343.153127,False,False,True,False,False,True,0.5692914285714286,6.985040000000001,0.375
-32.843114,548,7351.170183,False,True,False,False,False,False,0.5721485714285715,7.00504,0.375
-26.428547,2000,7379.938215,False,False,True,False,False,False,0.5729314285714285,7.01052,0.375
-25.522526,2000,7408.035557,False,False,True,False,False,False,0.5757885714285714,7.030519999999999,0.375
-25.533509,2000,7435.851754,False,False,True,False,False,False,0.5786457142857143,7.050520000000001,0.375
-22.317598,2000,7464.240638,False,False,True,False,False,False,0.5815028571428571,7.07052,0.375
-25.979418,2000,7505.174361,False,False,True,False,False,False,0.58436,7.090520000000001,0.375
-23.742801,2000,7533.273199,False,False,True,False,False,False,0.5872171428571429,7.11052,0.375
-25.361921,2000,7560.039958,False,False,True,False,False,False,0.5900742857142857,7.130519999999999,0.375
-28.39182,2000,7588.333898,False,False,True,False,False,False,0.5929314285714286,7.15052,0.375
-28.031842,2000,7618.993868,False,False,True,False,False,False,0.5957885714285714,7.17052,0.375
-28.845551,2000,7648.975919,False,False,True,False,False,False,0.5986457142857143,7.190520000000001,0.375
-26.876137,2000,7679.32025,False,False,True,False,False,False,0.6015028571428571,7.21052,0.375
-29.766999,2000,7709.512395,False,False,True,False,False,False,0.60436,7.230519999999999,0.375
-47.886385,2000,7740.084298,False,False,True,False,False,False,0.6072171428571429,7.25052,0.375
-22.176667,2000,7772.078284,False,False,True,False,False,False,0.6100742857142857,7.270519999999999,0.375
-21.352236,2000,7803.701341,False,False,True,False,False,False,0.6129314285714286,7.290520000000001,0.375
-20.129682,2000,7832.870155,False,False,True,False,False,False,0.6157885714285715,7.31052,0.375
-26.398385,1962,7861.40533,True,False,False,True,True,True,0.6186457142857142,7.330519999999999,0.375
-55.435731,1411,7882.422839,False,True,False,False,False,False,0.6214485714285715,7.350140000000001,0.375
-24.989181,2000,7914.540963,False,False,True,False,False,False,0.6234642857142857,7.36425,0.375
-25.126845,2000,7946.687948,False,False,True,False,False,True,0.6263214285714286,7.38425,0.375
