#{"t_start": 1786375012.1393752, "env_id": "None"}
r,l,t,completed,distance_failure,time_failure,joint_success,position_success,attitude_success,curriculum_progress,curriculum_ceiling,curriculum_rehearsal,episode_shell_outer_m,episode_target_tumble_scale
-52.703299,2000,11.149895,False,False,True,False,False,False,0.0,0.0,False,3.0,0.25
-55.38771,2000,19.01,False,False,True,False,False,False,0.0,0.0,False,3.0,0.25
-64.8261,2000,26.337763,False,False,True,False,False,False,0.0,0.0,False,3.0,0.25
-53.368174,2000,33.697102,False,False,True,False,False,False,0.0,0.0,False,3.0,0.25
-55.102605,2000,41.042622,False,False,True,False,False,False,0.0,0.0,False,3.0,0.25
-45.243248,2000,48.471449,False,False,True,False,False,False,0.0,0.0,False,3.0,0.25
-71.141708,1915,55.580074,False,True,False,False,False,False,0.0,0.0,False,3.0,0.25
-55.399395,2000,62.799571,False,False,True,False,False,False,0.0,0.0,False,3.0,0.25
-60.908948,2000,70.584776,False,False,True,False,False,False,0.0,0.0,False,3.0,0.25
-62.769803,2000,78.651584,False,False,True,False,False,False,0.0,0.0,False,3.0,0.25
-37.787172,2000,122.336368,False,False,True,False,False,False,0.0,0.0,False,3.0,0.25
-26.464831,2000,167.332818,False,False,True,False,False,False,0.0,0.0,False,3.0,0.25
-15.564672,2000,214.038224,False,False,True,False,True,False,0.0,0.0,False,3.0,0.25
-6.503631,2000,260.797558,False,False,True,False,True,False,0.0,0.0,False,3.0,0.25
-18.295691,2000,304.584969,False,False,True,False,True,False,0.0,0.0,False,3.0,0.25
-7.882913,2000,351.423651,False,False,True,False,True,False,0.0,0.0,False,3.0,0.25
-1.081933,782,370.094187,True,False,False,True,True,True,0.0,0.0,False,3.0,0.25
-6.503171,2000,415.35803,False,False,True,False,True,False,0.0,0.0,False,3.0,0.25
-5.398267,2000,458.746185,False,False,True,False,True,False,0.0,0.0,False,3.0,0.25
-4.945358,2000,502.299082,False,False,True,False,True,False,0.0,0.0,False,3.0,0.25
-45.832998,2000,546.32608,False,False,True,False,False,False,0.0,0.0,False,3.0,0.25
-0.691752,459,556.146712,True,False,False,True,True,True,0.0,0.0,False,3.0,0.25
-2.653412,731,571.971357,True,False,False,True,True,True,0.0,0.0,False,3.0,0.25
-4.939532,1091,595.923766,True,False,False,True,True,True,0.0,0.0,False,3.0,0.25
0.42955,705,611.361299,True,False,False,True,True,True,0.0,0.0,False,3.0,0.25
-0.059789,414,620.422983,True,False,False,True,True,True,0.0,0.0,False,3.0,0.25
-1.099345,766,637.358304,True,False,False,True,True,True,0.0,0.0,False,3.0,0.25
-1.476251,673,652.284289,True,False,False,True,True,True,0.0,0.0,False,3.0,0.25
-0.191023,495,662.969194,True,False,False,True,True,True,0.0,0.0,False,3.0,0.25
0.10132,395,671.772297,True,False,False,True,True,True,0.0,0.0,False,3.0,0.25
-44.398798,2000,715.626815,False,False,True,False,False,False,0.0,0.0,False,3.0,0.25
-17.905841,2000,761.344414,False,False,True,False,False,True,0.0,0.0,False,3.0,0.25
-1.513991,624,774.847576,True,False,False,True,True,True,0.0,0.0,False,3.0,0.25
-40.550185,2000,821.440749,False,False,True,False,False,False,0.0,0.0,False,3.0,0.25
-10.806827,2000,867.849542,False,False,True,False,False,False,0.0,0.0,False,3.0,0.25
-8.752117,2000,913.86023,False,False,True,False,True,False,0.0,0.0,False,3.0,0.25
-7.490556,2000,961.591552,False,False,True,False,True,False,0.0,0.0,False,3.0,0.25
-46.538141,2000,1007.748566,False,False,True,False,False,False,0.0,0.0,False,3.0,0.25
-8.889494,2000,1053.786885,False,False,True,False,True,False,0.0,0.0,False,3.0,0.25
-0.795923,762,1071.296683,True,False,False,True,True,True,0.0,0.0,False,3.0,0.25
-62.507965,1689,1110.645048,False,True,False,False,False,False,0.0,0.0,False,3.0,0.25
-1.26051,491,1121.908005,True,False,False,True,True,True,0.0,0.0,False,3.0,0.25
-4.719511,2000,1168.437232,False,False,True,False,True,False,0.0,0.0,False,3.0,0.25
-17.167964,2000,1214.594718,False,False,True,False,True,False,0.0,0.0,False,3.0,0.25
-0.377231,455,1225.139983,True,False,False,True,True,True,0.0,0.0,False,3.0,0.25
-9.683528,1556,1261.246573,True,False,False,True,True,True,0.0,0.0,False,3.0,0.25
-16.342144,2000,1307.377402,False,False,True,False,False,False,0.0,0.0,False,3.0,0.25
-58.928965,2000,1353.586733,False,False,True,False,False,False,0.0,0.0,False,3.0,0.25
-14.963651,2000,1399.91709,False,False,True,False,False,False,0.0,0.0,False,3.0,0.25
-5.863796,2000,1445.868898,False,False,True,False,True,False,0.0,0.0,False,3.0,0.25
-51.424784,1560,1481.519827,False,True,False,False,False,False,0.0,0.0,False,3.0,0.25
-43.018,2000,1527.273246,False,False,True,False,False,False,0.0,0.0,False,3.0,0.25
-55.966505,1812,1568.672986,False,True,False,False,False,False,0.0,0.0,False,3.0,0.25
-46.379241,2000,1614.375874,False,False,True,False,False,False,0.0,0.0,False,3.0,0.25
-65.247843,1843,1656.689937,False,True,False,False,False,False,0.0,0.0,False,3.0,0.25
-58.963083,2000,1702.544784,False,False,True,False,False,False,0.0,0.0,False,3.0,0.25
-26.481588,2000,1748.721221,False,False,True,False,False,False,0.0,0.0,False,3.0,0.25
-73.247181,1726,1788.372269,False,True,False,False,False,False,0.0,0.0,False,3.0,0.25
-54.403834,2000,1834.66063,False,False,True,False,False,False,0.0,0.0,False,3.0,0.25
-75.99905,1964,1881.588141,False,True,False,False,False,False,0.0,0.0,False,3.0,0.25
-64.355637,1931,1926.171062,False,True,False,False,False,False,0.0,0.0,False,3.0,0.25
-40.893042,2000,1972.322865,False,False,True,False,False,False,0.0008477307537188367,0.001678,False,3.0059341152760317,0.25
-57.501205,2000,2018.380382,False,False,True,False,False,False,0.0001888469057374828,0.005678,False,3.0013219283401624,0.25
-38.829482,2000,2064.389279,False,False,True,False,False,False,0.0018996897313347967,0.009678,False,3.013297828119344,0.25
-15.322261,2000,2110.400899,False,False,True,False,True,False,0.009607210770746723,0.013678,False,3.0672504753952268,0.25
-11.772519,2000,2157.021883,False,False,True,False,True,False,0.0015897123828844774,0.017678,False,3.011127986680191,0.25
-10.793229,2000,2203.161131,False,False,True,False,True,False,0.016312640537403552,0.021678,False,3.1141884837618248,0.25
-3.65848,2000,2249.133886,False,False,True,False,True,False,0.01806001076390612,0.025678,False,3.126420075347343,0.25
-6.293635,2000,2295.073097,False,False,True,False,True,False,0.017235786090810605,0.029678,False,3.1206505026356743,0.25
-18.613255,2000,2341.346767,False,False,True,False,True,False,0.02809238063209731,0.033678,False,3.1966466644246814,0.25
-9.373771,1307,2371.573936,True,False,False,True,True,True,0.014442017735257849,0.037678,False,3.101094124146805,0.25
1.036799,491,2382.992387,True,False,False,True,True,True,0.015575966925105293,0.040292,False,3.109031768475737,0.25
-4.826794,967,2405.32276,True,False,False,True,True,True,0.03044183062428219,0.041274,True,3.213092814369975,0.25
-9.538247,1891,2448.891062,True,False,False,True,True,True,0.03648861000014559,0.043208,False,3.2554202700010193,0.25
-25.573769,2000,2495.255374,False,False,True,False,True,False,0.03552128417848676,0.04699,False,3.248648989249407,0.25
-0.174458,494,2506.654296,True,False,False,True,True,True,0.010632383416371802,0.05099,False,3.074426683914602,0.25
-0.346095,537,2518.959446,True,False,False,True,True,True,0.004483348119824627,0.051978,False,3.031383436838772,0.25
-1.128386,769,2536.696697,True,False,False,True,True,True,0.0201391048848565,0.053052,True,3.1409737341939956,0.25
0.99542,459,2547.253992,True,False,False,True,True,True,0.007052564624453678,0.05459,False,3.049367952371176,0.25
-62.151836,1708,2586.796767,False,True,False,False,False,False,0.041913132952804785,0.055508,False,3.2933919306696335,0.25
-14.54521,1755,2627.416711,True,False,False,True,True,True,0.04537666013684045,0.058924,False,3.3176366209578827,0.25
-3.77866,845,2646.876852,True,False,False,True,True,True,0.008893984596396277,0.062434,False,3.062257892174774,0.25
-3.009243,757,2664.529652,True,False,False,True,True,True,0.04374089465903428,0.064124,False,3.30618626261324,0.25
-2.178195,595,2678.518528,True,False,False,True,True,True,0.04302147775114076,0.065638,False,3.3011503442579855,0.25
-2.614526,966,2700.818527,True,False,False,True,True,True,0.0297978724079488,0.066828,True,3.2085851068556415,0.25
-3.767687,1066,2725.523572,True,False,False,True,True,True,0.021437175598999124,0.06876,False,3.1500602291929938,0.25
0.478996,212,2730.359353,True,False,False,True,True,True,0.024808297233534077,0.070892,False,3.1736580806347385,0.25
-3.006259,702,2747.886102,True,False,False,True,True,True,0.05877393060226894,0.071316,False,3.4114175142158825,0.25
-3.462881,849,2767.613481,True,False,False,True,True,True,0.002514918577907755,0.07272,False,3.0176044300453544,0.25
-2.156026,904,2788.439004,True,False,False,True,True,True,0.021871959294593724,0.074418,False,3.1531037150621564,0.25
-1.460527,1009,2811.828534,True,False,False,True,True,True,0.04135517764230124,0.076226,False,3.2894862434961087,0.25
-0.070621,573,2825.083135,True,False,False,True,True,True,0.0534681372326303,0.078244,True,3.374276960628412,0.25
-2.662273,996,2848.053815,True,False,False,True,True,True,0.0470279734158479,0.07939,False,3.3291958139109354,0.25
-0.164923,511,2859.908428,True,False,False,True,True,True,0.012553689913370497,0.081382,False,3.0878758293935937,0.25
-1.531642,1041,2883.97949,True,False,False,True,True,True,0.022219561868059255,0.082404,False,3.155536933076415,0.25
-1.606246,1043,2908.182693,True,False,False,True,True,True,0.04440260210414085,0.084486,False,3.310818214728986,0.25
0.905237,354,2916.359265,True,False,False,True,True,True,0.045263813241995694,0.086572,False,3.31684669269397,0.25
-32.46098,2000,2962.246621,False,False,True,False,False,False,0.07298030589054927,0.08728,False,3.5108621412338445,0.25
-2.367427,700,2978.42886,True,False,False,True,True,True,0.08758307030776837,0.09128,False,3.613081492154379,0.25
1.252539,260,2984.361604,True,False,False,True,True,True,0.02717581079047659,0.09268,False,3.190230675533336,0.25
-5.042646,1638,3022.161677,True,False,False,True,True,True,0.028816041648335823,0.0932,False,3.2017122915383505,0.25
-5.417407,1481,3056.550212,True,False,False,True,True,True,0.019466672086970078,0.096476,False,3.1362667046087904,0.25
0.605904,599,3070.370559,True,False,False,True,True,True,0.028635702361126048,0.099438,False,3.200449916527883,0.25
-5.759501,1077,3095.219369,True,False,False,True,True,True,0.023550437353720137,0.100636,True,3.164853061476041,0.25
-3.513771,1117,3120.835115,True,False,False,True,True,True,0.07976623957265516,0.10279,False,3.558363677008586,0.25
-0.504791,474,3131.735125,True,False,False,True,True,True,0.04733286508058948,0.105024,False,3.331330055564126,0.25
-59.804153,1641,3169.299657,False,True,False,False,False,False,0.03466736473056671,0.105972,False,3.2426715531139667,0.25
-0.684289,507,3181.068496,True,False,False,True,True,True,0.014539552955697053,0.109254,True,3.1017768706898794,0.25
-36.559673,2000,3233.548536,False,False,True,False,False,False,0.10809542137984637,0.110268,True,3.756667949658924,0.30000000000000004
-1.921636,632,3248.274702,True,False,False,True,True,True,0.0043590015607186654,0.114268,False,3.0305130109250307,0.25
-0.321759,448,3258.599539,True,False,False,True,True,True,0.012327952229813973,0.115532,False,3.0862956656086977,0.25
0.715563,379,3267.345557,True,False,False,True,True,True,0.11127669842331651,0.116428,False,3.778936888963216,0.30000000000000004
-7.413923,1485,3301.567195,True,False,False,True,True,True,0.019084146006940993,0.117186,True,3.133589022048587,0.25
-0.537003,527,3313.715369,True,False,False,True,True,True,0.01625066635104884,0.120156,False,3.1137546644573417,0.25
-0.631961,691,3329.726253,True,False,False,True,True,True,0.10115445220092312,0.12121,False,3.708081165406462,0.30000000000000004
-22.935593,1728,3369.53115,True,False,False,True,True,True,0.09469643306708253,0.122592,False,3.6628750314695777,0.25
-3.964508,1338,3400.478585,True,False,False,True,True,True,0.06308579393017479,0.126048,False,3.4416005575112236,0.25
-1.627263,661,3415.730875,True,False,False,True,True,True,0.04429420317301105,0.128724,False,3.3100594222110775,0.25
-53.770674,1150,3442.13179,False,True,False,False,False,False,0.12637130656235335,0.130046,False,3.8845991459364733,0.30000000000000004
-4.012292,1060,3466.586354,True,False,False,True,True,True,0.07556278066483746,0.132346,False,3.5289394646538623,0.25
-11.6095,1574,3502.9245,True,False,False,True,True,True,0.09761034480381622,0.134466,False,3.6832724136267134,0.25
-6.348188,1131,3529.031858,True,False,False,True,True,True,0.09376237750812175,0.137614,False,3.6563366425568518,0.25
-6.586618,977,3551.412544,True,False,False,True,True,True,0.07198297097977246,0.139876,False,3.5038807968584074,0.25
-21.454924,2000,3597.507678,False,False,True,False,True,False,0.07168224429817514,0.14183,False,3.5017757100872258,0.25
-16.279662,2000,3644.501139,False,False,True,False,False,False,0.012512334758494953,0.14583,False,3.0875863433094644,0.25
-57.332371,1774,3685.72735,False,True,False,False,False,False,0.027789400485121803,0.14983,False,3.1945258033958526,0.25
-3.12791,855,3705.397228,True,False,False,True,True,True,0.014806713994858205,0.153378,True,3.1036469979640073,0.25
-20.4427,2000,3751.638235,False,False,True,False,False,False,0.04810242137186205,0.155088,False,3.3367169496030344,0.25
-1.310192,524,3763.826725,True,False,False,True,True,True,0.07475760290833805,0.159088,False,3.5233032203583665,0.25
-27.754121,2000,3809.89876,False,False,True,False,False,False,0.15187357932169768,0.160136,True,4.063115055251884,0.30000000000000004
0.108161,324,3817.269667,True,False,False,True,True,True,0.00621770280017262,0.164136,True,3.0435239196012085,0.25
-3.722614,761,3834.793023,True,False,False,True,True,True,0.10396579392712596,0.164784,False,3.7277605574898818,0.30000000000000004
-54.807736,2000,3880.482972,False,False,True,False,False,False,0.09776580467095757,0.166306,False,3.684360632696703,0.25
-1.156952,804,3898.853866,True,False,False,True,True,True,0.09936872672546633,0.170306,False,3.6955810870782644,0.25
-12.222578,1763,3939.579114,True,False,False,True,True,True,0.05795457658484734,0.171914,False,3.4056820360939315,0.25
-6.321109,1520,3974.528211,True,False,False,True,True,True,0.07132969209169403,0.17544,False,3.499307844641858,0.25
-1.053707,573,3987.713996,True,False,False,True,True,True,0.0818190630768888,0.17848,False,3.5727334415382215,0.25
-8.454878,1348,4018.766553,True,False,False,True,True,True,0.05826893086038865,0.179626,False,3.407882516022721,0.25
-2.553424,696,4034.652601,True,False,False,True,True,True,0.03196513974164838,0.182322,False,3.2237559781915386,0.25
-3.811549,2000,4080.515555,False,False,True,False,True,False,0.06168640525858413,0.183714,True,3.4318048368100884,0.25
-0.86862,1339,4111.234585,True,False,False,True,True,True,0.10926216150253963,0.187714,True,3.764835130517777,0.30000000000000004
1.328539,319,4118.49707,True,False,False,True,True,True,0.04407621885776217,0.190392,True,3.3085335320043354,0.25
-5.24676,1142,4144.784188,True,False,False,True,True,True,0.10852360629171702,0.19103,False,3.7596652440420195,0.30000000000000004
-18.242769,2000,4190.740387,False,False,True,False,True,False,0.12384810856360291,0.193314,False,3.8669367599452205,0.30000000000000004
-23.523764,2000,4236.781467,False,False,True,False,False,False,0.08998924589204116,0.197314,True,3.629924721244288,0.25
-10.733034,1433,4269.984293,True,False,False,True,True,True,0.16864151614709827,0.201314,True,4.180490613029688,0.30000000000000004
-55.324878,2000,4316.671421,False,False,True,False,False,False,0.1732731605840495,0.20418,False,4.212912124088347,0.30000000000000004
-13.96808,2000,4361.515036,False,False,True,False,True,False,0.16886170776168005,0.20818,False,4.182031954331761,0.30000000000000004
-3.23893,2000,4405.592063,False,False,True,False,True,False,0.13797089922676642,0.21218,False,3.9657962945873653,0.30000000000000004
-3.51623,603,4418.767833,True,False,False,True,True,True,0.023610551933453898,0.21618,False,3.1652738635341775,0.25
-3.444182,938,4439.093726,True,False,False,True,True,True,0.1536873486441113,0.217386,True,4.0758114405087795,0.30000000000000004
-2.79864,1156,4464.217415,True,False,False,True,True,True,0.05661133435684936,0.219262,True,3.3962793404979457,0.25
-9.474291,1351,4493.892485,True,False,False,True,True,True,0.03985034991438967,0.221574,False,3.2789524494007276,0.25
-14.083315,2000,4537.941071,False,False,True,False,True,False,0.07646329391626898,0.224276,True,3.535243057413883,0.25
-37.765564,2000,4585.669952,False,False,True,False,False,False,0.21755223154854092,0.228276,False,4.522865620839786,0.30000000000000004
-51.083068,1280,4616.292128,False,True,False,False,False,False,0.23093565835640692,0.232276,False,4.616549608494848,0.30000000000000004
0.141793,221,4621.419344,True,False,False,True,True,True,0.19661332009610477,0.234836,False,4.376293240672734,0.30000000000000004
-15.236385,2000,4665.926827,False,False,True,False,False,False,0.07616961828041724,0.235278,False,3.5331873279629207,0.25
-6.957305,1937,4708.624242,True,False,False,True,True,True,0.0397889622628132,0.239278,False,3.2785227358396924,0.25
-16.000829,2000,4752.0576,False,False,True,False,True,False,0.10007024071368187,0.243152,False,3.7004916849957734,0.30000000000000004
-8.083354,2000,4795.596532,False,False,True,False,True,False,0.03282806974286176,0.247152,True,3.229796488200032,0.25
-8.253939,1236,4823.03461,True,False,False,True,True,True,0.25004285713256713,0.251152,True,4.75029999992797,0.30000000000000004
-5.433962,1715,4862.367634,True,False,False,True,True,True,0.08316954695464093,0.253624,True,3.5821868286824863,0.25
-2.283795,1483,4894.820698,True,False,False,True,True,True,0.18022408715518423,0.257054,False,4.2615686100862895,0.30000000000000004
-67.033684,1841,4934.257497,False,True,False,False,False,False,0.10114101034642006,0.26002,False,3.70798707242494,0.30000000000000004
-46.502196,1028,4956.873206,False,True,False,False,False,False,0.2441651688018638,0.263702,False,4.7091561816130465,0.30000000000000004
-2.914041,761,4973.305677,True,False,False,True,True,True,0.2635132540376884,0.265758,False,4.844592778263818,0.30000000000000004
-42.014384,1091,4997.467422,False,True,False,False,False,False,0.23572139144239046,0.26728,True,4.650049740096733,0.30000000000000004
-62.171494,1639,5032.80242,False,True,False,False,False,False,0.16738996556123203,0.269462,False,4.171729758928624,0.30000000000000004
-1.867482,994,5054.660491,True,False,False,True,True,True,0.1839531338538269,0.27274,False,4.287671936976788,0.30000000000000004
-0.357329,323,5061.822938,True,False,False,True,True,True,0.1655451231947711,0.274728,False,4.158815862363397,0.30000000000000004
-19.882784,2000,5104.715253,False,False,True,False,True,False,0.2723072711453409,0.275374,True,4.906150898017387,0.30000000000000004
-6.282041,1185,5130.643826,True,False,False,True,True,True,0.10554542566349795,0.279374,False,3.7388179796444856,0.30000000000000004
-12.44454,1582,5165.304071,True,False,False,True,True,True,0.20364937703264158,0.281744,False,4.425545639228491,0.30000000000000004
-57.44674,1546,5199.242022,False,True,False,False,False,False,0.27532093427804594,0.284908,False,4.927246539946321,0.30000000000000004
-14.036698,1632,5234.766023,True,False,False,True,True,True,0.22125745095304059,0.288,False,4.548802156671284,0.30000000000000004
-5.3314,1197,5260.669654,True,False,False,True,True,True,0.1294839458262466,0.291264,False,3.9063876207837263,0.30000000000000004
-54.999257,2000,5304.442635,False,False,True,False,False,False,0.27533036250444914,0.293658,False,4.927312537531144,0.30000000000000004
-5.94656,2000,5347.96922,False,False,True,False,True,False,0.18788283065652117,0.297658,False,4.315179814595648,0.30000000000000004
-7.796447,2000,5391.689047,False,False,True,False,True,False,0.19768420093434308,0.301658,True,4.3837894065404015,0.30000000000000004
-0.97445,540,5403.461473,True,False,False,True,True,True,0.2681094287740794,0.305658,False,4.876766001418556,0.30000000000000004
-6.08573,1808,5448.994353,True,False,False,True,True,True,0.30492750094285354,0.306738,False,5.134492506599974,0.35000000000000003
-1.936862,671,5463.679803,True,False,False,True,True,True,0.253238193620195,0.310354,True,4.772667355341365,0.30000000000000004
-9.169309,2000,5507.18956,False,False,True,False,True,False,0.19078346468132007,0.311696,False,4.33548425276924,0.30000000000000004
-50.55613,1251,5533.774838,False,True,False,False,False,False,0.26487287182231256,0.315696,False,4.854110102756188,0.30000000000000004
-0.915359,786,5550.649702,True,False,False,True,True,True,0.29174165542335395,0.318198,False,5.042191587963478,0.30000000000000004
-44.361209,2000,5594.66485,False,False,True,False,False,False,0.3065440014711236,0.31977,False,5.1458080102978645,0.35000000000000003
-39.29995,2000,5638.286817,False,False,True,False,False,False,0.04399787380252797,0.32377,True,3.307985116617696,0.25
-10.779356,2000,5682.133126,False,False,True,False,True,False,0.15241883035752157,0.32777,False,4.06693181250265,0.30000000000000004
-1.045647,543,5694.185763,True,False,False,True,True,True,0.29694863570072244,0.33177,False,5.078640449905057,0.30000000000000004
-13.77753,2000,5738.815799,False,False,True,False,True,False,0.11968562935992975,0.332856,True,3.837799405519508,0.30000000000000004
-13.562586,1260,5766.545146,True,False,False,True,True,True,0.2921031498481593,0.336856,True,5.044722048937115,0.30000000000000004
-9.956263,1474,5798.925933,True,False,False,True,True,True,0.19473690290452342,0.339376,False,4.363158320331664,0.30000000000000004
-54.207914,1302,5826.977707,False,True,False,False,False,False,0.20746429128142285,0.342324,False,4.45225003896996,0.30000000000000004
-41.046921,2000,5870.395152,False,False,True,False,False,False,0.3363913080389623,0.344928,False,5.354739156272736,0.35000000000000003
-59.572527,1560,5904.89922,False,True,False,False,False,False,0.1160997693116112,0.348928,True,3.812698385181278,0.30000000000000004
-10.457365,1300,5933.763941,True,False,False,True,True,True,0.29236534832196226,0.352048,True,5.0465574382537355,0.30000000000000004
-3.857456,1110,5958.308917,True,False,False,True,True,True,0.10571166112079605,0.354648,True,3.739981627845572,0.30000000000000004
-10.280991,1297,5986.510919,True,False,False,True,True,True,0.3167609612582839,0.356868,False,5.217326728807988,0.35000000000000003
-6.938635,1386,6016.760186,True,False,False,True,True,True,0.2817106693232213,0.359462,False,4.971974685262548,0.30000000000000004
-37.341262,2000,6060.067524,False,False,True,False,False,False,0.19347390422204624,0.362234,False,4.354317329554323,0.30000000000000004
-2.949185,1111,6084.201842,True,False,False,True,True,True,0.29684679340756875,0.366234,True,5.077927553852981,0.30000000000000004
-44.712968,2000,6128.060425,False,False,True,False,False,False,0.17289180616554634,0.368456,False,4.210242643158824,0.30000000000000004
-0.223825,432,6137.284403,True,False,False,True,True,True,0.21120090184011098,0.372456,False,4.478406312880777,0.30000000000000004
-3.382564,1396,6167.518314,True,False,False,True,True,True,0.35323382423932026,0.37332,False,5.472636769675242,0.35000000000000003
-52.10688,1332,6197.264274,False,True,False,False,False,False,0.261898500933791,0.376112,False,4.833289506536537,0.30000000000000004
-4.271725,1059,6220.168271,True,False,False,True,True,True,0.2554652889015057,0.378776,False,4.78825702231054,0.30000000000000004
-17.956149,2000,6263.505138,False,False,True,False,False,False,0.3771176048066805,0.380894,False,5.639823233646764,0.35000000000000003
-4.221494,1078,6287.18493,True,False,False,True,True,True,0.2494394321905597,0.384894,False,4.746076025333918,0.30000000000000004
-8.514794,1703,6324.620151,True,False,False,True,True,True,0.26833898437405646,0.38705,False,4.878372890618396,0.30000000000000004
-43.789289,2000,6369.179883,False,False,True,False,False,False,0.22380790974440948,0.390456,True,4.566655368210867,0.30000000000000004
-0.843137,745,6385.452873,True,False,False,True,True,True,0.27495577430294194,0.394456,True,4.924690420120594,0.30000000000000004
-38.913656,2000,6429.335893,False,False,True,False,False,False,0.25893430031250786,0.395946,True,4.812540102187555,0.30000000000000004
-48.862077,1059,6452.157583,False,True,False,False,False,False,0.247944650736923,0.399946,False,4.735612555158461,0.30000000000000004
-40.480339,830,6470.039154,False,True,False,False,False,False,0.397543783802823,0.402064,False,5.782806486619761,0.35000000000000003
-2.094785,989,6491.74549,True,False,False,True,True,True,0.09405794114099128,0.403724,True,3.658405587986939,0.25
-4.469791,1653,6527.391005,True,False,False,True,True,True,0.2595589654002635,0.405702,False,4.816912757801845,0.30000000000000004
-2.933527,1008,6549.100726,True,False,False,True,True,True,0.3117890596213157,0.409008,False,5.18252341734921,0.35000000000000003
-40.8713,2000,6592.20066,False,False,True,False,False,False,0.35830806649012736,0.411024,False,5.508156465430892,0.35000000000000003
-8.880354,2000,6636.849215,False,False,True,False,True,False,0.23498943926645408,0.415024,False,4.644926074865179,0.30000000000000004
-6.230443,968,6658.206918,True,False,False,True,True,True,0.2687486396710602,0.419024,False,4.881240477697421,0.30000000000000004
-12.774114,1590,6693.439386,True,False,False,True,True,True,0.2539151465251796,0.42096,False,4.777406025676257,0.30000000000000004
-8.705987,1896,6734.493841,True,False,False,True,True,True,0.30841061302606054,0.42414,False,5.158874291182423,0.35000000000000003
-8.490533,1872,6775.630871,True,False,False,True,True,True,0.27983408151899647,0.427932,True,4.958838570632976,0.30000000000000004
-14.916932,2000,6819.374956,False,False,True,False,True,False,0.35770580382218264,0.431676,False,5.503940626755279,0.35000000000000003
-3.836142,1436,6850.584018,True,False,False,True,True,True,0.2486517072246765,0.435676,False,4.740561950572736,0.30000000000000004
-9.951477,2000,6894.034466,False,False,True,False,True,False,0.37919895558327676,0.438548,False,5.654392689082937,0.35000000000000003
-3.404477,1514,6926.829338,True,False,False,True,True,True,0.39831872180699796,0.442548,True,5.788231052648985,0.35000000000000003
-18.078506,2000,6970.230018,False,False,True,False,True,False,0.3652574940240237,0.445576,False,5.556802458168166,0.35000000000000003
-64.690771,1644,7006.115886,False,True,False,False,False,False,0.3294816265736522,0.449576,True,5.306371386015565,0.35000000000000003
-12.827743,2000,7049.650178,False,False,True,False,True,False,0.33794173348015116,0.452864,True,5.365592134361059,0.35000000000000003
-3.534109,961,7070.507261,True,False,False,True,True,True,0.27170885127950695,0.456864,False,4.901961958956548,0.30000000000000004
-9.333339,2000,7113.719747,False,False,True,False,True,False,0.2867576106429226,0.458786,False,5.007303274500458,0.30000000000000004
-11.920166,2000,7156.870736,False,False,True,False,True,False,0.34687551926210164,0.462786,False,5.428128634834712,0.35000000000000003
-2.213644,580,7169.344334,True,False,False,True,True,True,0.4657558471219123,0.466786,False,6.260290929853387,0.35000000000000003
-6.135154,2000,7213.696274,False,False,True,False,True,False,0.27030365593929034,0.467946,False,4.892125591575033,0.30000000000000004
-12.10078,2000,7257.858875,False,False,True,False,True,False,0.40992242327239103,0.471946,False,5.869456962906738,0.35000000000000003
-34.158977,2000,7301.573323,False,False,True,False,False,False,0.41534768763774277,0.475946,False,5.9074338134642,0.35000000000000003
0.247339,894,7320.665765,True,False,False,True,True,True,0.30434033592811877,0.479946,False,5.130382351496832,0.35000000000000003
-50.379268,1191,7346.713065,False,True,False,False,False,False,0.389948014902093,0.481734,False,5.729636104314651,0.35000000000000003
-35.544211,2000,7390.065852,False,False,True,False,False,False,0.4243761082190234,0.484116,False,5.970632757533164,0.35000000000000003
-8.474494,2000,7433.522694,False,False,True,False,True,False,0.4262198766319101,0.488116,False,5.98353913642337,0.35000000000000003
-6.760595,2000,7477.6016,False,False,True,False,True,False,0.42793741535094687,0.492116,False,5.995561907456628,0.35000000000000003
-16.76063,1589,7511.600706,True,False,False,True,True,True,0.40680309354856026,0.496116,False,5.847621654839921,0.35000000000000003
-4.805486,2000,7556.684151,False,False,True,False,True,False,0.3770100182754686,0.499294,False,5.63907012792828,0.35000000000000003
-49.607527,1075,7580.014566,False,True,False,False,False,False,0.4209763534441134,0.503294,False,5.946834474108794,0.35000000000000003
-78.291408,1998,7623.897794,False,True,False,False,False,False,0.4812253243317959,0.505444,False,6.368577270322572,0.35000000000000003
-16.767827,2000,7667.437381,False,False,True,False,True,False,0.38715398404316836,0.50944,False,5.7100778883021786,0.35000000000000003
-54.382436,1367,7697.148032,False,True,False,False,False,False,0.4505876090759588,0.51344,False,6.154113263531712,0.35000000000000003
-11.877037,2000,7741.15693,False,False,True,False,True,False,0.3647881968845769,0.516174,False,5.553517378192039,0.35000000000000003
-4.869816,1608,7775.781251,True,False,False,True,True,True,0.47359359173171395,0.520174,False,6.315155142121997,0.35000000000000003
-10.935143,1291,7803.816635,True,False,False,True,True,True,0.3618284349291321,0.52339,True,5.532799044503925,0.35000000000000003
-9.858264,1579,7844.784003,True,False,False,True,True,True,0.5115796917069313,0.525972,False,6.581057841948518,0.4
-5.388853,2000,7888.254571,False,False,True,False,True,False,0.41268088126611796,0.52913,False,5.8887661688628254,0.35000000000000003
-9.104356,2000,7931.953452,False,False,True,False,True,False,0.009382400562092733,0.53313,True,3.0656768039346494,0.25
-22.355536,1989,7975.741887,True,False,False,True,True,True,0.4415650596849804,0.53713,False,6.090955417794863,0.35000000000000003
-9.291927,1500,8009.413859,True,False,False,True,True,True,0.37035946203190395,0.541108,True,5.592516234223328,0.35000000000000003
-11.757662,1460,8041.677294,True,False,False,True,True,True,0.5143689138461325,0.544108,False,6.600582396922927,0.4
-5.147082,2000,8084.521158,False,False,True,False,True,False,0.4102741496959521,0.547028,False,5.871919047871664,0.35000000000000003
-22.246856,2000,8128.47226,False,False,True,False,True,False,0.5486802105357962,0.551028,False,6.840761473750573,0.4
-39.685706,2000,8173.634264,False,False,True,False,False,False,0.5370408507745115,0.555028,False,6.75928595542158,0.4
1.407599,290,8179.882122,True,False,False,True,True,True,0.44366352891348726,0.559028,False,6.105644702394411,0.35000000000000003
-65.029527,1453,8211.476614,False,True,False,False,False,False,0.5238201881528752,0.559608,False,6.666741317070127,0.4
-3.285833,2000,8255.250503,False,False,True,False,True,False,0.41915457638755166,0.562514,False,5.934082034712861,0.35000000000000003
-14.81888,1601,8290.271135,True,False,False,True,True,True,0.4806671553961877,0.566514,False,6.364670087773314,0.35000000000000003
-6.363815,2000,8334.002289,False,False,True,False,True,False,0.37563227608793937,0.569716,False,5.629425932615575,0.35000000000000003
-6.165903,1323,8362.541554,True,False,False,True,True,True,0.4958443102744361,0.573716,False,6.470910171921053,0.35000000000000003
-10.720607,2000,8406.14992,False,False,True,False,True,False,0.4521650595511197,0.576362,False,6.1651554168578375,0.35000000000000003
-48.482108,1088,8430.453322,False,True,False,False,False,False,0.4914392219445321,0.580362,False,6.4400745536117245,0.35000000000000003
-44.215855,936,8451.175392,False,True,False,False,False,False,0.4578734058371468,0.582538,False,6.205113840860028,0.35000000000000003
-3.595249,2000,8495.290543,False,False,True,False,True,False,0.4209531554180325,0.58441,True,5.946672087926228,0.35000000000000003
0.360098,473,8505.45295,True,False,False,True,True,True,0.04931804330919825,0.58841,True,3.345226303164388,0.25
-6.083178,2000,8548.678751,False,False,True,False,True,False,0.5347765550152256,0.589356,False,6.74343588510658,0.4
-12.946225,1957,8590.977193,True,False,False,True,True,True,0.4592877446682612,0.593356,False,6.215014212677828,0.35000000000000003
-3.599281,971,8612.149305,True,False,False,True,True,True,0.5354576939444706,0.59727,False,6.748203857611295,0.4
-3.221954,830,8630.334739,True,False,False,True,True,True,0.5754025249926706,0.599212,False,7.027817674948695,0.4
-57.292724,1383,8661.383456,False,True,False,False,False,False,0.4286989502475076,0.600872,False,6.000892651732553,0.35000000000000003
-5.010302,1178,8687.271964,True,False,False,True,True,True,0.4223036849892754,0.603638,False,5.956125794924928,0.35000000000000003
-19.333513,1400,8717.5235,True,False,False,True,True,True,0.5068018748929166,0.605994,False,6.547613124250416,0.4
-2.869451,646,8731.385558,True,False,False,True,True,True,0.5927592934243375,0.608794,False,7.149315053970362,0.4
-51.676076,1156,8756.203912,False,True,False,False,False,False,0.5105385461289924,0.610086,False,6.573769822902946,0.4
-53.880162,1200,8782.569106,False,True,False,False,False,False,0.5463035846933645,0.612398,False,6.824125092853551,0.4
-51.275884,1182,8808.196017,False,True,False,False,False,False,0.5469477725995315,0.614798,False,6.82863440819672,0.4
-19.841717,1553,8841.539636,True,False,False,True,True,True,0.5309481530507978,0.617162,False,6.716637071355585,0.4
-11.977567,1142,8865.950824,True,False,False,True,True,True,0.5347521811966994,0.620268,True,6.743265268376897,0.4
-19.927724,1917,8907.596642,True,False,False,True,True,True,0.4535811248913223,0.622552,False,6.175067874239256,0.35000000000000003
-12.408255,1736,8945.581735,True,False,False,True,True,True,0.5065690810020316,0.626386,False,6.545983567014221,0.4
-1.78605,981,8966.921047,True,False,False,True,True,True,0.031487594914970114,0.629858,True,3.220413164404791,0.25
-1.397078,817,8984.510947,True,False,False,True,True,True,0.5965213400078491,0.63182,False,7.175649380054944,0.4
-7.637197,1571,9018.515721,True,False,False,True,True,True,0.45863693190027854,0.633454,False,6.21045852330195,0.35000000000000003
-61.318546,2000,9062.881106,False,False,True,False,False,False,0.43864316534934367,0.636596,False,6.070502157445406,0.35000000000000003
-50.161491,1120,9087.391227,False,True,False,False,False,False,0.5542418915543438,0.640596,False,6.879693240880407,0.4
-29.177278,2000,9130.625592,False,False,True,False,True,False,0.33443579701042114,0.642836,True,5.341050579072949,0.35000000000000003
-60.334701,1587,9164.800801,False,True,False,False,False,False,0.5271468627999827,0.646836,False,6.690028039599879,0.4
-49.993254,1180,9190.581857,False,True,False,False,False,False,0.5541301838761971,0.65001,False,6.87891128713338,0.4
-34.44591,2000,9234.552895,False,False,True,False,False,False,0.5158175113834859,0.65237,False,6.610722579684401,0.4
-21.380808,2000,9277.88473,False,False,True,False,False,False,0.5208782492874167,0.65637,False,6.646147745011916,0.4
-19.157783,2000,9321.778478,False,False,True,False,False,False,0.5497861353759256,0.66037,False,6.848502947631479,0.4
-54.746696,1461,9355.144206,False,True,False,False,False,False,0.5347317313482257,0.66437,False,6.74312211943758,0.4
-9.408583,2000,9399.421435,False,False,True,False,True,False,0.54023864170533,0.667292,False,6.7816704919373105,0.4
-14.496233,2000,9442.652292,False,False,True,False,True,False,0.0004879083971041245,0.671292,True,3.0034153587797285,0.25
-12.649778,2000,9486.551391,False,False,True,False,True,False,0.5857328624955569,0.675292,False,7.100130037468898,0.4
-43.518428,831,9504.624879,False,True,False,False,False,False,0.5683340962396327,0.679292,False,6.978338673677429,0.4
-61.805391,1472,9537.022716,False,True,False,False,False,False,0.6633929008613734,0.680954,False,7.643750306029614,0.4
-66.579385,1954,9579.654683,False,True,False,False,False,False,0.5783994739337219,0.683898,False,7.048796317536053,0.4
-50.17734,1199,9606.198828,False,True,False,False,False,False,0.6044877763553013,0.687806,True,7.2314144344871085,0.4
-31.806953,453,9615.983948,False,True,False,False,False,False,0.6074324463186276,0.690204,False,7.252027124230393,0.4
-46.430212,2000,9660.162232,False,False,True,False,False,False,0.5985682759884396,0.69111,False,7.189977931919077,0.4
-52.894497,1251,9687.464399,False,True,False,False,False,False,0.624032903471192,0.69511,False,7.368230324298343,0.4
-41.423148,842,9706.036158,False,True,False,False,False,False,0.6215808187212031,0.697612,False,7.351065731048422,0.4
-57.129546,1717,9743.616248,False,True,False,False,False,False,0.15944438852405216,0.699296,True,4.116110719668365,0.30000000000000004
-51.281711,964,9764.417684,False,True,False,False,False,False,0.6441971313008725,0.70273,False,7.509379919106108,0.4
-37.068016,2000,9808.121931,False,False,True,False,False,False,0.6288144355322351,0.704658,False,7.401701048725647,0.4
-56.516813,2000,9852.210499,False,False,True,False,False,False,0.6328594239482253,0.708658,False,7.430015967637576,0.4
-51.464151,2000,9896.030797,False,False,True,False,False,False,0.4249190425063404,0.712658,True,5.974433297544382,0.35000000000000003
-18.610043,2000,9940.778993,False,False,True,False,True,False,0.6488993506734424,0.716658,False,7.542295454714097,0.4
-51.296809,1146,9966.463977,False,True,False,False,False,False,0.5778838622782695,0.720658,False,7.045187035947887,0.4
-55.904638,1266,9994.208635,False,True,False,False,False,False,0.5618543518737165,0.72295,False,6.932980463116015,0.4
-54.779998,1431,10025.858828,False,True,False,False,False,False,0.08389896131182889,0.725482,True,3.5872927291828023,0.25
-66.924923,1590,10061.488292,False,True,False,False,False,False,0.5812747552477985,0.728344,True,7.06892328673459,0.4
-59.058155,1684,10098.391676,False,True,False,False,False,False,0.6591335917383467,0.731524,False,7.613935142168428,0.4
-54.131707,1377,10128.24377,False,True,False,False,False,False,0.6459861642460885,0.734892,False,7.521903149722619,0.4
-56.808386,1276,10156.050359,False,True,False,False,False,False,0.6675133443824905,0.737646,False,7.672593410677434,0.4
-51.596965,1670,10192.035192,False,True,False,False,False,False,0.5983587865952508,0.740198,False,7.188511506166756,0.4
-53.696088,1258,10220.231196,False,True,False,False,False,False,0.6307065241887468,0.743538,False,7.414945669321227,0.4
-63.96783,2000,10265.103117,False,False,True,False,False,False,0.14160079382871027,0.746054,True,3.991205556800972,0.30000000000000004
-40.791314,2000,10309.99132,False,False,True,False,False,False,0.04934185951227017,0.750054,True,3.3453930165858914,0.25
-37.358255,700,10331.658046,False,True,False,False,False,False,0.7526185147203814,0.754054,False,8.26832960304267,0.45
-40.189305,607,10345.223626,False,True,False,False,False,False,0.7337743852612897,0.755454,False,8.136420696829028,0.45
-63.426236,1606,10380.271426,False,True,False,False,False,False,0.6878619316649672,0.756668,False,7.815033521654771,0.4
-42.864969,895,10399.994088,False,True,False,False,False,False,0.6626266047921558,0.75988,True,7.638386233545091,0.4
-56.750453,1354,10429.897372,False,True,False,False,False,False,0.6221837547123552,0.76167,False,7.355286282986487,0.4
-50.018861,1054,10452.881975,False,True,False,False,False,False,0.6134766331544101,0.764378,False,7.294336432080871,0.4
-32.894051,475,10463.282598,False,True,False,False,False,False,0.6249825173714356,0.766486,False,7.374877621600049,0.4
-47.141949,1038,10486.628784,False,True,False,False,False,False,0.5831312019899145,0.767436,True,7.081918413929401,0.4
-36.052327,614,10499.990671,False,True,False,False,False,False,0.7274236646125897,0.769512,False,8.091965652288128,0.45
-36.778068,589,10512.546494,False,True,False,False,False,False,0.5931666943544339,0.77074,False,7.152166860481038,0.4
-30.243992,405,10521.182966,False,True,False,False,False,False,0.6694736735552562,0.771918,False,7.686315714886793,0.4
-37.47569,679,10535.81157,False,True,False,False,False,False,0.7614628763011859,0.772728,False,8.330240134108301,0.45
-37.982649,710,10551.601894,False,True,False,False,False,False,0.7206234478252679,0.774086,False,8.044364134776876,0.45
-49.324068,1027,10573.901401,False,True,False,False,False,False,0.7442112535030203,0.775506,True,8.209478774521141,0.45
-63.23786,2000,10617.470197,False,False,True,False,False,False,0.690461269299924,0.77756,False,7.8332288850994685,0.4
-48.60523,2000,10661.309198,False,False,True,False,False,False,0.63681888979726,0.78156,False,7.457732228580819,0.4
-46.340772,975,10682.532058,False,True,False,False,False,False,0.6741725168033857,0.78556,False,7.719207617623701,0.4
-71.513843,1726,10719.866408,False,True,False,False,False,False,0.7858827917869633,0.78751,False,8.501179542508742,0.45
-44.89967,896,10739.506648,False,True,False,False,False,False,0.5206130264913043,0.790962,True,6.64429118543913,0.4
-44.346539,881,10758.697387,False,True,False,False,False,False,0.6889741803952277,0.792754,False,7.822819262766594,0.4
-47.117014,923,10778.728169,False,True,False,False,False,False,0.5747291228687942,0.794516,True,7.02310386008156,0.4
-63.568518,1796,10817.995538,False,True,False,False,False,False,0.7585916647910342,0.796362,False,8.31014165353724,0.45
-53.178233,1174,10844.256633,False,True,False,False,False,False,0.68936202770614,0.799954,False,7.82553419394298,0.4
-45.687552,947,10865.071883,False,True,False,False,False,False,0.6770134510052214,0.802302,False,7.73909415703655,0.4
-43.43506,877,10884.015189,False,True,False,False,False,False,0.6912035928260926,0.804196,False,7.838425149782648,0.4
-43.937878,832,10902.427311,False,True,False,False,False,False,0.6530822777272713,0.80595,False,7.571575944090899,0.4
-51.783582,2000,10946.173995,False,False,True,False,False,False,0.7548151916574466,0.807614,False,8.283706341602127,0.45
-41.38511,871,10965.238238,False,True,False,False,False,False,0.8085001794646949,0.811614,False,8.659501256252865,0.45
-64.173363,1600,11000.35678,False,True,False,False,False,False,0.13633378709223934,0.813356,True,3.9543365096456755,0.30000000000000004
-68.060266,1407,11031.214706,False,True,False,False,False,False,0.6933967029402056,0.816556,False,7.853776920581439,0.4
-54.95785,1332,11060.349759,False,True,False,False,False,False,0.8178464741135598,0.81937,False,8.72492531879492,0.45
-39.838158,783,11076.899572,False,True,False,False,False,False,0.7898083126210956,0.822034,False,8.52865818834767,0.45
-56.58647,1167,11102.210637,False,True,False,False,False,False,0.7762299428994038,0.8236,False,8.433609600295826,0.45
-66.242932,1600,11138.386728,False,True,False,False,False,False,0.32535039005437427,0.825934,True,5.27745273038062,0.35000000000000003
-52.057627,1249,11166.165476,False,True,False,False,False,False,0.745234179434986,0.829134,False,8.216639256044902,0.45
-55.377695,1286,11194.243077,False,True,False,False,False,False,0.709905944350064,0.831632,False,7.969341610450448,0.45
-45.399812,987,11215.739176,False,True,False,False,False,False,0.7585543585659495,0.834204,False,8.309880509961648,0.45
-53.096263,1055,11238.176621,False,True,False,False,False,False,0.8134141034358101,0.836178,False,8.69389872405067,0.45
-62.105521,1719,11276.490606,False,True,False,False,False,False,0.4516461512799102,0.838288,True,6.1615230589593715,0.35000000000000003
-40.901635,702,11291.777813,False,True,False,False,False,False,0.7724784769618334,0.841726,False,8.407349338732834,0.45
-34.291622,556,11303.827125,False,True,False,False,False,False,0.645362543377962,0.84313,False,7.517537803645733,0.4
-51.66857,2000,11347.283856,False,False,True,False,False,False,0.34854206993179654,0.844242,True,5.439794489522576,0.35000000000000003
-54.824841,1251,11374.661452,False,True,False,False,False,False,0.6634496278359725,0.848242,False,7.6441473948518075,0.4
-69.532153,1620,11410.23954,False,True,False,False,False,False,0.681592457261636,0.850744,False,7.771147200831452,0.4
-41.38489,851,11428.769769,False,True,False,False,False,False,0.7741248626772104,0.853984,False,8.418874038740473,0.45
-40.795734,782,11445.848343,False,True,False,False,False,False,0.6788639715988404,0.855686,False,7.752047801191883,0.4
-39.497476,808,11463.335344,False,True,False,False,False,False,0.7101736740006104,0.85725,True,7.971215718004272,0.45
-37.196278,629,11477.030783,False,True,False,False,False,False,0.7188666723110744,0.858866,True,8.03206670617752,0.45
-52.996178,1254,11504.979149,False,True,False,False,False,False,0.7342328156791815,0.860124,False,8.13962970975427,0.45
-46.95944,945,11526.161947,False,True,False,False,False,False,0.7746827903823993,0.862632,False,8.422779532676795,0.45
-39.300335,715,11541.906467,False,True,False,False,False,False,0.8060216511837723,0.864522,False,8.642151558286406,0.45
-38.300852,644,11555.976054,False,True,False,False,False,False,0.8440704683674985,0.865952,False,8.90849327857249,0.45
-40.460106,828,11574.173506,False,True,False,False,False,False,0.6790586072428276,0.86724,False,7.753410250699793,0.4
-35.358406,593,11588.690271,False,True,False,False,False,False,0.7501998658333336,0.868896,True,8.251399060833336,0.45
-56.883285,1368,11618.655602,False,True,False,False,False,False,0.8466290326643763,0.870082,False,8.926403228650635,0.45
-53.584394,2000,11662.337064,False,False,True,False,False,False,0.48442324262400505,0.872818,True,6.390962698368035,0.35000000000000003
-68.265981,1760,11701.138802,False,True,False,False,False,False,0.7944924584108733,0.876818,False,8.561447208876114,0.45
-50.121116,1113,11725.526427,False,True,False,False,False,False,0.6846069355876951,0.880338,False,7.792248549113865,0.4
-43.285198,876,11745.62128,False,True,False,False,False,False,0.7266167298959674,0.882564,False,8.086317109271771,0.45
-50.611206,1277,11773.711203,False,True,False,False,False,False,0.7318957924236132,0.884316,False,8.123270546965292,0.45
-67.062389,1604,11809.263878,False,True,False,False,False,False,0.780195339129734,0.88687,False,8.46136737390814,0.45
-37.331971,587,11822.113726,False,True,False,False,False,False,0.7147595962726587,0.890078,False,8.003317173908611,0.45
-49.852856,1173,11847.484067,False,True,False,False,False,False,0.17115942603961035,0.891252,True,4.1981159822772725,0.30000000000000004
-40.237007,703,11863.312436,False,True,False,False,False,False,0.8735856220209677,0.893598,False,9.115099354146773,0.45
-44.703051,954,11884.064167,False,True,False,False,False,False,0.8185953511563894,0.895004,False,8.730167458094725,0.45
-59.026507,1465,11916.57255,False,True,False,False,False,False,0.8478847219911348,0.896912,False,8.935193053937944,0.45
-59.21478,1385,11946.935941,False,True,False,False,False,False,0.7406793874852159,0.899842,False,8.18475571239651,0.45
-58.602856,1367,11976.675898,False,True,False,False,False,False,0.7823427000609049,0.902612,False,8.476398900426334,0.45
-63.446629,1696,12013.5915,False,True,False,False,False,False,0.34668058881184044,0.905346,True,5.426764121682883,0.35000000000000003
-51.952469,1151,12039.736101,False,True,False,False,False,False,0.8287841183700405,0.908738,False,8.801488828590283,0.45
-35.111205,602,12052.898659,False,True,False,False,False,False,0.8507957694092061,0.91104,False,8.955570385864442,0.45
-59.966309,1546,12086.447506,False,True,False,False,False,False,0.2545399778251704,0.912244,True,4.781779844776192,0.30000000000000004
-67.213194,2000,12130.20478,False,False,True,False,False,False,0.7483502075059648,0.915336,False,8.238451452541753,0.45
-52.156765,2000,12173.819717,False,False,True,False,False,False,0.8784416082842723,0.919336,False,9.149091257989905,0.45
-45.433498,2000,12217.619883,False,False,True,False,False,False,0.23097314146041792,0.923336,True,4.616811990222926,0.30000000000000004
-40.322469,713,12239.413413,False,True,False,False,False,False,0.9265558103164602,0.927336,False,9.48589067221522,0.5
-64.807807,1634,12274.776911,False,True,False,False,False,False,0.817158085746327,0.928762,False,8.720106600224288,0.45
-60.842387,1674,12311.208278,False,True,False,False,False,False,0.781767691300949,0.93203,False,8.472373839106643,0.45
-58.299321,1214,12338.117405,False,True,False,False,False,False,0.8845772264340821,0.935378,False,9.192040585038574,0.45
-49.819971,904,12357.892589,False,True,False,False,False,False,0.8793033605978066,0.937806,False,9.155123524184646,0.45
-42.313938,761,12374.296858,False,True,False,False,False,False,0.7977393655598004,0.939614,False,8.584175558918602,0.45
-67.916423,1676,12410.825988,False,True,False,False,False,False,0.8497163965707203,0.941136,False,8.948014775995043,0.45
-36.216496,644,12424.562755,False,True,False,False,False,False,0.9103463264921473,0.944488,False,9.372424285445032,0.5
-58.184076,1353,12454.137279,False,True,False,False,False,False,0.9233451140070028,0.945776,False,9.463415798049018,0.5
-47.792206,1011,12476.492196,False,True,False,False,False,False,0.20145379978505684,0.948482,True,4.410176598495397,0.30000000000000004
-47.225883,967,12497.294099,False,True,False,False,False,False,0.7808699885505826,0.950504,False,8.46608991985408,0.45
-52.132157,1170,12523.091475,False,True,False,False,False,False,0.9515819624991178,0.952438,True,9.661073737493824,0.5
-55.227229,2000,12566.689075,False,False,True,False,False,False,0.7761896453547411,0.954778,False,8.433327517483187,0.45
-54.109157,1064,12589.873527,False,True,False,False,False,False,0.6859852557192986,0.958778,True,7.80189679003509,0.4
-31.596582,439,12599.423342,False,True,False,False,False,False,0.8311619456674064,0.960906,False,8.818133619671844,0.45
-59.259204,1369,12629.267409,False,True,False,False,False,False,0.9330255872955617,0.961784,False,9.531179111068933,0.5
-63.426144,2000,12674.115803,False,False,True,False,False,False,0.5005625311527279,0.964522,True,6.503937718069095,0.4
-48.268063,1052,12696.844525,False,True,False,False,False,False,0.7951001603191826,0.968522,False,8.565701122234278,0.45
-49.55302,956,12717.691739,False,True,False,False,False,False,0.9218242874054221,0.970626,False,9.452770011837956,0.5
-32.500933,488,12728.153914,False,True,False,False,False,False,0.8051856169016236,0.972538,False,8.636299318311366,0.45
-40.214772,785,12745.398017,False,True,False,False,False,False,0.7100663059307253,0.973514,True,7.970464141515078,0.45
-37.650594,648,12759.19787,False,True,False,False,False,False,0.7772634884609443,0.975084,False,8.44084441922661,0.45
-60.342068,1695,12796.757356,False,True,False,False,False,False,0.8821839150204775,0.97638,False,9.175287405143344,0.45
-43.126906,775,12813.293583,False,True,False,False,False,False,0.5886762418820214,0.97977,True,7.1207336931741505,0.4
-50.616616,1071,12836.510381,False,True,False,False,False,False,0.9639115158360765,0.98132,False,9.747380610852534,0.5
-60.945637,1398,12867.015206,False,True,False,False,False,False,0.9072421201133403,0.983462,False,9.35069484079338,0.5
-60.458227,1519,12899.799538,False,True,False,False,False,False,0.9179502430101998,0.986258,False,9.425651701071398,0.5
-59.613716,1550,12934.465277,False,True,False,False,False,False,0.9267925416294936,0.989296,False,9.487547791406456,0.5
-48.254667,947,12954.904311,False,True,False,False,False,False,0.9263659823762511,0.992396,False,9.484561876633759,0.5
-49.685516,1164,12980.143283,False,True,False,False,False,False,0.9521233194728347,0.99429,False,9.664863236309841,0.5
-40.372622,744,12997.686125,False,True,False,False,False,False,0.938194064903293,0.996618,False,9.56735845432305,0.5
-58.346884,1539,13031.271223,False,True,False,False,False,False,0.8250371096994568,0.998106,False,8.775259767896198,0.45
-49.061593,997,13053.378162,False,True,False,False,False,False,1.0,1.0,False,10.0,0.5
-41.730421,734,13068.9273,False,True,False,False,False,False,1.0,1.0,False,10.0,0.5
-59.420767,2000,13112.919639,False,False,True,False,False,False,1.0,1.0,False,10.0,0.5
-49.134661,2000,13156.347657,False,False,True,False,False,False,1.0,1.0,False,10.0,0.5
-47.617631,936,13176.942008,False,True,False,False,False,False,1.0,1.0,False,10.0,0.5
-40.076187,795,13194.027828,False,True,False,False,False,False,0.8604113170083879,1.0,True,9.022879219058716,0.45
-49.872126,1055,13217.026784,False,True,False,False,False,False,1.0,1.0,False,10.0,0.5
-34.67538,553,13228.779126,False,True,False,False,False,False,1.0,1.0,False,10.0,0.5
-55.985479,1261,13255.977602,False,True,False,False,False,False,0.9997578137034343,1.0,True,9.998304695924041,0.5
-50.021059,1086,13279.601618,False,True,False,False,False,False,1.0,1.0,False,10.0,0.5
-40.81682,762,13296.386571,False,True,False,False,False,False,1.0,1.0,False,10.0,0.5
-34.819833,574,13309.362824,False,True,False,False,False,False,0.8673200488474717,1.0,True,9.0712403419323,0.45
-56.220534,1417,13340.501688,False,True,False,False,False,False,0.9583267989607437,1.0,True,9.708287592725206,0.5
-39.358553,751,13356.721199,False,True,False,False,False,False,1.0,1.0,False,10.0,0.5
-37.651763,681,13371.669171,False,True,False,False,False,False,1.0,1.0,False,10.0,0.5
-58.281947,1606,13407.096538,False,True,False,False,False,False,0.85403754695063,1.0,True,8.978262828654412,0.45
-44.899713,984,13428.509822,False,True,False,False,False,False,0.8765716185515631,1.0,True,9.136001329860942,0.45
-63.891817,1512,13461.268047,False,True,False,False,False,False,1.0,1.0,False,10.0,0.5
-44.123912,2000,13504.852511,False,False,True,False,False,False,1.0,1.0,False,10.0,0.5
-33.187586,489,13515.695898,False,True,False,False,False,False,0.9697982522915851,1.0,True,9.788587766041095,0.5
-43.100024,887,13535.471759,False,True,False,False,False,False,1.0,1.0,False,10.0,0.5
-62.647954,1885,13577.36949,False,True,False,False,False,False,0.9167379776754271,1.0,True,9.41716584372799,0.5
-49.856641,1012,13599.421588,False,True,False,False,False,False,0.8691307313329226,1.0,True,9.083915119330458,0.45
-54.900642,1296,13627.67811,False,True,False,False,False,False,1.0,1.0,False,10.0,0.5
-57.597687,2000,13671.238883,False,False,True,False,False,False,0.8282883200495654,1.0,True,8.798018240346957,0.45
-60.172369,1427,13703.163009,False,True,False,False,False,False,0.8135331065161266,1.0,True,8.694731745612888,0.45
-42.191456,843,13721.332211,False,True,False,False,False,False,1.0,1.0,False,10.0,0.5
-60.06034,1583,13756.141517,False,True,False,False,False,False,1.0,1.0,False,10.0,0.5
-41.148446,664,13770.392267,False,True,False,False,False,False,1.0,1.0,False,10.0,0.5
-72.20219,1672,13807.408848,False,True,False,False,False,False,1.0,1.0,False,10.0,0.5
-44.63549,906,13827.191675,False,True,False,False,False,False,1.0,1.0,False,10.0,0.5
-40.086454,2000,13871.70809,False,False,True,False,False,False,1.0,1.0,False,10.0,0.5
-50.60257,1048,13894.73134,False,True,False,False,False,False,1.0,1.0,False,10.0,0.5
-35.50351,616,13908.28635,False,True,False,False,False,False,1.0,1.0,False,10.0,0.5
-49.357642,2000,13951.22884,False,False,True,False,False,False,1.0,1.0,False,10.0,0.5
-45.429017,961,13972.132549,False,True,False,False,False,False,0.910270236688124,1.0,True,9.371891656816869,0.5
-50.519852,1221,13999.249883,False,True,False,False,False,False,1.0,1.0,False,10.0,0.5
-36.984551,694,14014.492998,False,True,False,False,False,False,1.0,1.0,False,10.0,0.5
-47.086187,927,14034.515806,False,True,False,False,False,False,1.0,1.0,False,10.0,0.5
-45.341226,942,14054.893777,False,True,False,False,False,False,1.0,1.0,False,10.0,0.5
-48.907511,1214,14080.773406,False,True,False,False,False,False,1.0,1.0,False,10.0,0.5
-32.689439,533,14092.286924,False,True,False,False,False,False,1.0,1.0,False,10.0,0.5
-47.418876,1112,14116.393528,False,True,False,False,False,False,1.0,1.0,False,10.0,0.5
-42.050843,921,14136.766549,False,True,False,False,False,False,1.0,1.0,False,10.0,0.5
-43.67809,922,14157.092185,False,True,False,False,False,False,1.0,1.0,False,10.0,0.5
-60.625355,2000,14201.700536,False,False,True,False,False,False,0.8290613674915648,1.0,True,8.803429572440953,0.45
-39.904366,715,14217.221726,False,True,False,False,False,False,1.0,1.0,False,10.0,0.5
-52.029081,1157,14242.607182,False,True,False,False,False,False,0.9248459851212785,1.0,True,9.47392189584895,0.5
-43.612145,964,14263.706927,False,True,False,False,False,False,0.962635123989329,1.0,True,9.738445867925304,0.5
-43.002123,921,14284.70454,False,True,False,False,False,False,1.0,1.0,False,10.0,0.5
-68.787265,1934,14342.932913,False,True,False,False,False,False,1.0,1.0,False,10.0,0.5
-53.339327,1287,14371.101217,False,True,False,False,False,False,1.0,1.0,False,10.0,0.5
-73.719553,1926,14413.329602,False,True,False,False,False,False,0.8579259580314061,1.0,True,9.005481706219843,0.45
-51.169055,1113,14437.894174,False,True,False,False,False,False,1.0,1.0,False,10.0,0.5
-45.631957,944,14459.145613,False,True,False,False,False,False,0.8388979110192409,1.0,True,8.872285377134686,0.45
-45.222327,876,14478.264498,False,True,False,False,False,False,1.0,1.0,False,10.0,0.5
-69.82405,1792,14518.179533,False,True,False,False,False,False,0.8868972957840083,1.0,True,9.20828107048806,0.45
-55.842183,1327,14546.976399,False,True,False,False,False,False,1.0,1.0,False,10.0,0.5
-48.094363,2000,14590.568478,False,False,True,False,False,False,0.8736798139366548,1.0,True,9.115758697556585,0.45
-49.132827,1183,14616.759028,False,True,False,False,False,False,1.0,1.0,False,10.0,0.5
-43.984473,849,14635.060592,False,True,False,False,False,False,0.9480956438571708,1.0,True,9.636669507000196,0.5
-45.055254,948,14655.67617,False,True,False,False,False,False,1.0,1.0,False,10.0,0.5
-52.869789,1169,14681.09538,False,True,False,False,False,False,1.0,1.0,False,10.0,0.5
-61.058829,1695,14718.148707,False,True,False,False,False,False,1.0,1.0,False,10.0,0.5
-47.964974,1022,14741.111815,False,True,False,False,False,False,0.9873226506236248,1.0,True,9.911258554365373,0.5
-38.808887,666,14755.675799,False,True,False,False,False,False,1.0,1.0,False,10.0,0.5
-55.540672,1241,14783.396693,False,True,False,False,False,False,1.0,1.0,False,10.0,0.5
-47.429545,2000,14827.620889,False,False,True,False,False,False,1.0,1.0,False,10.0,0.5
-35.475205,599,14840.835691,False,True,False,False,False,False,1.0,1.0,False,10.0,0.5
-78.652441,1922,14882.437752,False,True,False,False,False,False,0.9120056670408359,1.0,True,9.384039669285851,0.5
-43.176301,845,14900.635756,False,True,False,False,False,False,1.0,1.0,False,10.0,0.5
-68.771668,1553,14934.523154,False,True,False,False,False,False,0.8289763369897472,1.0,True,8.80283435892823,0.45
-30.852246,478,14945.177865,False,True,False,False,False,False,1.0,1.0,False,10.0,0.5
-57.015393,1378,14975.279134,False,True,False,False,False,False,1.0,1.0,False,10.0,0.5
-37.03681,643,14989.281694,False,True,False,False,False,False,1.0,1.0,False,10.0,0.5
-51.088605,1104,15013.808248,False,True,False,False,False,False,0.9833196258933061,1.0,True,9.883237381253142,0.5
-47.042468,2000,15057.356253,False,False,True,False,False,False,1.0,1.0,False,10.0,0.5
-36.54481,629,15071.081733,False,True,False,False,False,False,0.839043196630747,1.0,True,8.87330237641523,0.45
-52.773802,1216,15098.140193,False,True,False,False,False,False,0.986439218479031,1.0,True,9.905074529353216,0.5
-48.827113,1148,15123.26833,False,True,False,False,False,False,1.0,1.0,False,10.0,0.5
-41.546789,733,15139.95781,False,True,False,False,False,False,1.0,1.0,False,10.0,0.5
-47.40795,2000,15183.881165,False,False,True,False,False,False,1.0,1.0,False,10.0,0.5
-69.599082,1947,15226.980002,False,True,False,False,False,False,1.0,1.0,False,10.0,0.5
-62.932369,1481,15259.252668,False,True,False,False,False,False,1.0,1.0,False,10.0,0.5
-38.536529,771,15275.881139,False,True,False,False,False,False,0.8786666730719428,1.0,True,9.1506667115036,0.45
-49.417211,1028,15298.173987,False,True,False,False,False,False,1.0,1.0,False,10.0,0.5
-63.707936,1677,15336.208827,False,True,False,False,False,False,1.0,1.0,False,10.0,0.5
-47.981064,2000,15380.679657,False,False,True,False,False,False,0.9288899713092489,1.0,True,9.502229799164741,0.5
-46.036606,2000,15424.121239,False,False,True,False,False,False,1.0,1.0,False,10.0,0.5
-70.961417,1639,15459.804418,False,True,False,False,False,False,1.0,1.0,False,10.0,0.5
-42.179827,869,15478.891288,False,True,False,False,False,False,1.0,1.0,False,10.0,0.5
-49.700934,1104,15503.021141,False,True,False,False,False,False,1.0,1.0,False,10.0,0.5
-47.510112,1031,15525.705527,False,True,False,False,False,False,0.9497423857979489,1.0,True,9.648196700585643,0.5
-54.056299,1350,15555.36652,False,True,False,False,False,False,1.0,1.0,False,10.0,0.5
-35.14521,585,15568.179448,False,True,False,False,False,False,1.0,1.0,False,10.0,0.5
-63.869436,1720,15605.905482,False,True,False,False,False,False,1.0,1.0,False,10.0,0.5
-54.942136,1348,15636.653906,False,True,False,False,False,False,0.9376403945518558,1.0,True,9.563482761862991,0.5
-52.560321,1182,15662.657974,False,True,False,False,False,False,1.0,1.0,False,10.0,0.5
-45.740763,2000,15706.402634,False,False,True,False,False,False,0.8768696867054298,1.0,True,9.138087806938008,0.45
-58.842124,2000,15751.109292,False,False,True,False,False,False,1.0,1.0,False,10.0,0.5
-63.142754,1878,15792.483754,False,True,False,False,False,False,1.0,1.0,False,10.0,0.5
-73.459133,1948,15834.876187,False,True,False,False,False,False,1.0,1.0,False,10.0,0.5
-44.898438,1004,15856.640546,False,True,False,False,False,False,1.0,1.0,False,10.0,0.5
-58.898657,1326,15885.479307,False,True,False,False,False,False,1.0,1.0,False,10.0,0.5
-48.742689,1055,15908.747787,False,True,False,False,False,False,1.0,1.0,False,10.0,0.5
-52.021661,1291,15936.397832,False,True,False,False,False,False,1.0,1.0,False,10.0,0.5
-46.061136,1053,15959.254393,False,True,False,False,False,False,1.0,1.0,False,10.0,0.5
-44.28037,2000,16002.829888,False,False,True,False,False,False,1.0,1.0,False,10.0,0.5
-34.32264,581,16015.279057,False,True,False,False,False,False,0.9406944633001708,1.0,True,9.584861243101194,0.5
-39.014236,2000,16058.711469,False,False,True,False,False,False,1.0,1.0,False,10.0,0.5
-54.399467,1233,16085.562823,False,True,False,False,False,False,1.0,1.0,False,10.0,0.5
-63.695741,1683,16122.721576,False,True,False,False,False,False,0.9854928256590281,1.0,True,9.898449779613196,0.5
-35.653362,2000,16166.847456,False,False,True,False,False,False,1.0,1.0,False,10.0,0.5
-45.853419,2000,16210.595301,False,False,True,False,False,False,1.0,1.0,False,10.0,0.5
-40.641909,754,16227.102459,False,True,False,False,False,False,0.9182038574780022,1.0,True,9.427427002346015,0.5
-55.273954,1496,16260.655396,False,True,False,False,False,False,1.0,1.0,False,10.0,0.5
-45.652248,2000,16304.995665,False,False,True,False,False,False,1.0,1.0,False,10.0,0.5
-45.734004,2000,16348.482965,False,False,True,False,False,False,1.0,1.0,False,10.0,0.5
-38.014726,2000,16392.167757,False,False,True,False,False,False,0.9989939223346385,1.0,True,9.99295745634247,0.5
-64.36421,2000,16436.084106,False,False,True,False,False,False,1.0,1.0,False,10.0,0.5
-31.652423,2000,16480.215359,False,False,True,False,False,False,1.0,1.0,False,10.0,0.5
-54.875421,1367,16510.268763,False,True,False,False,False,False,1.0,1.0,False,10.0,0.5
-44.702955,899,16530.691125,False,True,False,False,False,False,1.0,1.0,False,10.0,0.5
-45.189468,2000,16575.437646,False,False,True,False,False,False,1.0,1.0,False,10.0,0.5
-58.661065,1440,16607.300837,False,True,False,False,False,False,0.8703484496243631,1.0,True,9.092439147370541,0.45
-57.113429,1373,16637.346353,False,True,False,False,False,False,0.8879900242893434,1.0,True,9.215930170025404,0.45
-52.54009,2000,16681.113301,False,False,True,False,False,False,0.8398674269488201,1.0,True,8.87907198864174,0.45
-44.011197,2000,16724.636663,False,False,True,False,False,False,1.0,1.0,False,10.0,0.5
-48.07329,933,16745.200969,False,True,False,False,False,False,1.0,1.0,False,10.0,0.5
-38.951072,2000,16789.101991,False,False,True,False,False,False,0.8790031809985681,1.0,True,9.153022266989977,0.45
-55.959526,1287,16816.980785,False,True,False,False,False,False,0.8259166172625293,1.0,True,8.781416320837705,0.45
-53.866518,1294,16845.556144,False,True,False,False,False,False,1.0,1.0,False,10.0,0.5
-57.457968,2000,16889.025537,False,False,True,False,False,False,0.8395133424693993,1.0,True,8.876593397285795,0.45
-51.759675,2000,16933.164345,False,False,True,False,False,False,1.0,1.0,False,10.0,0.5
-62.156395,1439,16964.823501,False,True,False,False,False,False,1.0,1.0,False,10.0,0.5
-42.440556,2000,17009.367887,False,False,True,False,False,False,0.8031165968848973,1.0,True,8.621816178194281,0.45
-52.932571,2000,17053.190333,False,False,True,False,False,False,1.0,1.0,False,10.0,0.5
-53.419412,1241,17080.378241,False,True,False,False,False,False,0.9230316458142214,1.0,True,9.46122152069955,0.5
-44.985972,961,17101.312016,False,True,False,False,False,False,1.0,1.0,False,10.0,0.5
-53.662971,2000,17145.746663,False,False,True,False,False,False,0.8404137053167102,1.0,True,8.88289593721697,0.45
-51.757868,1087,17169.760835,False,True,False,False,False,False,0.9639092962999506,1.0,True,9.747365074099655,0.5
-44.569737,978,17191.158819,False,True,False,False,False,False,1.0,1.0,False,10.0,0.5
-66.660509,1685,17228.133935,False,True,False,False,False,False,1.0,1.0,False,10.0,0.5
-59.472608,1448,17259.422026,False,True,False,False,False,False,1.0,1.0,False,10.0,0.5
-49.212505,1011,17281.213348,False,True,False,False,False,False,0.9459205069591292,1.0,True,9.621443548713904,0.5
-50.211481,1065,17304.439649,False,True,False,False,False,False,0.9364772611097159,1.0,True,9.555340827768012,0.5
-60.516,1527,17338.522458,False,True,False,False,False,False,1.0,1.0,False,10.0,0.5
-68.354127,1971,17382.100453,False,True,False,False,False,False,1.0,1.0,False,10.0,0.5
-61.124359,1614,17417.527103,False,True,False,False,False,False,1.0,1.0,False,10.0,0.5
-46.857764,2000,17462.776078,False,False,True,False,False,False,1.0,1.0,False,10.0,0.5
-43.078796,796,17480.639561,False,True,False,False,False,False,1.0,1.0,False,10.0,0.5
-50.049434,1126,17505.708332,False,True,False,False,False,False,1.0,1.0,False,10.0,0.5
-56.716086,1438,17536.957999,False,True,False,False,False,False,1.0,1.0,False,10.0,0.5
-53.96388,2000,17580.452172,False,False,True,False,False,False,1.0,1.0,False,10.0,0.5
-60.268889,1531,17613.981317,False,True,False,False,False,False,1.0,1.0,False,10.0,0.5
-58.780073,1492,17646.428883,False,True,False,False,False,False,1.0,1.0,False,10.0,0.5
-60.375704,1458,17678.195718,False,True,False,False,False,False,1.0,1.0,False,10.0,0.5
-52.608776,1202,17704.221802,False,True,False,False,False,False,1.0,1.0,False,10.0,0.5
-45.338225,967,17725.294917,False,True,False,False,False,False,1.0,1.0,False,10.0,0.5
-48.074673,1030,17748.016891,False,True,False,False,False,False,1.0,1.0,False,10.0,0.5
-40.947728,840,17766.105724,False,True,False,False,False,False,1.0,1.0,False,10.0,0.5
-38.114147,662,17780.400805,False,True,False,False,False,False,1.0,1.0,False,10.0,0.5
-69.410879,1854,17821.405145,False,True,False,False,False,False,1.0,1.0,False,10.0,0.5
-58.308132,1515,17854.203437,False,True,False,False,False,False,1.0,1.0,False,10.0,0.5
-49.630038,1088,17878.257685,False,True,False,False,False,False,1.0,1.0,False,10.0,0.5
-53.808993,2000,17921.828106,False,False,True,False,False,False,1.0,1.0,False,10.0,0.5
-47.845906,2000,17965.667349,False,False,True,False,False,False,1.0,1.0,False,10.0,0.5
-55.063402,1122,17990.463771,False,True,False,False,False,False,1.0,1.0,False,10.0,0.5
-55.112393,2000,18034.819541,False,False,True,False,False,False,1.0,1.0,False,10.0,0.5
-47.401972,1049,18057.989696,False,True,False,False,False,False,1.0,1.0,False,10.0,0.5
-38.200877,2000,18101.870254,False,False,True,False,False,False,1.0,1.0,False,10.0,0.5
-52.252039,1215,18128.585848,False,True,False,False,False,False,1.0,1.0,False,10.0,0.5
-40.954684,817,18146.353502,False,True,False,False,False,False,1.0,1.0,False,10.0,0.5
-64.611119,1672,18182.699207,False,True,False,False,False,False,1.0,1.0,False,10.0,0.5
-47.465113,1012,18205.032785,False,True,False,False,False,False,1.0,1.0,False,10.0,0.5
-71.460997,1831,18244.940662,False,True,False,False,False,False,1.0,1.0,False,10.0,0.5
-43.06503,930,18265.470513,False,True,False,False,False,False,1.0,1.0,False,10.0,0.5
-40.823204,749,18281.70486,False,True,False,False,False,False,1.0,1.0,False,10.0,0.5
-45.338426,2000,18325.087033,False,False,True,False,False,False,1.0,1.0,False,10.0,0.5
-46.114556,902,18345.922706,False,True,False,False,False,False,1.0,1.0,False,10.0,0.5
-38.852031,714,18361.755921,False,True,False,False,False,False,1.0,1.0,False,10.0,0.5
-45.475581,2000,18405.627047,False,False,True,False,False,False,1.0,1.0,False,10.0,0.5
-53.806541,1349,18434.79259,False,True,False,False,False,False,1.0,1.0,False,10.0,0.5
-44.285012,923,18454.890794,False,True,False,False,False,False,1.0,1.0,False,10.0,0.5
-63.660211,1740,18492.942321,False,True,False,False,False,False,1.0,1.0,False,10.0,0.5
-45.245016,971,18514.561402,False,True,False,False,False,False,1.0,1.0,False,10.0,0.5
-71.172101,1819,18554.442273,False,True,False,False,False,False,1.0,1.0,False,10.0,0.5
-60.718485,1468,18586.780213,False,True,False,False,False,False,1.0,1.0,False,10.0,0.5
-48.582106,1102,18610.937063,False,True,False,False,False,False,1.0,1.0,False,10.0,0.5
-45.074093,950,18631.678493,False,True,False,False,False,False,1.0,1.0,False,10.0,0.5
-47.542275,1036,18654.1284,False,True,False,False,False,False,1.0,1.0,False,10.0,0.5
-52.337335,1162,18679.593973,False,True,False,False,False,False,1.0,1.0,False,10.0,0.5
-43.080683,797,18697.122198,False,True,False,False,False,False,1.0,1.0,False,10.0,0.5
-57.24256,1396,18728.257479,False,True,False,False,False,False,1.0,1.0,False,10.0,0.5
-55.212508,2000,18772.381935,False,False,True,False,False,False,1.0,1.0,False,10.0,0.5
-61.015789,1595,18808.642051,False,True,False,False,False,False,1.0,1.0,False,10.0,0.5
-39.751721,717,18824.625602,False,True,False,False,False,False,1.0,1.0,False,10.0,0.5
-60.839075,1508,18857.616519,False,True,False,False,False,False,1.0,1.0,False,10.0,0.5
-65.412366,1749,18895.682037,False,True,False,False,False,False,1.0,1.0,False,10.0,0.5
-33.57271,583,18908.388546,False,True,False,False,False,False,1.0,1.0,False,10.0,0.5
-43.319742,867,18927.410788,False,True,False,False,False,False,1.0,1.0,False,10.0,0.5
-49.901743,2000,18972.663982,False,False,True,False,False,False,1.0,1.0,False,10.0,0.5
-46.848459,2000,19016.476326,False,False,True,False,False,False,1.0,1.0,False,10.0,0.5
-61.712056,1612,19051.3189,False,True,False,False,False,False,1.0,1.0,False,10.0,0.5
-53.382316,1171,19076.73693,False,True,False,False,False,False,1.0,1.0,False,10.0,0.5
-58.870153,1412,19107.856938,False,True,False,False,False,False,1.0,1.0,False,10.0,0.5
-40.913652,773,19125.334838,False,True,False,False,False,False,1.0,1.0,False,10.0,0.5
-67.735958,1867,19166.391025,False,True,False,False,False,False,1.0,1.0,False,10.0,0.5
-48.35783,984,19188.180147,False,True,False,False,False,False,1.0,1.0,False,10.0,0.5
-53.87153,1215,19214.681897,False,True,False,False,False,False,1.0,1.0,False,10.0,0.5
-46.380085,996,19237.220546,False,True,False,False,False,False,1.0,1.0,False,10.0,0.5
-64.502651,1511,19270.955956,False,True,False,False,False,False,1.0,1.0,False,10.0,0.5
-55.907704,1345,19301.139099,False,True,False,False,False,False,1.0,1.0,False,10.0,0.5
-59.139058,1336,19330.609984,False,True,False,False,False,False,1.0,1.0,False,10.0,0.5
-47.639956,1070,19354.13207,False,True,False,False,False,False,1.0,1.0,False,10.0,0.5
-41.424611,806,19371.863343,False,True,False,False,False,False,1.0,1.0,False,10.0,0.5
-50.810542,1104,19396.567123,False,True,False,False,False,False,1.0,1.0,False,10.0,0.5
-44.864707,934,19416.674628,False,True,False,False,False,False,1.0,1.0,False,10.0,0.5
-52.552507,2000,19460.185478,False,False,True,False,False,False,1.0,1.0,False,10.0,0.5
-56.882587,1521,19493.407187,False,True,False,False,False,False,1.0,1.0,False,10.0,0.5
-58.81507,2000,19537.078193,False,False,True,False,False,False,1.0,1.0,False,10.0,0.5
-36.678929,636,19550.82176,False,True,False,False,False,False,1.0,1.0,False,10.0,0.5
-41.299394,808,19568.269863,False,True,False,False,False,False,1.0,1.0,False,10.0,0.5
-46.879511,934,19588.472392,False,True,False,False,False,False,1.0,1.0,False,10.0,0.5
-41.882485,780,19605.842157,False,True,False,False,False,False,1.0,1.0,False,10.0,0.5
-52.383247,1222,19632.492899,False,True,False,False,False,False,1.0,1.0,False,10.0,0.5
-62.881769,1634,19668.534451,False,True,False,False,False,False,1.0,1.0,False,10.0,0.5
-46.315246,985,19690.119928,False,True,False,False,False,False,1.0,1.0,False,10.0,0.5
-67.327628,1943,19732.460755,False,True,False,False,False,False,1.0,1.0,False,10.0,0.5
-61.45636,1413,19763.95023,False,True,False,False,False,False,1.0,1.0,False,10.0,0.5
-50.490659,2000,19807.442351,False,False,True,False,False,False,1.0,1.0,False,10.0,0.5
-51.689445,1234,19834.399762,False,True,False,False,False,False,1.0,1.0,False,10.0,0.5
-55.243075,1313,19864.087912,False,True,False,False,False,False,1.0,1.0,False,10.0,0.5
-47.488101,994,19886.011249,False,True,False,False,False,False,1.0,1.0,False,10.0,0.5
-60.239979,1374,19916.814492,False,True,False,False,False,False,1.0,1.0,False,10.0,0.5
-60.987315,1616,19951.951822,False,True,False,False,False,False,1.0,1.0,False,10.0,0.5
-56.411551,1319,19980.635301,False,True,False,False,False,False,1.0,1.0,False,10.0,0.5
-52.737571,2000,20024.488068,False,False,True,False,False,False,1.0,1.0,False,10.0,0.5
-45.604112,974,20045.738667,False,True,False,False,False,False,1.0,1.0,False,10.0,0.5
-42.518489,825,20063.614854,False,True,False,False,False,False,1.0,1.0,False,10.0,0.5
-58.515358,1311,20092.347026,False,True,False,False,False,False,1.0,1.0,False,10.0,0.5
-52.897972,2000,20137.081367,False,False,True,False,False,False,1.0,1.0,False,10.0,0.5
-70.459581,1956,20179.929362,False,True,False,False,False,False,1.0,1.0,False,10.0,0.5
-43.193787,882,20199.529341,False,True,False,False,False,False,1.0,1.0,False,10.0,0.5
-52.364961,1172,20224.68899,False,True,False,False,False,False,1.0,1.0,False,10.0,0.5
-55.147446,1453,20256.305944,False,True,False,False,False,False,1.0,1.0,False,10.0,0.5
-50.862891,1096,20280.180132,False,True,False,False,False,False,1.0,1.0,False,10.0,0.5
-58.436352,1306,20309.138371,False,True,False,False,False,False,1.0,1.0,False,10.0,0.5
-43.687234,860,20328.112915,False,True,False,False,False,False,1.0,1.0,False,10.0,0.5
-49.339036,1139,20353.466002,False,True,False,False,False,False,1.0,1.0,False,10.0,0.5
-65.111466,1813,20393.232496,False,True,False,False,False,False,1.0,1.0,False,10.0,0.5
-60.580225,1566,20427.612689,False,True,False,False,False,False,1.0,1.0,False,10.0,0.5
-53.195813,1196,20453.700824,False,True,False,False,False,False,1.0,1.0,False,10.0,0.5
-51.175869,2000,20497.45269,False,False,True,False,False,False,1.0,1.0,False,10.0,0.5
-60.217471,1252,20524.659042,False,True,False,False,False,False,1.0,1.0,False,10.0,0.5
-42.741499,845,20543.530308,False,True,False,False,False,False,1.0,1.0,False,10.0,0.5
-67.770859,1738,20581.819388,False,True,False,False,False,False,1.0,1.0,False,10.0,0.5
-67.979636,1913,20624.182597,False,True,False,False,False,False,1.0,1.0,False,10.0,0.5
-41.048399,774,20640.780107,False,True,False,False,False,False,1.0,1.0,False,10.0,0.5
-62.899496,1824,20680.735269,False,True,False,False,False,False,1.0,1.0,False,10.0,0.5
-64.987248,2000,20724.888623,False,False,True,False,False,False,1.0,1.0,False,10.0,0.5
-50.582808,1142,20750.941383,False,True,False,False,False,False,1.0,1.0,False,10.0,0.5
-60.155755,1516,20784.418476,False,True,False,False,False,False,1.0,1.0,False,10.0,0.5
-41.791339,2000,20828.126979,False,False,True,False,False,False,1.0,1.0,False,10.0,0.5
-62.432064,1533,20861.289111,False,True,False,False,False,False,1.0,1.0,False,10.0,0.5
-36.420703,627,20875.149353,False,True,False,False,False,False,1.0,1.0,False,10.0,0.5
-50.652649,1023,20897.043815,False,True,False,False,False,False,1.0,1.0,False,10.0,0.5
-49.58636,2000,20941.303093,False,False,True,False,False,False,1.0,1.0,False,10.0,0.5
-38.813432,778,20958.470023,False,True,False,False,False,False,1.0,1.0,False,10.0,0.5
-41.900646,760,20975.182523,False,True,False,False,False,False,1.0,1.0,False,10.0,0.5
-37.559166,2000,21018.486668,False,False,True,False,False,False,1.0,1.0,False,10.0,0.5
-58.006912,1446,21050.997882,False,True,False,False,False,False,1.0,1.0,False,10.0,0.5
-68.50947,1873,21092.619066,False,True,False,False,False,False,1.0,1.0,False,10.0,0.5
-51.630857,2000,21136.056267,False,False,True,False,False,False,1.0,1.0,False,10.0,0.5
-35.399837,616,21149.483725,False,True,False,False,False,False,1.0,1.0,False,10.0,0.5
-66.265632,1961,21194.732223,False,True,False,False,False,False,1.0,1.0,False,10.0,0.5
-60.487923,1641,21230.761456,False,True,False,False,False,False,1.0,1.0,False,10.0,0.5
-43.027832,2000,21274.440408,False,False,True,False,False,False,1.0,1.0,False,10.0,0.5
-47.566276,2000,21318.265361,False,False,True,False,False,False,1.0,1.0,False,10.0,0.5
-47.558911,993,21339.677132,False,True,False,False,False,False,1.0,1.0,False,10.0,0.5
-50.101093,2000,21383.632988,False,False,True,False,False,False,1.0,1.0,False,10.0,0.5
-68.768505,1983,21426.629544,False,True,False,False,False,False,1.0,1.0,False,10.0,0.5
-46.143672,2000,21470.221848,False,False,True,False,False,False,1.0,1.0,False,10.0,0.5
-39.16377,705,21486.174955,False,True,False,False,False,False,1.0,1.0,False,10.0,0.5
-38.452163,2000,21530.647634,False,False,True,False,False,False,1.0,1.0,False,10.0,0.5
-50.498554,2000,21575.236468,False,False,True,False,False,False,1.0,1.0,False,10.0,0.5
-58.988298,1319,21604.192039,False,True,False,False,False,False,1.0,1.0,False,10.0,0.5
-54.052597,2000,21647.745731,False,False,True,False,False,False,1.0,1.0,False,10.0,0.5
-41.93798,2000,21692.071923,False,False,True,False,False,False,1.0,1.0,False,10.0,0.5
-65.320394,1659,21728.560812,False,True,False,False,False,False,1.0,1.0,False,10.0,0.5
-57.917083,2000,21772.620461,False,False,True,False,False,False,1.0,1.0,False,10.0,0.5
-53.608647,1263,21800.212946,False,True,False,False,False,False,1.0,1.0,False,10.0,0.5
