#{"t_start": 1786722833.2505815, "env_id": "None"}
r,l,t,completed,gate_reached,constraint_success,phase1_speed_failure,premature_entry_failure,terminal_constraint_failure,distance_failure,time_failure,mission_phase,phase1_curriculum_difficulty,phase1_curriculum_full_sample
-24.905847,358,5.406512,False,False,True,True,False,False,False,False,0,1.0,True
-22.341835,278,6.909876,False,False,True,True,False,False,False,False,0,1.0,True
-23.949887,402,9.07487,False,False,True,True,False,False,False,False,0,1.0,True
-26.740488,415,11.313654,False,False,True,True,False,False,False,False,0,1.0,True
-25.566237,322,13.100242,False,False,True,True,False,False,False,False,0,1.0,True
-27.140846,421,15.368808,False,False,True,True,False,False,False,False,0,1.0,True
-26.378357,468,17.964776,False,False,True,False,False,False,True,False,0,1.0,True
-25.082688,424,20.289759,False,False,True,False,False,False,True,False,0,1.0,True
-23.897406,334,22.098086,False,False,True,True,False,False,False,False,0,1.0,True
-28.864109,533,24.993523,False,False,True,True,False,False,False,False,0,1.0,True
-24.137073,416,27.265094,False,False,True,True,False,False,False,False,0,1.0,True
-23.18869,350,29.159096,False,False,True,True,False,False,False,False,0,1.0,True
-28.683537,484,33.949022,False,False,True,True,False,False,False,False,0,1.0,True
-22.528086,263,37.281356,False,False,True,True,False,False,False,False,0,1.0,True
-24.096921,361,41.781352,False,False,True,True,False,False,False,False,0,1.0,True
-31.31788,743,51.092336,False,False,True,True,False,False,False,False,0,1.0,True
-31.88586,945,63.047905,False,False,True,False,False,False,True,False,0,1.0,True
-41.97919,1590,83.125801,False,False,True,True,False,False,False,False,0,1.0,True
-28.527143,761,93.40607,False,False,True,False,False,False,True,False,0,1.0,True
-26.881036,418,98.858413,False,False,True,True,False,False,False,False,0,1.0,True
-27.604826,474,104.937049,False,False,True,False,True,False,False,False,0,1.0,True
-32.205769,724,114.057327,False,False,True,True,False,False,False,False,0,1.0,True
-34.535593,997,126.647575,False,False,True,True,False,False,False,False,0,1.0,True
-26.230778,482,132.698742,False,False,True,False,False,False,True,False,0,1.0,True
-26.296983,412,137.873513,False,False,True,False,False,False,True,False,0,1.0,True
-27.669619,490,144.05581,False,False,True,False,False,False,True,False,0,1.0,True
-32.642094,981,156.290427,False,False,True,True,False,False,False,False,0,1.0,True
-26.354978,477,162.375715,False,False,True,True,False,False,False,False,0,1.0,True
-46.309309,1497,181.802245,False,False,True,False,False,False,True,False,0,1.0,True
-37.530787,937,193.755555,False,False,True,True,False,False,False,False,0,1.0,True
-27.651011,499,200.084056,False,False,True,False,True,False,False,False,0,1.0,True
-33.200871,817,210.420146,False,False,True,True,False,False,False,False,0,1.0,True
-27.779585,834,220.922056,False,False,True,False,False,False,True,False,0,1.0,True
-31.229678,988,233.50174,False,False,True,False,False,False,True,False,0,1.0,True
-35.57517,929,245.530252,False,False,True,True,False,False,False,False,0,1.0,True
-22.881619,360,250.108513,False,False,True,True,False,False,False,False,0,1.0,True
-21.402551,279,253.738605,False,False,True,True,False,False,False,False,0,1.0,True
-27.801243,652,262.025188,False,False,True,False,False,False,True,False,0,1.0,True
-23.475117,374,266.732977,False,False,True,False,False,False,True,False,0,1.0,True
-40.737421,1593,289.747046,False,False,True,True,False,False,False,False,0,1.0,True
-32.273515,753,299.254976,False,False,True,False,False,False,True,False,0,1.0,True
-28.82964,881,310.901378,False,False,True,True,False,False,False,False,0,1.0,True
-28.820903,572,318.250082,False,False,True,True,False,False,False,False,0,1.0,True
-36.258,1069,332.038209,False,False,True,False,False,False,True,False,0,1.0,True
-33.644085,849,342.84642,False,False,True,False,False,False,True,False,0,1.0,True
-26.40161,748,352.468679,False,False,True,False,False,False,True,False,0,1.0,True
-28.52764,786,362.529639,False,False,True,False,False,False,True,False,0,1.0,True
-23.64039,415,367.889954,False,False,True,False,False,False,True,False,0,1.0,True
-24.216157,509,374.398458,False,False,True,False,False,False,True,False,0,1.0,True
-24.215458,406,379.746173,False,False,True,True,False,False,False,False,0,1.0,True
-21.984107,381,384.658721,False,False,True,False,False,False,True,False,0,1.0,True
-31.129168,517,391.336777,False,False,True,False,False,False,True,False,0,1.0,True
-22.568987,388,396.367634,False,False,True,False,False,False,True,False,0,1.0,True
-24.5295,382,401.197224,False,False,True,False,False,False,True,False,0,1.0,True
-24.430698,532,407.946083,False,False,True,False,False,False,True,False,0,1.0,True
-28.702374,495,414.295747,False,False,True,True,False,False,False,False,0,1.0,True
-25.267403,366,419.046033,False,False,True,False,False,False,True,False,0,1.0,True
-24.223755,467,424.962647,False,False,True,False,False,False,True,False,0,1.0,True
-37.340321,1140,439.395906,False,False,True,True,False,False,False,False,0,1.0,True
-29.714451,585,446.897294,False,False,True,True,False,False,False,False,0,1.0,True
-28.950602,627,455.53747,False,False,True,False,False,False,True,False,0,1.0,True
-26.685778,571,462.973231,False,False,True,True,False,False,False,False,0,1.0,True
-24.885122,471,468.973733,False,False,True,False,False,False,True,False,0,1.0,True
-26.796065,552,476.071397,False,False,True,False,False,False,True,False,0,1.0,True
-26.555452,824,486.628985,False,False,True,False,False,False,True,False,0,1.0,True
-23.261992,317,490.740306,False,False,True,False,False,False,True,False,0,1.0,True
-25.439755,438,496.253929,False,False,True,True,False,False,False,False,0,1.0,True
-22.738352,265,499.562237,False,False,True,True,False,False,False,False,0,1.0,True
-21.474983,320,503.609927,False,False,True,True,False,False,False,False,0,1.0,True
-21.633463,233,506.574496,False,False,True,True,False,False,False,False,0,1.0,True
-29.180336,636,514.820524,False,False,True,True,False,False,False,False,0,1.0,True
-20.979252,198,517.317903,False,False,True,True,False,False,False,False,0,1.0,True
-20.790104,200,519.898458,False,False,True,True,False,False,False,False,0,1.0,True
-26.255759,428,525.553781,False,False,True,False,False,False,True,False,0,1.0,True
-24.204998,334,529.808551,False,False,True,False,False,False,True,False,0,1.0,True
-27.118833,405,534.890804,False,False,True,False,False,False,True,False,0,1.0,True
-24.299564,335,539.254012,False,False,True,False,False,False,True,False,0,1.0,True
-27.095645,423,544.574265,False,False,True,True,False,False,False,False,0,1.0,True
-23.357558,330,548.696428,False,False,True,False,False,False,True,False,0,1.0,True
-32.512172,742,558.095628,False,False,True,False,False,False,True,False,0,1.0,True
-22.941939,288,561.704671,False,False,True,True,False,False,False,False,0,1.0,True
-27.853567,467,568.111811,False,False,True,True,False,False,False,False,0,1.0,True
-20.346382,198,570.629531,False,False,True,True,False,False,False,False,0,1.0,True
-20.047903,188,573.061933,False,False,True,True,False,False,False,False,0,1.0,True
-25.311975,358,577.628517,False,False,True,True,False,False,False,False,0,1.0,True
-23.495576,277,581.24687,False,False,True,True,False,False,False,False,0,1.0,True
-23.00585,239,584.270126,False,False,True,True,False,False,False,False,0,1.0,True
-26.84486,411,589.575112,False,False,True,False,False,False,True,False,0,1.0,True
-23.636906,297,593.384788,False,False,True,False,False,False,True,False,0,1.0,True
-23.312891,241,596.431387,False,False,True,True,False,False,False,False,0,1.0,True
-25.23412,379,601.80542,False,False,True,False,False,False,True,False,0,1.0,True
-20.72826,172,604.061697,False,False,True,True,False,False,False,False,0,1.0,True
-21.17391,173,606.295023,False,False,True,True,False,False,False,False,0,1.0,True
-21.565886,272,609.778331,False,False,True,False,False,False,True,False,0,1.0,True
-27.001206,489,642.16144,False,False,True,True,False,False,False,False,0,1.0,True
-25.417099,365,646.827854,False,False,True,False,False,False,True,False,0,1.0,True
-25.243278,413,652.131373,False,False,True,False,False,False,True,False,0,1.0,True
-23.29484,264,655.495735,False,False,True,True,False,False,False,False,0,1.0,True
-24.703493,467,661.438469,False,False,True,False,False,False,True,False,0,1.0,True
-25.44547,668,671.235571,False,False,True,True,False,False,False,False,0,1.0,True
-24.900757,422,677.119641,False,False,True,True,False,False,False,False,0,1.0,True
-22.676964,379,681.993392,False,False,True,True,False,False,False,False,0,1.0,True
-30.400026,716,691.772579,False,False,True,False,False,False,True,False,0,1.0,True
-25.661616,383,697.089394,False,False,True,True,False,False,False,False,0,1.0,True
-27.650926,580,704.962744,False,False,True,True,False,False,False,False,0,1.0,True
-23.189702,276,708.452812,False,False,True,True,False,False,False,False,0,1.0,True
-24.419509,242,711.636132,False,False,True,True,False,False,False,False,0,1.0,True
-23.926683,252,714.812742,False,False,True,True,False,False,False,False,0,1.0,True
-23.290757,347,719.25275,False,False,True,False,False,False,True,False,0,1.0,True
-24.371483,338,723.641662,False,False,True,True,False,False,False,False,0,1.0,True
-26.396907,488,729.936043,False,False,True,False,False,False,True,False,0,1.0,True
-24.959365,403,735.264007,False,False,True,False,False,False,True,False,0,1.0,True
-22.652762,472,741.36237,False,False,True,False,False,False,True,False,0,1.0,True
-28.858912,768,751.670734,False,False,True,False,False,False,True,False,0,1.0,True
-22.04329,368,756.43934,False,False,True,False,False,False,True,False,0,1.0,True
-23.863253,608,764.423725,False,False,True,False,False,False,True,False,0,1.0,True
-28.11652,586,772.005297,False,False,True,False,False,False,True,False,0,1.0,True
-22.41718,433,777.496738,False,False,True,False,False,False,True,False,0,1.0,True
-22.123795,320,781.562788,False,False,True,True,False,False,False,False,0,1.0,True
-23.316684,364,786.264169,False,False,True,True,False,False,False,False,0,1.0,True
-23.653648,317,790.396122,False,False,True,True,False,False,False,False,0,1.0,True
-25.617122,446,796.175789,False,False,True,True,False,False,False,False,0,1.0,True
-22.575014,342,800.497812,False,False,True,False,False,False,True,False,0,1.0,True
-21.923832,243,803.644323,False,False,True,True,False,False,False,False,0,1.0,True
-23.067303,570,810.970118,False,False,True,True,False,False,False,False,0,1.0,True
-24.069968,317,815.013636,False,False,True,True,False,False,False,False,0,1.0,True
-21.854624,283,818.66863,False,False,True,True,False,False,False,False,0,1.0,True
-24.367793,382,823.464214,False,False,True,True,False,False,False,False,0,1.0,True
-20.885465,232,826.511961,False,False,True,True,False,False,False,False,0,1.0,True
-24.874081,423,832.224795,False,False,True,False,False,False,True,False,0,1.0,True
-19.523948,110,833.802168,False,False,True,True,False,False,False,False,0,1.0,True
-25.595004,312,838.2001,False,False,True,False,False,False,True,False,0,1.0,True
-24.428691,323,842.494868,False,False,True,False,False,False,True,False,0,1.0,True
-23.061033,287,846.236938,False,False,True,True,False,False,False,False,0,1.0,True
-23.906281,425,851.721473,False,False,True,False,False,False,True,False,0,1.0,True
-25.719266,795,861.980723,False,False,True,False,False,False,True,False,0,1.0,True
-19.106193,171,864.152967,False,False,True,True,False,False,False,False,0,1.0,True
-22.671238,271,867.628758,False,False,True,False,False,False,True,False,0,1.0,True
-28.782949,614,875.469911,False,False,True,True,False,False,False,False,0,1.0,True
-24.029108,397,880.551909,False,False,True,False,False,False,True,False,0,1.0,True
-28.733195,497,886.961993,False,False,True,False,False,False,True,False,0,1.0,True
-23.027129,225,889.785006,False,False,True,True,False,False,False,False,0,1.0,True
-23.907132,284,893.370286,False,False,True,False,False,False,True,False,0,1.0,True
-19.910414,221,896.156806,False,False,True,True,False,False,False,False,0,1.0,True
-23.578669,451,902.13514,False,False,True,True,False,False,False,False,0,1.0,True
-27.859079,519,908.909499,False,False,True,False,False,False,True,False,0,1.0,True
-23.608329,327,913.051732,False,False,True,False,False,False,True,False,0,1.0,True
-27.066608,442,918.724577,False,False,True,False,False,False,True,False,0,1.0,True
-24.680101,510,925.258008,False,False,True,True,False,False,False,False,0,1.0,True
-24.96722,345,929.628778,False,False,True,True,False,False,False,False,0,1.0,True
-24.68763,498,936.34535,False,False,True,True,False,False,False,False,0,1.0,True
-26.994881,472,942.423042,False,False,True,True,False,False,False,False,0,1.0,True
-21.793848,342,946.843218,False,False,True,True,False,False,False,False,0,1.0,True
-21.904027,348,951.3775,False,False,True,True,False,False,False,False,0,1.0,True
-24.677789,331,955.585958,False,False,True,True,False,False,False,False,0,1.0,True
-23.815854,350,960.088975,False,False,True,True,False,False,False,False,0,1.0,True
-25.032442,329,967.643099,False,False,True,True,False,False,False,False,0,1.0,True
-24.367203,279,971.664799,False,False,True,True,False,False,False,False,0,1.0,True
-26.286323,425,977.471221,False,False,True,True,False,False,False,False,0,1.0,True
-23.849998,292,981.203141,False,False,True,True,False,False,False,False,0,1.0,True
-24.124661,387,986.144993,False,False,True,False,False,False,True,False,0,1.0,True
-32.813137,667,994.645931,False,False,True,True,False,False,False,False,0,1.0,True
-26.506413,488,1000.985133,False,False,True,False,False,False,True,False,0,1.0,True
-20.128303,224,1003.836884,False,False,True,True,False,False,False,False,0,1.0,True
-24.638313,781,1013.87287,False,False,True,False,False,False,True,False,0,1.0,True
-27.819738,466,1019.817839,False,False,True,False,False,False,True,False,0,1.0,True
-25.671022,414,1025.211321,False,False,True,False,False,False,True,False,0,1.0,True
-25.493196,393,1030.252253,False,False,True,False,False,False,True,False,0,1.0,True
-23.953727,311,1034.39276,False,False,True,False,False,False,True,False,0,1.0,True
-24.823659,299,1038.236465,False,False,True,False,False,False,True,False,0,1.0,True
-24.156436,377,1043.076048,False,False,True,True,False,False,False,False,0,1.0,True
-25.84757,326,1047.265501,False,False,True,False,False,False,True,False,0,1.0,True
-22.392794,231,1050.195208,False,False,True,True,False,False,False,False,0,1.0,True
-21.156076,166,1052.325989,False,False,True,True,False,False,False,False,0,1.0,True
-23.71574,255,1055.611156,False,False,True,True,False,False,False,False,0,1.0,True
-23.996037,250,1058.727064,False,False,True,False,False,False,True,False,0,1.0,True
-22.389661,341,1063.151253,False,False,True,False,False,False,True,False,0,1.0,True
-28.639953,1119,1077.576854,False,False,True,False,False,False,True,False,0,1.0,True
-30.170645,700,1086.525849,False,False,True,False,False,False,True,False,0,1.0,True
-24.394409,295,1090.3186,False,False,True,False,False,False,True,False,0,1.0,True
-18.535772,416,1095.66208,False,False,True,False,True,False,False,False,0,1.0,True
-27.672479,596,1103.312039,False,False,True,False,False,False,True,False,0,1.0,True
-27.848473,777,1113.883973,False,False,True,True,False,False,False,False,0,1.0,True
-23.507596,473,1120.150415,False,False,True,True,False,False,False,False,0,1.0,True
-26.9856,813,1130.668909,False,False,True,False,False,False,True,False,0,1.0,True
-23.691951,458,1136.528995,False,False,True,False,False,False,True,False,0,1.0,True
-22.731705,682,1145.267181,False,False,True,True,False,False,False,False,0,1.0,True
-38.823095,1321,1162.167383,False,False,True,True,False,False,False,False,0,1.0,True
-25.821987,454,1168.178921,False,False,True,True,False,False,False,False,0,1.0,True
-27.402387,584,1176.047877,False,False,True,True,False,False,False,False,0,1.0,True
-25.237481,539,1183.021951,False,False,True,True,False,False,False,False,0,1.0,True
-30.563081,1083,1197.085067,False,False,True,False,False,False,True,False,0,1.0,True
-19.219759,479,1203.194514,False,False,True,False,True,False,False,False,0,1.0,True
-28.510421,598,1210.841803,False,False,True,True,False,False,False,False,0,1.0,True
-18.318264,430,1216.393275,False,False,True,False,True,False,False,False,0,1.0,True
-23.614196,368,1221.209401,False,False,True,False,False,False,True,False,0,1.0,True
-23.386088,613,1229.091721,False,False,True,True,False,False,False,False,0,1.0,True
-15.694948,2000,1255.677915,False,False,True,False,False,False,False,True,0,1.0,True
-18.963923,511,1262.266559,False,False,True,False,True,False,False,False,0,1.0,True
-27.220461,780,1272.145612,False,False,True,True,False,False,False,False,0,1.0,True
-31.158093,1263,1288.32041,False,False,True,True,False,False,False,False,0,1.0,True
-26.391253,463,1327.141216,False,False,True,True,False,False,False,False,0,1.0,True
-23.060786,321,1331.265373,False,False,True,True,False,False,False,False,0,1.0,True
-33.6116,1589,1352.61171,False,False,True,True,False,False,False,False,0,1.0,True
-22.120069,846,1363.541012,False,False,True,False,True,False,False,False,0,1.0,True
-23.630686,266,1367.002624,False,False,True,True,False,False,False,False,0,1.0,True
-20.646832,1003,1379.941251,False,False,True,False,True,False,False,False,0,1.0,True
-39.309132,542,1386.915747,False,False,True,True,False,False,True,False,0,1.0,True
-25.220847,700,1395.850282,False,False,True,False,True,False,False,False,0,1.0,True
-25.336685,482,1402.036999,False,False,True,False,False,False,True,False,0,1.0,True
-27.35284,783,1412.011547,False,False,True,False,False,False,True,False,0,1.0,True
-22.196735,231,1414.99073,False,False,True,True,False,False,False,False,0,1.0,True
-37.740764,1178,1430.186312,False,False,True,True,False,False,False,False,0,1.0,True
-23.311878,378,1434.90725,False,False,True,True,False,False,False,False,0,1.0,True
-22.976555,264,1438.32598,False,False,True,True,False,False,False,False,0,1.0,True
-42.235989,1479,1457.740264,False,False,True,False,False,False,True,False,0,1.0,True
-30.195236,1546,1477.750345,False,False,True,True,False,False,False,False,0,1.0,True
-25.109918,495,1484.856895,False,False,True,True,False,False,False,False,0,1.0,True
-22.942018,618,1492.726726,False,False,True,False,False,False,True,False,0,1.0,True
-22.806568,271,1496.198671,False,False,True,True,False,False,False,False,0,1.0,True
-30.658028,782,1506.247474,False,False,True,False,False,False,True,False,0,1.0,True
-25.9546,398,1511.39856,False,False,True,False,False,False,True,False,0,1.0,True
-27.97967,518,1518.023521,False,False,True,False,False,False,True,False,0,1.0,True
-24.462331,328,1522.233641,False,False,True,False,False,False,True,False,0,1.0,True
-25.493853,440,1527.733989,False,False,True,False,False,False,True,False,0,1.0,True
-23.30155,250,1531.21508,False,False,True,True,False,False,False,False,0,1.0,True
-24.116906,461,1537.125211,False,False,True,True,False,False,False,False,0,1.0,True
-24.615284,404,1542.323692,False,False,True,False,False,False,True,False,0,1.0,True
-25.584938,326,1546.557068,False,False,True,False,False,False,True,False,0,1.0,True
-23.759045,282,1550.158121,False,False,True,True,False,False,False,False,0,1.0,True
-26.009154,401,1555.281541,False,False,True,False,False,False,True,False,0,1.0,True
-23.946707,304,1559.302576,False,False,True,False,False,False,True,False,0,1.0,True
-23.580984,562,1567.108398,False,False,True,True,False,False,False,False,0,1.0,True
-29.446188,574,1574.881554,False,False,True,False,False,False,True,False,0,1.0,True
-21.163193,225,1577.776162,False,False,True,True,False,False,False,False,0,1.0,True
-25.415072,308,1581.736576,False,False,True,True,False,False,False,False,0,1.0,True
-27.492675,518,1588.456977,False,False,True,True,False,False,False,False,0,1.0,True
-23.326162,265,1591.851069,False,False,True,True,False,False,False,False,0,1.0,True
-21.089997,234,1594.914773,False,False,True,True,False,False,False,False,0,1.0,True
-21.738273,240,1597.995866,False,False,True,True,False,False,False,False,0,1.0,True
-21.80548,204,1600.699397,False,False,True,True,False,False,False,False,0,1.0,True
-22.424043,350,1605.159943,False,False,True,True,False,False,False,False,0,1.0,True
-21.420719,188,1607.598034,False,False,True,True,False,False,False,False,0,1.0,True
-22.413111,527,1614.450196,False,False,True,True,False,False,False,False,0,1.0,True
-22.403872,326,1619.156312,False,False,True,True,False,False,False,False,0,1.0,True
-22.910228,297,1622.991696,False,False,True,True,False,False,False,False,0,1.0,True
-21.725611,252,1626.406299,False,False,True,True,False,False,False,False,0,1.0,True
-20.778238,231,1629.442201,False,False,True,True,False,False,False,False,0,1.0,True
-23.488555,790,1639.633089,False,False,True,False,True,False,False,False,0,1.0,True
-21.34101,308,1643.606234,False,False,True,True,False,False,False,False,0,1.0,True
-23.662276,260,1647.254139,False,False,True,True,False,False,False,False,0,1.0,True
-27.718621,747,1659.939432,False,False,True,False,False,False,True,False,0,1.0,True
-21.254603,277,1663.431083,False,False,True,True,False,False,False,False,0,1.0,True
-22.592386,277,1667.039402,False,False,True,True,False,False,False,False,0,1.0,True
-22.207598,301,1670.975465,False,False,True,True,False,False,False,False,0,1.0,True
-21.249301,332,1675.181024,False,False,True,True,False,False,False,False,0,1.0,True
-22.325749,517,1681.821362,False,False,True,True,False,False,False,False,0,1.0,True
-35.190949,1056,1695.367073,False,False,True,False,False,False,True,False,0,1.0,True
-21.166268,475,1701.416261,False,False,True,True,False,False,False,False,0,1.0,True
-27.930911,821,1711.807496,False,False,True,True,False,False,False,False,0,1.0,True
-20.770621,353,1716.282871,False,False,True,True,False,False,False,False,0,1.0,True
-20.821563,288,1719.950135,False,False,True,True,False,False,False,False,0,1.0,True
-26.579207,358,1724.576307,False,False,True,False,False,False,True,False,0,1.0,True
-23.154227,334,1728.825948,False,False,True,True,False,False,False,False,0,1.0,True
-22.070692,347,1733.255664,False,False,True,True,False,False,False,False,0,1.0,True
-19.602544,200,1736.178435,False,False,True,True,False,False,False,False,0,1.0,True
-20.088095,163,1738.309125,False,False,True,True,False,False,False,False,0,1.0,True
-27.928323,449,1744.064905,False,False,True,False,False,False,True,False,0,1.0,True
-20.241201,192,1746.529852,False,False,True,True,False,False,False,False,0,1.0,True
-20.334263,194,1748.995763,False,False,True,True,False,False,False,False,0,1.0,True
-21.907688,304,1752.959724,False,False,True,True,False,False,False,False,0,1.0,True
-29.55955,706,1762.698404,False,False,True,False,False,False,True,False,0,1.0,True
-24.622766,434,1768.280523,False,False,True,True,False,False,False,False,0,1.0,True
-22.00218,530,1775.766425,False,False,True,True,False,False,False,False,0,1.0,True
-23.750866,926,1787.517727,False,False,True,False,True,False,False,False,0,1.0,True
-25.92807,728,1796.831191,False,False,True,False,False,False,True,False,0,1.0,True
-36.273498,1019,1809.965462,False,False,True,True,False,False,False,False,0,1.0,True
-22.429348,418,1815.366581,False,False,True,True,False,False,False,False,0,1.0,True
-20.504653,177,1817.662341,False,False,True,True,False,False,False,False,0,1.0,True
-24.502926,431,1823.180574,False,False,True,True,False,False,False,False,0,1.0,True
-29.971238,1098,1837.473238,False,False,True,True,False,False,False,False,0,1.0,True
-31.793697,928,1849.305086,False,False,True,True,False,False,False,False,0,1.0,True
-33.406933,1026,1862.353592,False,False,True,True,False,False,False,False,0,1.0,True
-21.339144,236,1865.546683,False,False,True,True,False,False,False,False,0,1.0,True
-40.416441,2000,1891.046543,False,False,True,False,False,False,False,True,0,1.0,True
-21.422707,354,1895.921265,False,False,True,True,False,False,False,False,0,1.0,True
-23.778707,336,1900.779821,False,False,True,True,False,False,False,False,0,1.0,True
-22.001378,362,1905.575716,False,False,True,True,False,False,False,False,0,1.0,True
-21.018997,207,1908.2575,False,False,True,True,False,False,False,False,0,1.0,True
-25.165302,485,1914.264856,False,False,True,True,False,False,False,False,0,1.0,True
-21.13766,226,1917.123489,False,False,True,True,False,False,False,False,0,1.0,True
-22.273549,246,1920.171402,False,False,True,True,False,False,False,False,0,1.0,True
-32.299187,748,1929.712997,False,False,True,False,False,False,True,False,0,1.0,True
-18.848247,258,1932.92965,False,False,True,False,True,False,False,False,0,1.0,True
-21.430615,239,1935.990912,False,False,True,True,False,False,False,False,0,1.0,True
-21.702334,240,1938.999366,False,False,True,True,False,False,False,False,0,1.0,True
-21.765169,277,1942.537978,False,False,True,True,False,False,False,False,0,1.0,True
-19.629516,164,1944.624633,False,False,True,True,False,False,False,False,0,1.0,True
-23.263646,349,1949.034245,False,False,True,True,False,False,False,False,0,1.0,True
-45.088981,919,1960.575575,False,False,True,True,False,False,True,False,0,1.0,True
-22.278367,395,1965.580475,False,False,True,True,False,False,False,False,0,1.0,True
-22.163808,318,1969.659013,False,False,True,True,False,False,False,False,0,1.0,True
-24.729956,434,2036.873634,False,False,True,True,False,False,False,False,0,1.0,True
-20.581926,186,2039.352171,False,False,True,True,False,False,False,False,0,1.0,True
-22.484954,433,2044.95405,False,False,True,True,False,False,False,False,0,1.0,True
-26.865442,817,2055.690593,False,False,True,False,False,False,True,False,0,1.0,True
-22.023895,323,2059.812315,False,False,True,True,False,False,False,False,0,1.0,True
-25.315343,391,2065.507916,False,False,True,True,False,False,False,False,0,1.0,True
-26.724017,913,2077.76968,False,False,True,True,False,False,False,False,0,1.0,True
-29.473748,542,2084.612187,False,False,True,False,False,False,True,False,0,1.0,True
-29.901543,889,2095.803793,False,False,True,True,False,False,False,False,0,1.0,True
-24.096443,320,2099.878807,False,False,True,True,False,False,False,False,0,1.0,True
-23.021331,731,2109.13279,False,False,True,True,False,False,False,False,0,1.0,True
-22.087094,348,2113.521547,False,False,True,True,False,False,False,False,0,1.0,True
-23.193176,374,2118.177333,False,False,True,True,False,False,False,False,0,1.0,True
-24.655757,460,2123.978692,False,False,True,False,False,False,True,False,0,1.0,True
-24.035002,343,2128.303619,False,False,True,False,False,False,True,False,0,1.0,True
-23.905206,642,2136.813807,False,False,True,True,False,False,False,False,0,1.0,True
-21.028533,277,2140.253561,False,False,True,True,False,False,False,False,0,1.0,True
-25.272874,613,2147.888875,False,False,True,True,False,False,False,False,0,1.0,True
-24.585168,380,2152.779075,False,False,True,False,False,False,True,False,0,1.0,True
-21.941386,324,2156.855595,False,False,True,True,False,False,False,False,0,1.0,True
-23.425557,323,2160.999986,False,False,True,True,False,False,False,False,0,1.0,True
-30.836533,1009,2173.687798,False,False,True,True,False,False,False,False,0,1.0,True
-21.619534,214,2176.404083,False,False,True,True,False,False,False,False,0,1.0,True
-20.731204,186,2178.796408,False,False,True,True,False,False,False,False,0,1.0,True
-26.117709,570,2186.063578,False,False,True,True,False,False,False,False,0,1.0,True
-26.80268,322,2190.205396,False,False,True,True,False,False,False,False,0,1.0,True
-22.023356,289,2193.928275,False,False,True,True,False,False,False,False,0,1.0,True
-24.588796,469,2199.928603,False,False,True,True,False,False,False,False,0,1.0,True
-26.141096,605,2208.313339,False,False,True,True,False,False,False,False,0,1.0,True
-20.302034,223,2211.212673,False,False,True,True,False,False,False,False,0,1.0,True
-22.258821,324,2215.344844,False,False,True,True,False,False,False,False,0,1.0,True
-22.196644,347,2219.688704,False,False,True,True,False,False,False,False,0,1.0,True
-21.97874,374,2224.470571,False,False,True,True,False,False,False,False,0,1.0,True
-23.781307,382,2229.483047,False,False,True,True,False,False,False,False,0,1.0,True
-22.761755,326,2233.670692,False,False,True,True,False,False,False,False,0,1.0,True
-25.447933,652,2242.064062,False,False,True,False,False,False,True,False,0,1.0,True
-27.326883,491,2248.382938,False,False,True,False,False,False,True,False,0,1.0,True
-23.25994,298,2252.266668,False,False,True,True,False,False,False,False,0,1.0,True
-30.358957,613,2260.152938,False,False,True,False,False,False,True,False,0,1.0,True
-29.279077,442,2265.744397,False,False,True,True,False,False,False,False,0,1.0,True
-23.920579,468,2271.803244,False,False,True,False,False,False,True,False,0,1.0,True
-22.177086,277,2275.303234,False,False,True,True,False,False,False,False,0,1.0,True
-23.344554,311,2279.372528,False,False,True,True,False,False,False,False,0,1.0,True
-22.362737,394,2284.361116,False,False,True,False,False,False,True,False,0,1.0,True
-21.498735,271,2287.819453,False,False,True,False,False,False,True,False,0,1.0,True
-28.37185,536,2294.586694,False,False,True,False,False,False,True,False,0,1.0,True
-26.369048,370,2299.169267,False,False,True,True,False,False,False,False,0,1.0,True
-21.51343,267,2302.582703,False,False,True,True,False,False,False,False,0,1.0,True
-22.993305,433,2308.149868,False,False,True,False,False,False,True,False,0,1.0,True
-22.456216,277,2311.719321,False,False,True,True,False,False,False,False,0,1.0,True
-26.731778,550,2318.710945,False,False,True,False,False,False,True,False,0,1.0,True
-24.4476,403,2323.828534,False,False,True,False,False,False,True,False,0,1.0,True
-25.664093,373,2328.510883,False,False,True,False,False,False,True,False,0,1.0,True
-19.892728,275,2331.982364,False,False,True,True,False,False,False,False,0,1.0,True
-20.466325,296,2335.85365,False,False,True,True,False,False,False,False,0,1.0,True
-30.598022,635,2344.580019,False,False,True,True,False,False,False,False,0,1.0,True
-24.327064,494,2350.94412,False,False,True,True,False,False,False,False,0,1.0,True
-25.284844,559,2358.046141,False,False,True,False,False,False,True,False,0,1.0,True
-21.939259,384,2366.449012,False,False,True,True,False,False,False,False,0,1.0,True
-22.011337,418,2373.19427,False,False,True,True,False,False,False,False,0,1.0,True
-26.594523,517,2380.093175,False,False,True,True,False,False,False,False,0,1.0,True
-28.187714,479,2386.211476,False,False,True,False,False,False,True,False,0,1.0,True
-25.844484,489,2392.553642,False,False,True,True,False,False,False,False,0,1.0,True
-24.626605,301,2396.36884,False,False,True,True,False,False,False,False,0,1.0,True
-22.756698,244,2399.55356,False,False,True,True,False,False,False,False,0,1.0,True
-30.418437,673,2408.187448,False,False,True,True,False,False,False,False,0,1.0,True
-27.146546,435,2413.811942,False,False,True,False,False,False,True,False,0,1.0,True
-25.854678,361,2418.405611,False,False,True,False,False,False,True,False,0,1.0,True
-25.184195,424,2423.836318,False,False,True,True,False,False,False,False,0,1.0,True
-28.418745,475,2429.993627,False,False,True,False,False,False,True,False,0,1.0,True
-21.427037,320,2434.113119,False,False,True,True,False,False,False,False,0,1.0,True
-26.689898,334,2438.501929,False,False,True,True,False,False,False,False,0,1.0,True
-24.320305,434,2444.071653,False,False,True,True,False,False,False,False,0,1.0,True
-26.667767,409,2449.31857,False,False,True,True,False,False,False,False,0,1.0,True
-28.607446,542,2456.231502,False,False,True,True,False,False,False,False,0,1.0,True
-32.783498,775,2466.204466,False,False,True,True,False,False,False,False,0,1.0,True
-22.309334,225,2469.229613,False,False,True,True,False,False,False,False,0,1.0,True
-30.042382,636,2477.59655,False,False,True,True,False,False,False,False,0,1.0,True
-29.205961,608,2485.562534,False,False,True,False,False,False,True,False,0,1.0,True
-22.739084,490,2491.884995,False,False,True,True,False,False,False,False,0,1.0,True
-28.301764,493,2498.286431,False,False,True,False,False,False,True,False,0,1.0,True
-31.548163,1157,2513.34656,False,False,True,True,False,False,False,False,0,1.0,True
-20.432563,217,2516.213791,False,False,True,True,False,False,False,False,0,1.0,True
-34.355355,781,2526.263921,False,False,True,False,False,False,True,False,0,1.0,True
-26.722987,427,2531.746558,False,False,True,True,False,False,False,False,0,1.0,True
-26.356799,516,2538.361854,False,False,True,True,False,False,False,False,0,1.0,True
-24.900771,865,2549.47152,False,False,True,True,False,False,False,False,0,1.0,True
-38.775241,1055,2562.947309,False,False,True,True,False,False,False,False,0,1.0,True
-22.805308,257,2566.29008,False,False,True,True,False,False,False,False,0,1.0,True
-27.51502,747,2575.871677,False,False,True,False,False,False,True,False,0,1.0,True
-22.778534,318,2579.927627,False,False,True,True,False,False,False,False,0,1.0,True
-22.830473,279,2583.499883,False,False,True,True,False,False,False,False,0,1.0,True
-27.194974,505,2589.99591,False,False,True,False,False,False,True,False,0,1.0,True
-21.223342,230,2592.89836,False,False,True,True,False,False,False,False,0,1.0,True
-24.590246,531,2599.740336,False,False,True,True,False,False,False,False,0,1.0,True
-25.281715,673,2608.401091,False,False,True,True,False,False,False,False,0,1.0,True
-20.334617,184,2610.761974,False,False,True,True,False,False,False,False,0,1.0,True
-19.087791,158,2612.826705,False,False,True,True,False,False,False,False,0,1.0,True
-27.475951,670,2621.48673,False,False,True,True,False,False,False,False,0,1.0,True
-27.738119,420,2626.844263,False,False,True,True,False,False,False,False,0,1.0,True
-22.720033,249,2630.094047,False,False,True,True,False,False,False,False,0,1.0,True
-21.309697,257,2633.403748,False,False,True,True,False,False,False,False,0,1.0,True
-22.749467,294,2637.206989,False,False,True,True,False,False,False,False,0,1.0,True
-33.733706,1061,2650.802771,False,False,True,True,False,False,False,False,0,1.0,True
-21.894094,241,2653.894533,False,False,True,True,False,False,False,False,0,1.0,True
-21.886031,251,2657.075785,False,False,True,True,False,False,False,False,0,1.0,True
-26.520694,451,2662.76226,False,False,True,False,False,False,True,False,0,1.0,True
-27.348848,457,2668.678317,False,False,True,False,False,False,True,False,0,1.0,True
-27.806383,443,2674.383193,False,False,True,False,False,False,True,False,0,1.0,True
-24.710244,394,2679.427228,False,False,True,True,False,False,False,False,0,1.0,True
-34.781597,1166,2724.885149,False,False,True,True,False,False,False,False,0,1.0,True
-29.739067,933,2736.840183,False,False,True,True,False,False,False,False,0,1.0,True
-25.352474,409,2742.109076,False,False,True,False,False,False,True,False,0,1.0,True
-23.851081,363,2746.691986,False,False,True,True,False,False,False,False,0,1.0,True
-23.885796,380,2751.579699,False,False,True,True,False,False,False,False,0,1.0,True
-21.454906,226,2754.553987,False,False,True,True,False,False,False,False,0,1.0,True
-30.50695,487,2760.75859,False,False,True,False,False,False,True,False,0,1.0,True
-21.487025,591,2768.30021,False,False,True,False,True,False,False,False,0,1.0,True
-23.415151,350,2772.896347,False,False,True,False,False,False,True,False,0,1.0,True
-23.459029,263,2776.375191,False,False,True,True,False,False,False,False,0,1.0,True
-26.186553,410,2781.825154,False,False,True,True,False,False,False,False,0,1.0,True
-26.843698,698,2790.761797,False,False,True,True,False,False,False,False,0,1.0,True
-23.811471,335,2794.977676,False,False,True,True,False,False,False,False,0,1.0,True
-31.468239,711,2803.89301,False,False,True,False,False,False,True,False,0,1.0,True
-23.113633,397,2809.01799,False,False,True,True,False,False,False,False,0,1.0,True
-32.660485,827,2819.693913,False,False,True,True,False,False,False,False,0,1.0,True
-26.066313,638,2827.957712,False,False,True,False,False,False,True,False,0,1.0,True
-21.804828,374,2832.816542,False,False,True,True,False,False,False,False,0,1.0,True
-30.213368,1015,2845.858585,False,False,True,False,False,False,True,False,0,1.0,True
-25.225455,329,2849.94196,False,False,True,True,False,False,False,False,0,1.0,True
-26.403298,782,2859.998306,False,False,True,False,False,False,True,False,0,1.0,True
-29.141409,778,2869.882992,False,False,True,False,False,False,True,False,0,1.0,True
-27.056994,664,2878.466336,False,False,True,False,False,False,True,False,0,1.0,True
-23.084564,261,2881.716632,False,False,True,True,False,False,False,False,0,1.0,True
-23.404864,418,2887.09959,False,False,True,False,False,False,True,False,0,1.0,True
-24.257645,380,2891.997457,False,False,True,False,False,False,True,False,0,1.0,True
-35.538755,946,2903.952837,False,False,True,False,False,False,True,False,0,1.0,True
-25.101725,352,2908.441128,False,False,True,True,False,False,False,False,0,1.0,True
-27.314128,732,2918.016132,False,False,True,False,False,False,True,False,0,1.0,True
-24.786895,454,2923.807726,False,False,True,True,False,False,False,False,0,1.0,True
-24.668571,600,2931.484825,False,False,True,False,False,False,True,False,0,1.0,True
-23.953368,431,2937.015993,False,False,True,False,False,False,True,False,0,1.0,True
-24.010491,454,2942.813803,False,False,True,False,False,False,True,False,0,1.0,True
-21.657432,261,2946.241278,False,False,True,True,False,False,False,False,0,1.0,True
-22.307382,359,2950.841218,False,False,True,False,False,False,True,False,0,1.0,True
-27.616426,416,2956.101651,False,False,True,False,False,False,True,False,0,1.0,True
-30.159515,596,2963.642228,False,False,True,False,False,False,True,False,0,1.0,True
-27.309404,647,2971.790806,False,False,True,True,False,False,False,False,0,1.0,True
-21.168225,252,2975.140844,False,False,True,True,False,False,False,False,0,1.0,True
-25.989487,495,2981.518756,False,False,True,False,False,False,True,False,0,1.0,True
-29.397965,669,2990.057373,False,False,True,False,False,False,True,False,0,1.0,True
-21.193683,160,2992.101674,False,False,True,True,False,False,False,False,0,1.0,True
-42.934397,468,2998.233877,False,False,True,True,False,False,True,False,0,1.0,True
-27.586088,673,3006.836636,False,False,True,True,False,False,False,False,0,1.0,True
-23.535325,266,3010.232038,False,False,True,True,False,False,False,False,0,1.0,True
-25.062999,342,3014.582604,False,False,True,True,False,False,False,False,0,1.0,True
-23.021981,304,3018.51662,False,False,True,True,False,False,False,False,0,1.0,True
-24.35829,363,3023.225223,False,False,True,True,False,False,False,False,0,1.0,True
-25.759877,369,3028.065494,False,False,True,True,False,False,False,False,0,1.0,True
-24.673884,274,3031.614248,False,False,True,True,False,False,False,False,0,1.0,True
-21.749348,404,3039.565459,False,False,True,True,False,False,False,False,0,1.0,True
-24.367721,542,3046.625175,False,False,True,False,False,False,True,False,0,1.0,True
-24.635631,404,3051.919123,False,False,True,True,False,False,False,False,0,1.0,True
-25.481768,662,3060.523669,False,False,True,False,False,False,True,False,0,1.0,True
-25.68704,370,3065.273958,False,False,True,False,False,False,True,False,0,1.0,True
-23.521574,273,3068.828107,False,False,True,True,False,False,False,False,0,1.0,True
-30.575163,774,3078.773912,False,False,True,True,False,False,False,False,0,1.0,True
-24.054498,443,3084.466343,False,False,True,True,False,False,False,False,0,1.0,True
-26.609704,379,3089.381855,False,False,True,True,False,False,False,False,0,1.0,True
-28.62142,515,3095.989917,False,False,True,False,False,False,True,False,0,1.0,True
-24.206797,386,3101.03171,False,False,True,True,False,False,False,False,0,1.0,True
-24.571801,500,3107.659183,False,False,True,False,False,False,True,False,0,1.0,True
-23.849039,295,3111.481607,False,False,True,True,False,False,False,False,0,1.0,True
-24.626317,422,3116.874309,False,False,True,True,False,False,False,False,0,1.0,True
-23.861438,307,3120.760252,False,False,True,True,False,False,False,False,0,1.0,True
-22.3662,283,3124.424664,False,False,True,True,False,False,False,False,0,1.0,True
-25.004991,619,3132.373285,False,False,True,True,False,False,False,False,0,1.0,True
-24.071616,428,3137.91066,False,False,True,False,False,False,True,False,0,1.0,True
-25.861675,374,3142.791325,False,False,True,False,False,False,True,False,0,1.0,True
-29.4127,841,3153.47754,False,False,True,True,False,False,False,False,0,1.0,True
-24.686422,351,3158.013907,False,False,True,False,False,False,True,False,0,1.0,True
-25.285063,358,3162.649447,False,False,True,False,False,False,True,False,0,1.0,True
-26.960471,532,3169.508796,False,False,True,False,False,False,True,False,0,1.0,True
-25.287061,289,3173.260715,False,False,True,True,False,False,False,False,0,1.0,True
-30.75806,559,3180.531674,False,False,True,True,False,False,False,False,0,1.0,True
-23.734537,495,3186.789564,False,False,True,True,False,False,False,False,0,1.0,True
-27.139295,403,3192.21604,False,False,True,False,False,False,True,False,0,1.0,True
-27.296617,395,3197.241992,False,False,True,False,False,False,True,False,0,1.0,True
-26.208482,789,3207.230709,False,False,True,False,False,False,True,False,0,1.0,True
-26.4645,523,3213.848361,False,False,True,True,False,False,False,False,0,1.0,True
-24.408146,358,3218.434203,False,False,True,False,False,False,True,False,0,1.0,True
-24.351447,376,3223.18113,False,False,True,True,False,False,False,False,0,1.0,True
-25.2349,489,3229.452908,False,False,True,False,False,False,True,False,0,1.0,True
-26.299292,422,3234.806063,False,False,True,False,False,False,True,False,0,1.0,True
-25.698566,564,3242.003738,False,False,True,False,False,False,True,False,0,1.0,True
-24.016471,264,3245.415355,False,False,True,True,False,False,False,False,0,1.0,True
-21.954088,191,3247.858771,False,False,True,True,False,False,False,False,0,1.0,True
-21.41025,232,3250.840867,False,False,True,True,False,False,False,False,0,1.0,True
-21.224981,154,3252.789811,False,False,True,True,False,False,False,False,0,1.0,True
-30.162751,559,3259.963249,False,False,True,False,False,False,True,False,0,1.0,True
-29.329368,427,3265.399292,False,False,True,False,False,False,True,False,0,1.0,True
-39.902621,474,3271.433258,False,False,True,True,False,False,True,False,0,1.0,True
-22.918659,277,3275.018442,False,False,True,True,False,False,False,False,0,1.0,True
-29.361249,581,3282.515549,False,False,True,True,False,False,False,False,0,1.0,True
-29.187679,503,3289.040488,False,False,True,False,False,False,True,False,0,1.0,True
-25.296474,435,3294.539098,False,False,True,True,False,False,False,False,0,1.0,True
-21.782414,179,3296.828774,False,False,True,True,False,False,False,False,0,1.0,True
-24.672535,390,3301.808605,False,False,True,True,False,False,False,False,0,1.0,True
-26.185394,474,3307.898948,False,False,True,False,False,False,True,False,0,1.0,True
-24.341496,284,3311.530675,False,False,True,True,False,False,False,False,0,1.0,True
-29.996391,541,3318.513963,False,False,True,False,False,False,True,False,0,1.0,True
-22.939218,393,3323.538943,False,False,True,False,False,False,True,False,0,1.0,True
-24.252595,328,3327.864761,False,False,True,True,False,False,False,False,0,1.0,True
-22.304381,494,3334.29047,False,False,True,False,False,False,True,False,0,1.0,True
-27.514038,505,3340.840261,False,False,True,False,False,False,True,False,0,1.0,True
-26.299572,444,3346.448854,False,False,True,False,False,False,True,False,0,1.0,True
-22.83443,229,3349.298476,False,False,True,True,False,False,False,False,0,1.0,True
-26.271039,443,3355.012302,False,False,True,False,False,False,True,False,0,1.0,True
-24.292589,298,3358.788747,False,False,True,True,False,False,False,False,0,1.0,True
