#{"t_start": 1787221023.9779623, "env_id": "None"}
r,l,t,completed,gate_reached,constraint_success,phase1_speed_failure,premature_entry_failure,terminal_constraint_failure,distance_failure,time_failure,mission_phase,phase1_curriculum_difficulty,phase1_curriculum_full_sample
-29.726937,554,5.536233,False,False,True,True,False,False,False,False,0,1.0,True
-28.797663,482,7.77258,False,False,True,True,False,False,False,False,0,1.0,True
-28.495438,474,9.959134,False,False,True,True,False,False,False,False,0,1.0,True
-29.495543,503,12.290874,False,False,True,True,False,False,False,False,0,1.0,True
-30.750277,552,14.853216,False,False,True,True,False,False,False,False,0,1.0,True
-25.343545,386,16.640177,False,False,True,True,False,False,False,False,0,1.0,True
-27.922836,466,18.798973,False,False,True,True,False,False,False,False,0,1.0,True
-27.306051,475,21.011449,False,False,True,True,False,False,False,False,0,1.0,True
-26.713137,373,22.739148,False,False,True,True,False,False,False,False,0,1.0,True
-29.637333,529,25.170671,False,False,True,True,False,False,False,False,0,1.0,True
-27.068348,413,28.803145,False,False,True,True,False,False,False,False,0,1.0,True
-31.918992,784,37.654311,False,False,True,False,False,False,True,False,0,1.0,True
-29.326814,511,43.162603,False,False,True,True,False,False,False,False,0,1.0,True
-37.322442,1103,55.567884,False,False,True,False,False,False,True,False,0,1.0,True
-39.191686,1070,66.99158,False,False,True,False,False,False,True,False,0,1.0,True
-29.865812,819,76.115644,False,False,True,True,False,False,False,False,0,1.0,True
-30.753257,679,83.63514,False,False,True,False,False,False,True,False,0,1.0,True
-38.214665,1333,98.057986,False,False,True,False,False,False,True,False,0,1.0,True
-31.481845,972,108.644809,False,False,True,True,False,False,False,False,0,1.0,True
-31.085712,967,119.17984,False,False,True,True,False,False,False,False,0,1.0,True
-32.720026,880,128.81252,False,False,True,True,False,False,False,False,0,1.0,True
-26.651909,1007,139.813866,False,False,True,True,False,False,False,False,0,1.0,True
-25.596671,524,145.479171,False,False,True,True,False,False,False,False,0,1.0,True
-27.691253,694,152.972458,False,False,True,True,False,False,False,False,0,1.0,True
-24.558575,424,157.670828,False,False,True,True,False,False,False,False,0,1.0,True
-26.417623,452,162.510322,False,False,True,True,False,False,False,False,0,1.0,True
-31.788458,1236,176.01075,False,False,True,False,False,False,True,False,0,1.0,True
-24.889974,337,179.694114,False,False,True,True,False,False,False,False,0,1.0,True
-31.716524,641,186.645138,False,False,True,True,False,False,False,False,0,1.0,True
-21.392722,246,189.331819,False,False,True,True,False,False,False,False,0,1.0,True
-23.731243,385,193.53641,False,False,True,True,False,False,False,False,0,1.0,True
-23.482319,425,198.157785,False,False,True,True,False,False,False,False,0,1.0,True
-31.343455,796,206.763597,False,False,True,True,False,False,False,False,0,1.0,True
-24.619582,658,213.937225,False,False,True,True,False,False,False,False,0,1.0,True
-30.330604,886,225.648178,False,False,True,True,False,False,False,False,0,1.0,True
-23.894943,439,230.459768,False,False,True,True,False,False,False,False,0,1.0,True
-23.379052,471,235.462925,False,False,True,True,False,False,False,False,0,1.0,True
-26.540371,415,240.009296,False,False,True,True,False,False,False,False,0,1.0,True
-25.020169,694,250.357776,False,False,True,True,False,False,False,False,0,1.0,True
-24.858468,356,254.978321,False,False,True,True,False,False,False,False,0,1.0,True
-23.818462,348,258.815762,False,False,True,True,False,False,False,False,0,1.0,True
-24.837242,673,266.108454,False,False,True,True,False,False,False,False,0,1.0,True
-29.616841,854,275.203641,False,False,True,True,False,False,False,False,0,1.0,True
-26.484234,693,282.682107,False,False,True,True,False,False,False,False,0,1.0,True
-23.758142,372,286.585445,False,False,True,True,False,False,False,False,0,1.0,True
-27.125093,606,293.435966,False,False,True,True,False,False,False,False,0,1.0,True
-25.698139,547,299.234747,False,False,True,True,False,False,False,False,0,1.0,True
-33.562002,895,308.696333,False,False,True,False,False,False,True,False,0,1.0,True
-29.114509,530,314.270585,False,False,True,True,False,False,False,False,0,1.0,True
-24.350967,451,319.085001,False,False,True,True,False,False,False,False,0,1.0,True
-43.510549,1577,335.771284,False,False,True,True,False,False,False,False,0,1.0,True
-35.508495,953,345.977222,False,False,True,False,False,False,True,False,0,1.0,True
-33.656263,721,353.396585,False,False,True,False,False,False,True,False,0,1.0,True
-27.062425,783,361.733197,False,False,True,False,False,False,True,False,0,1.0,True
-25.258101,509,367.205503,False,False,True,False,False,False,True,False,0,1.0,True
-31.277448,954,377.224878,False,False,True,False,False,False,True,False,0,1.0,True
-24.352131,460,382.065642,False,False,True,True,False,False,False,False,0,1.0,True
4.847076,329,385.564522,True,True,True,False,False,False,False,False,0,1.0,True
-43.025255,1607,402.957348,False,False,True,True,False,False,False,False,0,1.0,True
-23.830309,490,407.984422,False,False,True,True,False,False,False,False,0,1.0,True
-27.328482,539,413.674176,False,False,True,True,False,False,False,False,0,1.0,True
-37.557123,1107,425.480205,False,False,True,True,False,False,False,False,0,1.0,True
-29.569973,852,434.563198,False,False,True,True,False,False,False,False,0,1.0,True
-30.893474,836,443.359267,False,False,True,False,False,False,True,False,0,1.0,True
-27.544051,498,448.554786,False,False,True,True,False,False,False,False,0,1.0,True
-27.626393,803,457.127613,False,False,True,True,False,False,False,False,0,1.0,True
-29.551074,663,464.209166,False,False,True,True,False,False,False,False,0,1.0,True
-28.534066,476,471.393742,False,False,True,True,False,False,False,False,0,1.0,True
-26.271432,384,476.089148,False,False,True,True,False,False,False,False,0,1.0,True
-27.289419,712,488.360632,False,False,True,True,False,False,False,False,0,1.0,True
-25.661524,433,495.940232,False,False,True,True,False,False,False,False,0,1.0,True
-29.492729,789,509.312334,False,False,True,True,False,False,False,False,0,1.0,True
-27.828544,605,520.038939,False,False,True,False,False,False,True,False,0,1.0,True
4.67586,193,523.601825,True,True,True,False,False,False,False,False,0,1.0,True
-24.544808,456,531.92577,False,False,True,True,False,False,False,False,0,1.0,True
-23.829942,338,538.42038,False,False,True,True,False,False,False,False,0,1.0,True
-27.902986,632,600.663026,False,False,True,False,False,False,True,False,0,1.0,True
-29.946095,588,607.307413,False,False,True,True,False,False,False,False,0,1.0,True
-30.784383,757,618.594391,False,False,True,False,False,False,True,False,0,1.0,True
5.098227,103,620.149936,True,True,True,False,False,False,False,False,0,1.0,True
-28.506477,520,628.124362,False,False,True,False,False,False,True,False,0,1.0,True
-29.139607,637,637.81499,False,False,True,True,False,False,False,False,0,1.0,True
-28.021392,469,644.646668,False,False,True,True,False,False,False,False,0,1.0,True
-30.422492,792,655.914427,False,False,True,False,False,False,True,False,0,1.0,True
5.287924,130,657.44294,True,True,True,False,False,False,False,False,0,1.0,True
-31.216177,695,665.795716,False,False,True,True,False,False,False,False,0,1.0,True
-23.712668,427,670.78324,False,False,True,True,False,False,False,False,0,1.0,True
-26.923892,528,676.915174,False,False,True,True,False,False,False,False,0,1.0,True
-27.128742,526,682.980166,False,False,True,True,False,False,False,False,0,1.0,True
-19.556821,318,686.610242,False,False,True,False,True,False,False,False,0,1.0,True
-33.963865,640,693.703575,False,False,True,True,False,False,False,False,0,1.0,True
-26.942645,503,699.33659,False,False,True,True,False,False,False,False,0,1.0,True
-26.798414,585,706.225451,False,False,True,True,False,False,False,False,0,1.0,True
-19.881495,300,709.569215,False,False,True,False,True,False,False,False,0,1.0,True
-33.701076,872,719.475279,False,False,True,False,False,False,True,False,0,1.0,True
-20.136462,281,723.34205,False,False,True,False,True,False,False,False,0,1.0,True
-32.228638,794,732.135822,False,False,True,True,False,False,False,False,0,1.0,True
-20.806759,337,736.095272,False,False,True,False,True,False,False,False,0,1.0,True
-32.324382,730,744.445746,False,False,True,True,False,False,False,False,0,1.0,True
-20.175403,278,747.622056,False,False,True,False,True,False,False,False,0,1.0,True
-32.76564,928,758.478677,False,False,True,True,False,False,False,False,0,1.0,True
-23.516091,334,762.343654,False,False,True,False,True,False,False,False,0,1.0,True
-36.995565,844,772.080207,False,False,True,True,False,False,False,False,0,1.0,True
-27.115658,575,778.50896,False,False,True,True,False,False,False,False,0,1.0,True
-26.724182,391,784.859599,False,False,True,True,False,False,False,False,0,1.0,True
-36.457577,1049,796.914713,False,False,True,True,False,False,False,False,0,1.0,True
-33.049174,1161,809.047121,False,False,True,False,False,False,True,False,0,1.0,True
-24.687918,612,815.573594,False,False,True,True,False,False,False,False,0,1.0,True
-27.714589,829,825.486079,False,False,True,True,False,False,False,False,0,1.0,True
-25.166639,346,829.23511,False,False,True,True,False,False,False,False,0,1.0,True
-26.502216,353,833.05274,False,False,True,True,False,False,False,False,0,1.0,True
-29.696799,846,842.105962,False,False,True,True,False,False,False,False,0,1.0,True
-32.349274,1058,853.371213,False,False,True,True,False,False,False,False,0,1.0,True
-27.015351,405,857.680417,False,False,True,True,False,False,False,False,0,1.0,True
-26.554513,393,861.878888,False,False,True,True,False,False,False,False,0,1.0,True
-26.122089,378,865.71981,False,False,True,True,False,False,False,False,0,1.0,True
-38.789899,1116,878.038815,False,False,True,False,False,False,True,False,0,1.0,True
-29.284555,598,884.506854,False,False,True,True,False,False,False,False,0,1.0,True
-29.273344,615,891.077785,False,False,True,True,False,False,False,False,0,1.0,True
-25.507562,404,898.070184,False,False,True,True,False,False,False,False,0,1.0,True
-27.006395,446,902.822908,False,False,True,True,False,False,False,False,0,1.0,True
-24.997864,605,909.227141,False,False,True,True,False,False,False,False,0,1.0,True
-24.298234,402,913.630093,False,False,True,True,False,False,False,False,0,1.0,True
-32.044046,665,920.413378,False,False,True,True,False,False,False,False,0,1.0,True
-25.945661,983,930.731181,False,False,True,True,False,False,False,False,0,1.0,True
-39.844182,1306,944.549375,False,False,True,True,False,False,False,False,0,1.0,True
-25.504437,416,948.743939,False,False,True,True,False,False,False,False,0,1.0,True
5.65349,144,950.298362,True,True,True,False,False,False,False,False,0,1.0,True
-32.619163,942,960.467109,False,False,True,True,False,False,False,False,0,1.0,True
-18.836644,286,963.483056,False,False,True,False,True,False,False,False,0,1.0,True
4.350424,219,965.962106,True,True,True,False,False,False,False,False,0,1.0,True
-19.480934,350,969.612152,False,False,True,False,True,False,False,False,0,1.0,True
-19.854866,520,975.180789,False,False,True,False,True,False,False,False,0,1.0,True
-18.363719,386,979.220336,False,False,True,False,True,False,False,False,0,1.0,True
3.612587,166,981.07701,True,True,True,False,False,False,False,False,0,1.0,True
-22.530505,563,987.044657,False,False,True,False,True,False,False,False,0,1.0,True
-34.423088,976,997.520902,False,False,True,False,False,False,True,False,0,1.0,True
-18.134777,282,1000.63947,False,False,True,False,True,False,False,False,0,1.0,True
-21.262666,591,1006.846732,False,False,True,False,True,False,False,False,0,1.0,True
5.14,216,1009.165964,True,True,True,False,False,False,False,False,0,1.0,True
-37.635118,937,1019.152605,False,False,True,True,False,False,False,False,0,1.0,True
-44.876787,1560,1035.956707,False,False,True,True,False,False,False,False,0,1.0,True
-39.179176,1089,1047.154661,False,False,True,False,False,False,True,False,0,1.0,True
-30.697193,727,1054.813886,False,False,True,True,False,False,False,False,0,1.0,True
-27.717149,604,1061.402325,False,False,True,True,False,False,False,False,0,1.0,True
-30.079136,487,1066.719873,False,False,True,True,False,False,False,False,0,1.0,True
3.939185,214,1069.029187,True,True,True,False,False,False,False,False,0,1.0,True
-17.158864,273,1071.884749,False,False,True,False,True,False,False,False,0,1.0,True
-18.299184,351,1075.606853,False,False,True,False,True,False,False,False,0,1.0,True
-36.032324,1066,1087.742644,False,False,True,True,False,False,False,False,0,1.0,True
-18.215021,465,1092.88435,False,False,True,False,True,False,False,False,0,1.0,True
4.161143,294,1096.55349,True,True,True,False,False,False,False,False,0,1.0,True
-26.633107,348,1100.147715,False,False,True,True,False,False,False,False,0,1.0,True
-27.568758,940,1110.196353,False,False,True,True,False,False,False,False,0,1.0,True
-17.779732,391,1114.270118,False,False,True,False,True,False,False,False,0,1.0,True
-32.579593,564,1120.253485,False,False,True,True,False,False,False,False,0,1.0,True
-32.840302,735,1128.345519,False,False,True,True,False,False,False,False,0,1.0,True
5.040228,289,1131.43923,True,True,True,False,False,False,False,False,0,1.0,True
4.349961,111,1132.656118,True,True,True,False,False,False,False,False,0,1.0,True
-32.51321,830,1141.459091,False,False,True,True,False,False,False,False,0,1.0,True
-34.349529,815,1149.827314,False,False,True,True,False,False,False,False,0,1.0,True
-27.88669,670,1157.290276,False,False,True,True,False,False,False,False,0,1.0,True
-29.985049,824,1205.778811,False,False,True,True,False,False,False,False,0,1.0,True
4.755981,123,1207.103779,True,True,True,False,False,False,False,False,0,1.0,True
-28.253211,773,1215.511195,False,False,True,True,False,False,False,False,0,1.0,True
-30.579901,823,1224.258572,False,False,True,True,False,False,False,False,0,1.0,True
-34.423665,1150,1236.316196,False,False,True,False,False,False,True,False,0,1.0,True
-29.952652,1050,1247.311857,False,False,True,True,False,False,False,False,0,1.0,True
-31.145592,862,1256.321329,False,False,True,True,False,False,False,False,0,1.0,True
-30.213641,705,1263.760889,False,False,True,True,False,False,False,False,0,1.0,True
-29.909015,760,1271.890074,False,False,True,True,False,False,False,False,0,1.0,True
-21.936908,743,1279.652194,False,False,True,False,True,False,False,False,0,1.0,True
-28.371518,854,1288.572469,False,False,True,True,False,False,False,False,0,1.0,True
-31.673319,879,1298.036101,False,False,True,True,False,False,False,False,0,1.0,True
5.526795,169,1299.864876,True,True,True,False,False,False,False,False,0,1.0,True
-26.044881,479,1304.876565,False,False,True,True,False,False,False,False,0,1.0,True
-25.907266,840,1313.673318,False,False,True,True,False,False,False,False,0,1.0,True
-30.009472,643,1320.587698,False,False,True,False,False,False,True,False,0,1.0,True
-26.307431,562,1326.489453,False,False,True,True,False,False,False,False,0,1.0,True
3.879066,381,1330.402155,True,True,True,False,False,False,False,False,0,1.0,True
-30.661264,868,1339.600522,False,False,True,True,False,False,False,False,0,1.0,True
4.479551,169,1341.264965,True,True,True,False,False,False,False,False,0,1.0,True
-28.02326,713,1348.79704,False,False,True,True,False,False,False,False,0,1.0,True
-21.737084,550,1354.538198,False,False,True,False,True,False,False,False,0,1.0,True
-28.964639,860,1363.738547,False,False,True,True,False,False,False,False,0,1.0,True
-30.213707,679,1370.941801,False,False,True,True,False,False,False,False,0,1.0,True
-28.095932,907,1380.721108,False,False,True,True,False,False,False,False,0,1.0,True
4.174439,752,1388.683197,True,True,True,False,False,False,False,False,0,1.0,True
-25.401782,507,1394.112222,False,False,True,True,False,False,False,False,0,1.0,True
2.68114,456,1398.894214,True,True,True,False,False,False,False,False,0,1.0,True
-31.753589,557,1405.15913,False,False,True,False,False,False,True,False,0,1.0,True
-22.251326,337,1408.691452,False,False,True,True,False,False,False,False,0,1.0,True
-35.050632,1012,1419.390207,False,False,True,True,False,False,False,False,0,1.0,True
-21.849473,657,1426.452038,False,False,True,False,True,False,False,False,0,1.0,True
-29.60404,1218,1439.53126,False,False,True,True,False,False,False,False,0,1.0,True
-24.355196,352,1443.259092,False,False,True,True,False,False,False,False,0,1.0,True
5.094387,253,1446.008781,True,True,True,False,False,False,False,False,0,1.0,True
-22.155751,501,1451.319757,False,False,True,False,True,False,False,False,0,1.0,True
-18.64258,380,1455.588612,False,False,True,False,True,False,False,False,0,1.0,True
-18.364803,352,1459.26825,False,False,True,False,True,False,False,False,0,1.0,True
-32.980493,759,1467.358889,False,False,True,True,False,False,False,False,0,1.0,True
-19.627351,527,1475.63405,False,False,True,False,True,False,False,False,0,1.0,True
-28.557039,793,1483.954968,False,False,True,True,False,False,False,False,0,1.0,True
-29.017962,477,1489.446303,False,False,True,True,False,False,False,False,0,1.0,True
-22.614014,317,1492.735828,False,False,True,True,False,False,False,False,0,1.0,True
-32.554374,933,1502.652853,False,False,True,True,False,False,False,False,0,1.0,True
-35.178945,1537,1518.794359,False,False,True,True,False,False,False,False,0,1.0,True
-22.893332,315,1522.201862,False,False,True,True,False,False,False,False,0,1.0,True
-36.194183,995,1532.999201,False,False,True,True,False,False,False,False,0,1.0,True
-32.296135,733,1540.609921,False,False,True,False,False,False,True,False,0,1.0,True
-32.888733,837,1549.42053,False,False,True,True,False,False,False,False,0,1.0,True
-33.532609,764,1557.473737,False,False,True,False,False,False,True,False,0,1.0,True
-33.129896,643,1564.477193,False,False,True,False,False,False,True,False,0,1.0,True
-35.256573,1032,1575.507052,False,False,True,False,False,False,True,False,0,1.0,True
-22.721718,288,1578.62918,False,False,True,True,False,False,False,False,0,1.0,True
-22.349866,426,1583.081627,False,False,True,True,False,False,False,False,0,1.0,True
-25.534906,484,1588.01334,False,False,True,True,False,False,False,False,0,1.0,True
-22.717992,424,1592.769177,False,False,True,True,False,False,False,False,0,1.0,True
-34.174371,954,1602.929804,False,False,True,False,False,False,True,False,0,1.0,True
-27.312895,497,1608.33235,False,False,True,True,False,False,False,False,0,1.0,True
-24.734212,489,1613.545738,False,False,True,True,False,False,False,False,0,1.0,True
-22.879142,250,1616.007515,False,False,True,True,False,False,False,False,0,1.0,True
-31.95731,669,1623.238393,False,False,True,False,False,False,True,False,0,1.0,True
-33.749859,702,1630.941279,False,False,True,False,False,False,True,False,0,1.0,True
-29.430468,804,1639.69119,False,False,True,False,False,False,True,False,0,1.0,True
-29.443928,767,1648.467847,False,False,True,True,False,False,False,False,0,1.0,True
-27.542006,566,1654.32011,False,False,True,True,False,False,False,False,0,1.0,True
-29.189092,780,1662.593337,False,False,True,True,False,False,False,False,0,1.0,True
-34.032935,942,1672.650629,False,False,True,False,True,False,False,False,0,1.0,True
-31.100438,675,1679.745047,False,False,True,False,False,False,True,False,0,1.0,True
-35.464163,1102,1691.396995,False,False,True,False,False,False,True,False,0,1.0,True
-34.952819,837,1700.652854,False,False,True,False,False,False,True,False,0,1.0,True
0.24612,979,1711.427022,True,True,True,False,False,False,False,False,0,1.0,True
-41.507757,1305,1726.399994,False,False,True,True,False,False,False,False,0,1.0,True
-29.846287,1179,1739.247756,False,False,True,True,False,False,False,False,0,1.0,True
-26.773429,735,1749.852091,False,False,True,True,False,False,False,False,0,1.0,True
5.346523,165,1751.461686,True,True,True,False,False,False,False,False,0,1.0,True
-40.16004,1762,1770.424113,False,False,True,False,False,False,True,False,0,1.0,True
-28.936162,1263,1783.713055,False,False,True,True,False,False,False,False,0,1.0,True
-33.36036,1400,1798.99567,False,False,True,True,False,False,False,False,0,1.0,True
-25.862988,420,1803.39711,False,False,True,True,False,False,False,False,0,1.0,True
-31.536542,942,1813.280069,False,False,True,False,False,False,True,False,0,1.0,True
-28.839081,587,1819.341859,False,False,True,True,False,False,False,False,0,1.0,True
-30.915898,836,1828.363825,False,False,True,False,False,False,True,False,0,1.0,True
-31.634602,1722,1846.641415,False,False,True,True,False,False,False,False,0,1.0,True
3.371353,402,1850.996909,True,True,True,False,False,False,False,False,0,1.0,True
4.618216,309,1854.268507,True,True,True,False,False,False,False,False,0,1.0,True
-32.701779,924,1864.036415,False,False,True,False,False,False,True,False,0,1.0,True
-27.858948,476,1869.228629,False,False,True,True,False,False,False,False,0,1.0,True
-35.365539,876,1878.651948,False,False,True,True,False,False,False,False,0,1.0,True
-27.909362,613,1885.203986,False,False,True,False,False,False,True,False,0,1.0,True
2.516636,741,1893.014446,True,True,True,False,False,False,False,False,0,1.0,True
-30.27798,890,1902.469465,False,False,True,False,False,False,True,False,0,1.0,True
4.760246,108,1903.539373,True,True,True,False,False,False,False,False,0,1.0,True
-25.640081,569,1909.75769,False,False,True,True,False,False,False,False,0,1.0,True
-29.247372,847,1918.599722,False,False,True,True,False,False,False,False,0,1.0,True
-29.639401,712,1926.186178,False,False,True,False,False,False,True,False,0,1.0,True
-23.897579,272,1929.101281,False,False,True,True,False,False,False,False,0,1.0,True
-26.473024,633,1935.672131,False,False,True,False,False,False,True,False,0,1.0,True
-29.067286,857,1944.602883,False,False,True,True,False,False,False,False,0,1.0,True
-32.950056,1833,1964.142828,False,False,True,True,False,False,False,False,0,1.0,True
-18.497128,522,1969.729759,False,False,True,False,True,False,False,False,0,1.0,True
1.5657,818,1978.328079,True,True,True,False,False,False,False,False,0,1.0,True
-26.969842,661,1985.458695,False,False,True,True,False,False,False,False,0,1.0,True
4.323213,686,1992.741235,True,True,True,False,False,False,False,False,0,1.0,True
-30.533613,1097,2004.474203,False,False,True,True,False,False,False,False,0,1.0,True
3.528317,355,2008.156489,True,True,True,False,False,False,False,False,0,1.0,True
3.385337,608,2016.895317,True,True,True,False,False,False,False,False,0,1.0,True
4.069184,411,2021.250562,True,True,True,False,False,False,False,False,0,1.0,True
-26.427576,497,2026.506981,False,False,True,True,False,False,False,False,0,1.0,True
4.405403,517,2031.96705,True,True,True,False,False,False,False,False,0,1.0,True
-21.974684,902,2041.456887,False,False,True,False,True,False,False,False,0,1.0,True
-18.970428,730,2049.091079,False,False,True,False,True,False,False,False,0,1.0,True
-26.271891,461,2053.881173,False,False,True,True,False,False,False,False,0,1.0,True
-25.210365,457,2058.812778,False,False,True,True,False,False,False,False,0,1.0,True
5.558496,404,2063.132766,True,True,True,False,False,False,False,False,0,1.0,True
5.325267,400,2067.338813,True,True,True,False,False,False,False,False,0,1.0,True
5.358386,236,2069.88999,True,True,True,False,False,False,False,False,0,1.0,True
-20.870495,803,2078.469303,False,False,True,False,True,False,False,False,0,1.0,True
-28.4456,803,2087.154122,False,False,True,True,False,False,False,False,0,1.0,True
4.74333,244,2089.846801,True,True,True,False,False,False,False,False,0,1.0,True
2.738536,961,2100.151695,True,True,True,False,False,False,False,False,0,1.0,True
3.864462,293,2103.351133,True,True,True,False,False,False,False,False,0,1.0,True
4.164291,513,2108.76423,True,True,True,False,False,False,False,False,0,1.0,True
-26.108194,401,2112.989738,False,False,True,True,False,False,False,False,0,1.0,True
-23.611172,320,2116.483877,False,False,True,True,False,False,False,False,0,1.0,True
-24.307569,370,2120.461911,False,False,True,True,False,False,False,False,0,1.0,True
-27.844459,476,2125.315341,False,False,True,True,False,False,False,False,0,1.0,True
3.272195,571,2131.334418,True,True,True,False,False,False,False,False,0,1.0,True
3.058998,610,2137.879073,True,True,True,False,False,False,False,False,0,1.0,True
-31.431101,898,2147.421407,False,False,True,False,False,False,True,False,0,1.0,True
-35.481365,930,2157.482868,False,False,True,False,False,False,True,False,0,1.0,True
-24.156249,319,2160.803541,False,False,True,True,False,False,False,False,0,1.0,True
-22.573444,1134,2172.788072,False,False,True,False,True,False,False,False,0,1.0,True
-24.278587,305,2176.027412,False,False,True,True,False,False,False,False,0,1.0,True
-33.318245,1298,2189.827382,False,False,True,True,False,False,False,False,0,1.0,True
-26.671949,399,2194.209739,False,False,True,True,False,False,False,False,0,1.0,True
1.374467,1093,2205.782341,True,True,True,False,False,False,False,False,0,1.0,True
-25.48133,1371,2220.355627,False,False,True,False,True,False,False,False,0,1.0,True
2.374698,520,2225.797652,True,True,True,False,False,False,False,False,0,1.0,True
5.31204,161,2227.523313,True,True,True,False,False,False,False,False,0,1.0,True
-26.518473,666,2234.642168,False,False,True,True,False,False,False,False,0,1.0,True
3.737352,403,2239.160574,True,True,True,False,False,False,False,False,0,1.0,True
-19.834116,484,2244.304138,False,False,True,False,True,False,False,False,0,1.0,True
-33.819352,1166,2256.734512,False,False,True,False,False,False,True,False,0,1.0,True
1.403848,853,2265.727295,True,True,True,False,False,False,False,False,0,1.0,True
-28.608336,748,2273.720223,False,False,True,True,False,False,False,False,0,1.0,True
-26.727245,863,2364.963886,False,False,True,False,True,False,False,False,0,1.0,True
4.332831,342,2368.464328,True,True,True,False,False,False,False,False,0,1.0,True
-31.770383,1339,2382.750076,False,False,True,True,False,False,False,False,0,1.0,True
-26.614645,430,2387.525548,False,False,True,True,False,False,False,False,0,1.0,True
-27.130058,768,2395.805709,False,False,True,True,False,False,False,False,0,1.0,True
2.942636,514,2401.079933,True,True,True,False,False,False,False,False,0,1.0,True
-31.643133,1004,2411.819849,False,False,True,False,False,False,True,False,0,1.0,True
-22.88399,295,2414.918745,False,False,True,True,False,False,False,False,0,1.0,True
-22.887366,323,2418.189651,False,False,True,True,False,False,False,False,0,1.0,True
-27.855896,675,2425.281295,False,False,True,True,False,False,False,False,0,1.0,True
4.537612,231,2427.711529,True,True,True,False,False,False,False,False,0,1.0,True
-27.36805,513,2433.210305,False,False,True,True,False,False,False,False,0,1.0,True
-32.812603,746,2441.270369,False,False,True,False,False,False,True,False,0,1.0,True
-28.934787,476,2446.350957,False,False,True,False,False,False,True,False,0,1.0,True
-33.667981,1053,2457.52295,False,False,True,False,False,False,True,False,0,1.0,True
-32.778417,872,2467.497636,False,False,True,False,False,False,True,False,0,1.0,True
-28.538082,726,2476.09665,False,False,True,False,False,False,True,False,0,1.0,True
-25.306363,358,2479.838153,False,False,True,True,False,False,False,False,0,1.0,True
-25.899548,577,2486.021811,False,False,True,True,False,False,False,False,0,1.0,True
-30.660945,589,2492.31759,False,False,True,True,False,False,False,False,0,1.0,True
4.813672,276,2495.182644,True,True,True,False,False,False,False,False,0,1.0,True
-30.529253,641,2502.136045,False,False,True,False,False,False,True,False,0,1.0,True
-34.143356,1093,2513.704684,False,False,True,True,False,False,False,False,0,1.0,True
-35.360637,898,2523.074569,False,False,True,True,False,False,False,False,0,1.0,True
4.565081,148,2524.605014,True,True,True,False,False,False,False,False,0,1.0,True
-25.439807,539,2530.436528,False,False,True,True,False,False,False,False,0,1.0,True
5.146021,393,2534.871647,True,True,True,False,False,False,False,False,0,1.0,True
-17.95336,528,2540.403407,False,False,True,False,True,False,False,False,0,1.0,True
-25.085459,581,2546.560617,False,False,True,True,False,False,False,False,0,1.0,True
4.101627,195,2548.54042,True,True,True,False,False,False,False,False,0,1.0,True
-25.158993,664,2555.507044,False,False,True,True,False,False,False,False,0,1.0,True
-24.479951,429,2560.077513,False,False,True,True,False,False,False,False,0,1.0,True
5.102781,173,2562.054051,True,True,True,False,False,False,False,False,0,1.0,True
3.803973,307,2565.226303,True,True,True,False,False,False,False,False,0,1.0,True
-25.59568,419,2569.712467,False,False,True,True,False,False,False,False,0,1.0,True
5.322999,267,2572.453554,True,True,True,False,False,False,False,False,0,1.0,True
-30.417236,707,2580.105522,False,False,True,False,False,False,True,False,0,1.0,True
4.762895,214,2582.32313,True,True,True,False,False,False,False,False,0,1.0,True
4.136532,257,2585.103672,True,True,True,False,False,False,False,False,0,1.0,True
-25.525486,521,2590.637846,False,False,True,True,False,False,False,False,0,1.0,True
-30.572903,654,2597.658933,False,False,True,True,False,False,False,False,0,1.0,True
5.35543,207,2599.785957,True,True,True,False,False,False,False,False,0,1.0,True
-27.02487,690,2607.286586,False,False,True,True,False,False,False,False,0,1.0,True
5.308758,263,2610.570341,True,True,True,False,False,False,False,False,0,1.0,True
4.577442,101,2611.81915,True,True,True,False,False,False,False,False,0,1.0,True
-29.666926,554,2620.095599,False,False,True,False,False,False,True,False,0,1.0,True
-31.224172,644,2629.945273,False,False,True,True,False,False,False,False,0,1.0,True
4.660325,246,2633.109934,True,True,True,False,False,False,False,False,0,1.0,True
-27.649479,465,2641.474421,False,False,True,True,False,False,False,False,0,1.0,True
5.108806,330,2645.394393,True,True,True,False,False,False,False,False,0,1.0,True
-28.691697,422,2650.222733,False,False,True,True,False,False,False,False,0,1.0,True
-32.008791,790,2660.253126,False,False,True,True,False,False,False,False,0,1.0,True
4.561726,434,2665.168633,True,True,True,False,False,False,False,False,0,1.0,True
-32.504831,809,2674.483252,False,False,True,True,False,False,False,False,0,1.0,True
-27.539642,490,2680.285063,False,False,True,True,False,False,False,False,0,1.0,True
-21.571914,352,2684.41799,False,False,True,False,True,False,False,False,0,1.0,True
3.480685,414,2689.544965,True,True,True,False,False,False,False,False,0,1.0,True
-25.533781,566,2696.543796,False,False,True,True,False,False,False,False,0,1.0,True
5.813845,280,2699.919866,True,True,True,False,False,False,False,False,0,1.0,True
-26.062237,465,2705.30998,False,False,True,False,False,False,True,False,0,1.0,True
-28.207502,754,2713.922538,False,False,True,True,False,False,False,False,0,1.0,True
-27.369147,366,2718.16076,False,False,True,False,False,False,True,False,0,1.0,True
4.662124,182,2720.314888,True,True,True,False,False,False,False,False,0,1.0,True
-26.860752,670,2728.627947,False,False,True,True,False,False,False,False,0,1.0,True
-26.111374,426,2733.676148,False,False,True,True,False,False,False,False,0,1.0,True
-33.017687,833,2743.10434,False,False,True,True,False,False,False,False,0,1.0,True
-26.726584,435,2747.941922,False,False,True,True,False,False,False,False,0,1.0,True
-23.857238,229,2750.332729,False,False,True,True,False,False,False,False,0,1.0,True
-24.976087,339,2754.080935,False,False,True,True,False,False,False,False,0,1.0,True
-36.6806,1024,2765.259129,False,False,True,True,False,False,False,False,0,1.0,True
-25.410795,305,2768.673783,False,False,True,True,False,False,False,False,0,1.0,True
-29.452786,573,2774.94261,False,False,True,True,False,False,False,False,0,1.0,True
-29.600797,542,2780.821772,False,False,True,False,False,False,True,False,0,1.0,True
-31.932311,662,2788.159487,False,False,True,False,False,False,True,False,0,1.0,True
4.643741,295,2791.26416,True,True,True,False,False,False,False,False,0,1.0,True
4.724412,323,2794.785537,True,True,True,False,False,False,False,False,0,1.0,True
-29.006067,415,2799.31454,False,False,True,False,False,False,True,False,0,1.0,True
-30.239806,674,2806.593875,False,False,True,False,False,False,True,False,0,1.0,True
-33.146544,1064,2818.16655,False,False,True,False,False,False,True,False,0,1.0,True
-30.86169,786,2826.468259,False,False,True,True,False,False,False,False,0,1.0,True
-27.110755,433,2831.653499,False,False,True,False,False,False,True,False,0,1.0,True
4.235059,298,2835.116115,True,True,True,False,False,False,False,False,0,1.0,True
-30.118465,497,2841.093243,False,False,True,False,False,False,True,False,0,1.0,True
-29.90674,474,2846.434239,False,False,True,False,False,False,True,False,0,1.0,True
-29.264698,400,2850.800436,False,False,True,False,False,False,True,False,0,1.0,True
-27.261684,339,2854.494258,False,False,True,True,False,False,False,False,0,1.0,True
-30.651188,900,2864.221555,False,False,True,True,False,False,False,False,0,1.0,True
-22.987868,290,2867.371876,False,False,True,True,False,False,False,False,0,1.0,True
-29.014559,479,2872.418247,False,False,True,False,False,False,True,False,0,1.0,True
4.755665,240,2875.048248,True,True,True,False,False,False,False,False,0,1.0,True
-27.969618,396,2879.58487,False,False,True,True,False,False,False,False,0,1.0,True
-18.733526,361,2883.802873,False,False,True,False,True,False,False,False,0,1.0,True
-23.871761,242,2886.629838,False,False,True,True,False,False,False,False,0,1.0,True
3.745042,301,2890.23224,True,True,True,False,False,False,False,False,0,1.0,True
-31.1936,602,2897.681819,False,False,True,True,False,False,False,False,0,1.0,True
-25.085219,357,2902.304693,False,False,True,True,False,False,False,False,0,1.0,True
-26.494592,1026,2914.567524,False,False,True,False,True,False,False,False,0,1.0,True
3.32444,226,2917.263128,True,True,True,False,False,False,False,False,0,1.0,True
-24.488363,274,2920.859164,False,False,True,True,False,False,False,False,0,1.0,True
-21.907816,268,2927.214143,False,False,True,True,False,False,False,False,0,1.0,True
-24.219327,302,2930.670994,False,False,True,True,False,False,False,False,0,1.0,True
-24.062025,244,2933.645418,False,False,True,True,False,False,False,False,0,1.0,True
-31.425834,630,2942.510814,False,False,True,True,False,False,False,False,0,1.0,True
-23.654657,237,2945.312113,False,False,True,True,False,False,False,False,0,1.0,True
-29.450387,470,2951.07529,False,False,True,False,False,False,True,False,0,1.0,True
-30.606889,456,2956.789262,False,False,True,True,False,False,False,False,0,1.0,True
-21.603642,330,2960.791547,False,False,True,False,True,False,False,False,0,1.0,True
-17.521545,340,2964.984753,False,False,True,False,True,False,False,False,0,1.0,True
-29.722473,447,2970.567324,False,False,True,False,False,False,True,False,0,1.0,True
-26.78987,341,2974.844001,False,False,True,True,False,False,False,False,0,1.0,True
4.4282,386,2979.54617,True,True,True,False,False,False,False,False,0,1.0,True
-31.385741,590,2987.01842,False,False,True,False,False,False,True,False,0,1.0,True
-31.458756,627,2994.748142,False,False,True,True,False,False,False,False,0,1.0,True
-29.560632,603,3002.113591,False,False,True,False,False,False,True,False,0,1.0,True
-17.892054,414,3007.159614,False,False,True,False,True,False,False,False,0,1.0,True
-33.094499,753,3016.633843,False,False,True,False,False,False,True,False,0,1.0,True
-28.675234,424,3022.059859,False,False,True,True,False,False,False,False,0,1.0,True
-29.532035,480,3028.26375,False,False,True,False,False,False,True,False,0,1.0,True
3.789076,359,3032.667026,True,True,True,False,False,False,False,False,0,1.0,True
-27.081759,672,3040.868197,False,False,True,False,False,False,True,False,0,1.0,True
5.019896,289,3044.500941,True,True,True,False,False,False,False,False,0,1.0,True
-30.148739,665,3052.583992,False,False,True,False,False,False,True,False,0,1.0,True
-28.109803,368,3057.22532,False,False,True,True,False,False,False,False,0,1.0,True
-41.088746,1249,3072.600314,False,False,True,True,False,False,False,False,0,1.0,True
-35.889141,1145,3086.596721,False,False,True,False,False,False,True,False,0,1.0,True
3.868724,203,3088.811328,True,True,True,False,False,False,False,False,0,1.0,True
-19.463877,418,3093.935371,False,False,True,False,True,False,False,False,0,1.0,True
-25.869381,399,3098.69894,False,False,True,False,True,False,False,False,0,1.0,True
-33.016851,747,3107.807765,False,False,True,False,False,False,True,False,0,1.0,True
-32.765319,785,3117.097463,False,False,True,False,False,False,True,False,0,1.0,True
-37.498756,831,3127.541776,False,False,True,False,False,False,True,False,0,1.0,True
-31.017184,533,3135.40004,False,False,True,False,False,False,True,False,0,1.0,True
-33.786144,842,3145.576161,False,False,True,False,False,False,True,False,0,1.0,True
-20.433603,240,3148.461304,False,False,True,False,True,False,False,False,0,1.0,True
-20.716543,239,3151.215968,False,False,True,False,True,False,False,False,0,1.0,True
2.949603,275,3154.410099,True,True,True,False,False,False,False,False,0,1.0,True
-23.146813,282,3157.667205,False,False,True,True,False,False,False,False,0,1.0,True
-41.378142,1120,3171.086067,False,False,True,True,False,False,False,False,0,1.0,True
-37.194014,866,3181.824178,False,False,True,True,False,False,False,False,0,1.0,True
-19.904014,224,3184.671848,False,False,True,False,True,False,False,False,0,1.0,True
-20.84902,310,3188.618385,False,False,True,False,True,False,False,False,0,1.0,True
-32.474411,618,3196.425609,False,False,True,True,False,False,False,False,0,1.0,True
-19.24711,193,3198.558834,False,False,True,False,True,False,False,False,0,1.0,True
-25.56996,433,3203.383942,False,False,True,False,True,False,False,False,0,1.0,True
-20.113281,343,3207.100847,False,False,True,False,True,False,False,False,0,1.0,True
-31.73118,991,3217.661653,False,False,True,False,False,False,True,False,0,1.0,True
-19.924573,183,3219.640418,False,False,True,False,True,False,False,False,0,1.0,True
-18.803148,480,3225.033439,False,False,True,False,True,False,False,False,0,1.0,True
-20.480531,239,3227.675091,False,False,True,False,True,False,False,False,0,1.0,True
-33.824631,942,3240.633247,False,False,True,False,False,False,True,False,0,1.0,True
-40.364493,1039,3251.995631,False,False,True,False,False,False,True,False,0,1.0,True
-22.33501,353,3255.688174,False,False,True,False,True,False,False,False,0,1.0,True
-20.877715,237,3258.259264,False,False,True,False,True,False,False,False,0,1.0,True
-19.130341,270,3261.21855,False,False,True,False,True,False,False,False,0,1.0,True
-19.892439,267,3264.040436,False,False,True,False,True,False,False,False,0,1.0,True
-18.51322,247,3266.985651,False,False,True,False,True,False,False,False,0,1.0,True
-25.930916,831,3276.152251,False,False,True,True,False,False,False,False,0,1.0,True
-29.778488,441,3280.869484,False,False,True,True,False,False,False,False,0,1.0,True
-23.227893,370,3285.237829,False,False,True,False,True,False,False,False,0,1.0,True
-31.535771,543,3291.489007,False,False,True,True,False,False,False,False,0,1.0,True
-21.658733,271,3294.316616,False,False,True,False,True,False,False,False,0,1.0,True
-21.110326,252,3297.212351,False,False,True,False,True,False,False,False,0,1.0,True
-19.958794,241,3299.79846,False,False,True,False,True,False,False,False,0,1.0,True
-36.948146,784,3308.406904,False,False,True,True,False,False,False,False,0,1.0,True
-31.664487,594,3314.802041,False,False,True,True,False,False,False,False,0,1.0,True
-19.257943,163,3316.530544,False,False,True,False,True,False,False,False,0,1.0,True
4.32227,97,3317.637475,True,True,True,False,False,False,False,False,0,1.0,True
-30.372257,504,3323.049542,False,False,True,True,False,False,False,False,0,1.0,True
-30.686281,582,3329.491492,False,False,True,True,False,False,False,False,0,1.0,True
-31.674914,756,3337.55036,False,False,True,True,False,False,False,False,0,1.0,True
-34.883567,771,3346.003438,False,False,True,False,False,False,True,False,0,1.0,True
5.012721,289,3349.106729,True,True,True,False,False,False,False,False,0,1.0,True
-37.618229,870,3358.658827,False,False,True,True,False,False,False,False,0,1.0,True
-31.091466,626,3365.472418,False,False,True,True,False,False,False,False,0,1.0,True
-18.759967,202,3367.614758,False,False,True,False,True,False,False,False,0,1.0,True
-37.09439,800,3376.636308,False,False,True,False,False,False,True,False,0,1.0,True
-20.155455,276,3379.605995,False,False,True,False,True,False,False,False,0,1.0,True
4.095633,161,3381.311653,True,True,True,False,False,False,False,False,0,1.0,True
-21.488932,198,3383.335132,False,False,True,False,True,False,False,False,0,1.0,True
-35.139126,876,3392.908165,False,False,True,False,False,False,True,False,0,1.0,True
-26.000937,358,3396.669402,False,False,True,True,False,False,False,False,0,1.0,True
-33.264799,661,3404.131494,False,False,True,True,False,False,False,False,0,1.0,True
-20.30643,182,3406.042087,False,False,True,False,True,False,False,False,0,1.0,True
-20.323134,182,3407.989495,False,False,True,False,True,False,False,False,0,1.0,True
-29.676222,1017,3418.998076,False,False,True,False,False,False,True,False,0,1.0,True
-20.28959,195,3421.191256,False,False,True,False,True,False,False,False,0,1.0,True
-22.277457,246,3423.816061,False,False,True,False,True,False,False,False,0,1.0,True
-21.784426,263,3426.632568,False,False,True,False,True,False,False,False,0,1.0,True
-32.482335,565,3433.066914,False,False,True,True,False,False,False,False,0,1.0,True
-37.521417,847,3442.936285,False,False,True,False,False,False,True,False,0,1.0,True
-26.200968,698,3450.633145,False,False,True,True,False,False,False,False,0,1.0,True
-30.960876,512,3456.159505,False,False,True,True,False,False,False,False,0,1.0,True
-34.978844,689,3463.549282,False,False,True,False,False,False,True,False,0,1.0,True
-29.105176,420,3468.111463,False,False,True,True,False,False,False,False,0,1.0,True
-21.047634,292,3471.269955,False,False,True,False,True,False,False,False,0,1.0,True
-31.924703,567,3477.383641,False,False,True,True,False,False,False,False,0,1.0,True
-20.202832,296,3481.018054,False,False,True,False,True,False,False,False,0,1.0,True
-21.868477,285,3484.039704,False,False,True,True,False,False,False,False,0,1.0,True
-19.873751,200,3486.271884,False,False,True,False,True,False,False,False,0,1.0,True
-31.811836,597,3492.698883,False,False,True,True,False,False,False,False,0,1.0,True
-28.520287,460,3497.711097,False,False,True,True,False,False,False,False,0,1.0,True
-27.366368,743,3506.252729,False,False,True,True,False,False,False,False,0,1.0,True
-30.066014,445,3550.283026,False,False,True,True,False,False,False,False,0,1.0,True
-34.701591,668,3560.290168,False,False,True,False,False,False,True,False,0,1.0,True
-31.03912,554,3568.815456,False,False,True,True,False,False,False,False,0,1.0,True
-19.42331,246,3571.579218,False,False,True,False,True,False,False,False,0,1.0,True
-20.832445,215,3574.032121,False,False,True,False,True,False,False,False,0,1.0,True
-21.317343,250,3576.740263,False,False,True,True,False,False,False,False,0,1.0,True
-21.118452,267,3579.662224,False,False,True,True,False,False,False,False,0,1.0,True
-21.293405,212,3581.896068,False,False,True,False,True,False,False,False,0,1.0,True
-25.644982,284,3585.048434,False,False,True,True,False,False,False,False,0,1.0,True
-29.705912,475,3590.515171,False,False,True,True,False,False,False,False,0,1.0,True
4.474431,63,3591.201542,True,True,True,False,False,False,False,False,0,1.0,True
-21.837331,256,3593.872298,False,False,True,True,False,False,False,False,0,1.0,True
-44.908231,1620,3611.749547,False,False,True,False,False,False,True,False,0,1.0,True
-32.37658,590,3618.147439,False,False,True,True,False,False,False,False,0,1.0,True
-32.83519,575,3625.056584,False,False,True,True,False,False,False,False,0,1.0,True
-20.157072,176,3627.363693,False,False,True,False,True,False,False,False,0,1.0,True
-20.057568,209,3629.91013,False,False,True,False,True,False,False,False,0,1.0,True
-30.386911,482,3636.614632,False,False,True,True,False,False,False,False,0,1.0,True
-39.095199,800,3646.564971,False,False,True,True,False,False,False,False,0,1.0,True
-18.654457,222,3649.392348,False,False,True,False,True,False,False,False,0,1.0,True
-35.178243,804,3659.830784,False,False,True,False,False,False,True,False,0,1.0,True
-33.947053,644,3667.84778,False,False,True,False,False,False,True,False,0,1.0,True
-19.797337,192,3670.364441,False,False,True,False,True,False,False,False,0,1.0,True
-26.453729,332,3674.589474,False,False,True,True,False,False,False,False,0,1.0,True
-20.823198,245,3677.564649,False,False,True,True,False,False,False,False,0,1.0,True
-19.694164,197,3679.964667,False,False,True,False,True,False,False,False,0,1.0,True
-20.442199,225,3682.73962,False,False,True,False,True,False,False,False,0,1.0,True
-20.148065,247,3685.858205,False,False,True,False,True,False,False,False,0,1.0,True
-19.505628,151,3687.822685,False,False,True,False,True,False,False,False,0,1.0,True
-21.01083,253,3690.922215,False,False,True,False,True,False,False,False,0,1.0,True
-18.813831,208,3693.498609,False,False,True,False,True,False,False,False,0,1.0,True
-20.200364,186,3695.664191,False,False,True,False,True,False,False,False,0,1.0,True
-17.899941,260,3698.935512,False,False,True,False,True,False,False,False,0,1.0,True
-19.58484,227,3701.730178,False,False,True,False,True,False,False,False,0,1.0,True
-21.537668,222,3704.450415,False,False,True,False,True,False,False,False,0,1.0,True
-19.027093,180,3706.655948,False,False,True,False,True,False,False,False,0,1.0,True
-20.137834,228,3709.57767,False,False,True,False,True,False,False,False,0,1.0,True
-20.614335,196,3711.959738,False,False,True,False,True,False,False,False,0,1.0,True
-41.747597,1123,3725.858096,False,False,True,True,False,False,False,False,0,1.0,True
-19.874136,228,3728.697572,False,False,True,False,True,False,False,False,0,1.0,True
-19.489076,175,3730.822451,False,False,True,False,True,False,False,False,0,1.0,True
-20.798084,210,3733.380034,False,False,True,False,True,False,False,False,0,1.0,True
-20.243014,230,3736.290318,False,False,True,False,True,False,False,False,0,1.0,True
-21.814325,318,3740.164677,False,False,True,False,True,False,False,False,0,1.0,True
-22.529986,249,3743.223794,False,False,True,False,True,False,False,False,0,1.0,True
-26.375623,501,3749.49858,False,False,True,True,False,False,False,False,0,1.0,True
-29.855722,452,3754.930627,False,False,True,True,False,False,False,False,0,1.0,True
-21.341245,223,3757.672421,False,False,True,False,True,False,False,False,0,1.0,True
-19.323241,328,3761.655661,False,False,True,False,True,False,False,False,0,1.0,True
-30.497206,450,3767.223874,False,False,True,True,False,False,False,False,0,1.0,True
-20.073274,191,3769.630584,False,False,True,False,True,False,False,False,0,1.0,True
-20.532707,223,3772.264034,False,False,True,False,True,False,False,False,0,1.0,True
-20.154098,206,3774.805713,False,False,True,False,True,False,False,False,0,1.0,True
-20.237608,193,3777.251845,False,False,True,False,True,False,False,False,0,1.0,True
-22.521847,527,3783.763472,False,False,True,False,True,False,False,False,0,1.0,True
-29.834162,473,3789.625217,False,False,True,True,False,False,False,False,0,1.0,True
-29.696611,459,3795.347104,False,False,True,True,False,False,False,False,0,1.0,True
-34.071605,683,3803.863745,False,False,True,True,False,False,False,False,0,1.0,True
-28.997691,430,3809.188694,False,False,True,True,False,False,False,False,0,1.0,True
-35.401374,670,3817.422202,False,False,True,False,False,False,True,False,0,1.0,True
-22.164054,233,3820.355469,False,False,True,True,False,False,False,False,0,1.0,True
-27.091316,499,3826.648704,False,False,True,True,False,False,False,False,0,1.0,True
-18.392972,273,3830.02329,False,False,True,False,True,False,False,False,0,1.0,True
-22.289973,391,3834.930468,False,False,True,True,False,False,False,False,0,1.0,True
-20.587417,392,3840.025247,False,False,True,False,True,False,False,False,0,1.0,True
-33.866303,781,3849.732536,False,False,True,True,False,False,False,False,0,1.0,True
-25.222835,315,3853.530402,False,False,True,True,False,False,False,False,0,1.0,True
-19.546705,179,3855.660931,False,False,True,False,True,False,False,False,0,1.0,True
3.729984,116,3860.080855,True,True,True,False,False,False,False,False,0,1.0,True
-19.868077,202,3862.515331,False,False,True,False,True,False,False,False,0,1.0,True
-22.953764,326,3866.430211,False,False,True,True,False,False,False,False,0,1.0,True
-26.627758,491,3872.552662,False,False,True,True,False,False,False,False,0,1.0,True
-19.670584,224,3875.256701,False,False,True,False,True,False,False,False,0,1.0,True
-24.855472,355,3879.654381,False,False,True,True,False,False,False,False,0,1.0,True
-20.052362,203,3881.963543,False,False,True,False,True,False,False,False,0,1.0,True
-20.689002,227,3884.781696,False,False,True,False,True,False,False,False,0,1.0,True
-24.425004,313,3888.847046,False,False,True,False,True,False,False,False,0,1.0,True
-19.445952,249,3891.746618,False,False,True,False,True,False,False,False,0,1.0,True
-21.070323,223,3894.557142,False,False,True,False,True,False,False,False,0,1.0,True
-20.052518,613,3902.244136,False,False,True,False,True,False,False,False,0,1.0,True
-21.360043,270,3905.638474,False,False,True,False,True,False,False,False,0,1.0,True
-18.784147,191,3907.921764,False,False,True,False,True,False,False,False,0,1.0,True
-26.824478,974,3920.006317,False,False,True,False,True,False,False,False,0,1.0,True
3.816043,111,3921.99688,True,True,True,False,False,False,False,False,0,1.0,True
-21.157013,249,3926.355633,False,False,True,False,True,False,False,False,0,1.0,True
-22.908606,418,3931.106002,False,False,True,False,True,False,False,False,0,1.0,True
-31.15693,653,3938.512131,False,False,True,True,False,False,False,False,0,1.0,True
4.423449,90,3939.574566,True,True,True,False,False,False,False,False,0,1.0,True
-19.922532,225,3942.026938,False,False,True,False,True,False,False,False,0,1.0,True
-27.00946,571,3948.273753,False,False,True,False,True,False,False,False,0,1.0,True
-21.452763,249,3950.96262,False,False,True,False,True,False,False,False,0,1.0,True
-23.950849,407,3955.494493,False,False,True,True,False,False,False,False,0,1.0,True
-24.898037,391,3959.661044,False,False,True,True,False,False,False,False,0,1.0,True
-21.481033,192,3961.734911,False,False,True,True,False,False,False,False,0,1.0,True
-21.376,239,3964.362677,False,False,True,True,False,False,False,False,0,1.0,True
-26.788224,410,3968.790414,False,False,True,True,False,False,False,False,0,1.0,True
-22.325086,331,3972.491237,False,False,True,True,False,False,False,False,0,1.0,True
-32.698059,761,3980.69589,False,False,True,False,False,False,True,False,0,1.0,True
-23.78169,971,3991.471541,False,False,True,False,True,False,False,False,0,1.0,True
-22.615265,330,3994.936466,False,False,True,True,False,False,False,False,0,1.0,True
-21.139821,179,3996.981076,False,False,True,True,False,False,False,False,0,1.0,True
-19.261786,199,3999.162218,False,False,True,False,True,False,False,False,0,1.0,True
-28.175318,461,4004.243509,False,False,True,True,False,False,False,False,0,1.0,True
-30.178538,474,4009.324377,False,False,True,True,False,False,False,False,0,1.0,True
-22.742345,523,4014.851838,False,False,True,False,True,False,False,False,0,1.0,True
-22.602177,212,4017.273354,False,False,True,True,False,False,False,False,0,1.0,True
-21.844212,320,4020.766968,False,False,True,True,False,False,False,False,0,1.0,True
-22.310783,329,4024.371253,False,False,True,True,False,False,False,False,0,1.0,True
-22.842447,303,4027.742798,False,False,True,True,False,False,False,False,0,1.0,True
-29.14894,434,4032.37725,False,False,True,True,False,False,False,False,0,1.0,True
-28.187484,501,4037.945242,False,False,True,True,False,False,False,False,0,1.0,True
5.092059,70,4038.660876,True,True,True,False,False,False,False,False,0,1.0,True
-36.38741,857,4048.080972,False,False,True,True,False,False,False,False,0,1.0,True
-31.669956,598,4054.455194,False,False,True,True,False,False,False,False,0,1.0,True
-21.419297,211,4056.869087,False,False,True,True,False,False,False,False,0,1.0,True
-22.890518,306,4060.141175,False,False,True,False,True,False,False,False,0,1.0,True
-24.179062,555,4066.186392,False,False,True,False,True,False,False,False,0,1.0,True
-20.53074,244,4068.910977,False,False,True,False,True,False,False,False,0,1.0,True
-22.991247,255,4071.635786,False,False,True,True,False,False,False,False,0,1.0,True
-22.032245,240,4074.164517,False,False,True,True,False,False,False,False,0,1.0,True
-20.575117,175,4076.158877,False,False,True,False,True,False,False,False,0,1.0,True
-22.120398,220,4078.503421,False,False,True,False,True,False,False,False,0,1.0,True
-20.194008,178,4080.371991,False,False,True,False,True,False,False,False,0,1.0,True
4.298989,62,4081.166559,True,True,True,False,False,False,False,False,0,1.0,True
-36.002542,878,4090.616495,False,False,True,False,False,False,True,False,0,1.0,True
-22.35246,207,4092.980104,False,False,True,True,False,False,False,False,0,1.0,True
-27.793905,356,4096.855343,False,False,True,True,False,False,False,False,0,1.0,True
-20.40345,236,4099.464022,False,False,True,False,True,False,False,False,0,1.0,True
-26.318239,469,4104.638841,False,False,True,True,False,False,False,False,0,1.0,True
-25.534179,418,4109.153181,False,False,True,False,True,False,False,False,0,1.0,True
-31.080091,597,4115.654925,False,False,True,True,False,False,False,False,0,1.0,True
-33.840959,826,4124.615922,False,False,True,True,False,False,False,False,0,1.0,True
-32.883161,735,4132.669891,False,False,True,True,False,False,False,False,0,1.0,True
-37.586415,992,4146.224471,False,False,True,True,False,False,False,False,0,1.0,True
-21.605276,320,4149.732951,False,False,True,False,True,False,False,False,0,1.0,True
-36.719342,782,4158.201937,False,False,True,False,False,False,True,False,0,1.0,True
-32.224937,525,4163.783046,False,False,True,False,False,False,True,False,0,1.0,True
-20.9204,232,4166.395001,False,False,True,False,True,False,False,False,0,1.0,True
-21.579668,222,4168.776714,False,False,True,False,True,False,False,False,0,1.0,True
-23.804586,266,4171.830127,False,False,True,True,False,False,False,False,0,1.0,True
-27.660439,420,4176.435627,False,False,True,True,False,False,False,False,0,1.0,True
-24.420555,295,4179.739264,False,False,True,True,False,False,False,False,0,1.0,True
-34.373416,712,4187.526477,False,False,True,True,False,False,False,False,0,1.0,True
-20.377257,195,4189.568067,False,False,True,False,True,False,False,False,0,1.0,True
-36.9647,771,4197.971338,False,False,True,False,False,False,True,False,0,1.0,True
-32.850783,707,4205.780722,False,False,True,True,False,False,False,False,0,1.0,True
-26.542589,487,4211.158379,False,False,True,True,False,False,False,False,0,1.0,True
-20.080441,208,4213.344646,False,False,True,False,True,False,False,False,0,1.0,True
-36.462125,904,4223.166618,False,False,True,False,False,False,True,False,0,1.0,True
-32.704725,621,4229.972898,False,False,True,True,False,False,False,False,0,1.0,True
-35.16276,767,4238.387992,False,False,True,True,False,False,False,False,0,1.0,True
-26.177993,331,4242.078516,False,False,True,True,False,False,False,False,0,1.0,True
-40.212379,879,4251.478308,False,False,True,True,False,False,False,False,0,1.0,True
-28.210579,449,4256.249368,False,False,True,False,False,False,True,False,0,1.0,True
-24.851077,274,4259.226453,False,False,True,True,False,False,False,False,0,1.0,True
-30.431426,540,4265.096575,False,False,True,True,False,False,False,False,0,1.0,True
-29.461439,432,4269.724379,False,False,True,True,False,False,False,False,0,1.0,True
-27.319407,359,4273.820497,False,False,True,True,False,False,False,False,0,1.0,True
-27.324959,442,4278.549874,False,False,True,True,False,False,False,False,0,1.0,True
-23.272374,260,4281.43853,False,False,True,True,False,False,False,False,0,1.0,True
-26.369531,423,4286.020122,False,False,True,True,False,False,False,False,0,1.0,True
-35.012184,766,4294.237381,False,False,True,False,False,False,True,False,0,1.0,True
-23.795158,242,4296.930398,False,False,True,True,False,False,False,False,0,1.0,True
-21.158976,193,4299.067795,False,False,True,False,True,False,False,False,0,1.0,True
-22.697796,213,4301.30211,False,False,True,True,False,False,False,False,0,1.0,True
-27.696782,323,4304.7942,False,False,True,True,False,False,False,False,0,1.0,True
-31.944415,678,4312.229128,False,False,True,True,False,False,False,False,0,1.0,True
-22.577613,293,4315.46778,False,False,True,False,True,False,False,False,0,1.0,True
-22.799495,222,4317.922821,False,False,True,True,False,False,False,False,0,1.0,True
-28.616106,423,4322.436589,False,False,True,True,False,False,False,False,0,1.0,True
-28.422186,340,4326.153256,False,False,True,True,False,False,False,False,0,1.0,True
-28.922166,409,4330.587367,False,False,True,True,False,False,False,False,0,1.0,True
-22.363108,237,4333.104661,False,False,True,True,False,False,False,False,0,1.0,True
-33.622605,637,4340.105408,False,False,True,False,False,False,True,False,0,1.0,True
-30.878539,492,4345.441102,False,False,True,True,False,False,False,False,0,1.0,True
-27.907124,370,4349.574555,False,False,True,True,False,False,False,False,0,1.0,True
-23.181551,287,4352.634035,False,False,True,False,True,False,False,False,0,1.0,True
-28.84129,480,4357.969441,False,False,True,True,False,False,False,False,0,1.0,True
-33.496861,602,4364.554966,False,False,True,True,False,False,False,False,0,1.0,True
-29.276577,525,4370.238482,False,False,True,True,False,False,False,False,0,1.0,True
-30.264277,506,4375.778954,False,False,True,True,False,False,False,False,0,1.0,True
-22.045528,200,4377.964634,False,False,True,True,False,False,False,False,0,1.0,True
-29.627792,410,4382.536942,False,False,True,True,False,False,False,False,0,1.0,True
-22.914415,217,4384.95755,False,False,True,True,False,False,False,False,0,1.0,True
-21.878471,232,4387.461956,False,False,True,True,False,False,False,False,0,1.0,True
-28.345169,565,4393.620156,False,False,True,True,False,False,False,False,0,1.0,True
-29.563336,387,4397.888089,False,False,True,True,False,False,False,False,0,1.0,True
-29.878965,514,4403.453432,False,False,True,False,False,False,True,False,0,1.0,True
-32.221537,646,4410.494402,False,False,True,False,False,False,True,False,0,1.0,True
-35.609191,925,4423.188146,False,False,True,True,False,False,False,False,0,1.0,True
-22.671223,246,4426.024803,False,False,True,False,True,False,False,False,0,1.0,True
-34.239046,731,4434.098012,False,False,True,True,False,False,False,False,0,1.0,True
-20.669641,230,4436.563323,False,False,True,False,True,False,False,False,0,1.0,True
-24.789523,329,4440.23766,False,False,True,True,False,False,False,False,0,1.0,True
-32.409555,567,4446.413787,False,False,True,False,False,False,True,False,0,1.0,True
-22.601693,204,4448.724394,False,False,True,True,False,False,False,False,0,1.0,True
-25.207237,270,4451.604853,False,False,True,True,False,False,False,False,0,1.0,True
-22.362711,279,4454.606736,False,False,True,False,True,False,False,False,0,1.0,True
-23.43311,262,4457.537244,False,False,True,True,False,False,False,False,0,1.0,True
-46.686073,1400,4472.754161,False,False,True,True,False,False,False,False,0,1.0,True
-22.492875,217,4475.160664,False,False,True,True,False,False,False,False,0,1.0,True
-36.073025,777,4483.547706,False,False,True,True,False,False,False,False,0,1.0,True
-27.15112,372,4487.708173,False,False,True,True,False,False,False,False,0,1.0,True
-49.492279,1377,4502.683629,False,False,True,False,False,False,True,False,0,1.0,True
-25.359917,339,4506.312405,False,False,True,False,True,False,False,False,0,1.0,True
-23.553333,404,4510.627325,False,False,True,False,True,False,False,False,0,1.0,True
-23.569537,228,4513.183879,False,False,True,True,False,False,False,False,0,1.0,True
-30.93559,471,4518.381643,False,False,True,False,False,False,True,False,0,1.0,True
-33.372069,606,4524.950861,False,False,True,False,False,False,True,False,0,1.0,True
-28.601964,392,4529.201604,False,False,True,True,False,False,False,False,0,1.0,True
-24.392366,222,4531.619318,False,False,True,True,False,False,False,False,0,1.0,True
-25.367579,497,4537.02354,False,False,True,True,False,False,False,False,0,1.0,True
-29.71917,447,4541.89809,False,False,True,True,False,False,False,False,0,1.0,True
-32.145427,562,4548.012575,False,False,True,False,False,False,True,False,0,1.0,True
-28.607517,452,4552.924011,False,False,True,True,False,False,False,False,0,1.0,True
-28.244269,341,4556.612421,False,False,True,True,False,False,False,False,0,1.0,True
-26.970646,480,4561.85104,False,False,True,True,False,False,False,False,0,1.0,True
-33.744714,770,4570.253179,False,False,True,True,False,False,False,False,0,1.0,True
-27.948068,363,4574.320095,False,False,True,True,False,False,False,False,0,1.0,True
-28.521812,350,4578.085514,False,False,True,True,False,False,False,False,0,1.0,True
-34.546199,613,4584.719237,False,False,True,True,False,False,False,False,0,1.0,True
-28.328083,462,4589.891672,False,False,True,False,True,False,False,False,0,1.0,True
-30.663186,414,4594.394809,False,False,True,True,False,False,False,False,0,1.0,True
-24.176969,337,4598.176887,False,False,True,False,True,False,False,False,0,1.0,True
-25.275906,265,4601.009909,False,False,True,True,False,False,False,False,0,1.0,True
-29.878174,414,4605.600493,False,False,True,False,False,False,True,False,0,1.0,True
-29.926393,476,4610.793378,False,False,True,True,False,False,False,False,0,1.0,True
-34.274248,701,4618.502393,False,False,True,True,False,False,False,False,0,1.0,True
-35.651974,741,4626.573038,False,False,True,False,False,False,True,False,0,1.0,True
-29.24585,375,4630.69108,False,False,True,True,False,False,False,False,0,1.0,True
-19.89533,315,4634.022326,False,False,True,False,True,False,False,False,0,1.0,True
-26.863333,314,4637.605875,False,False,True,True,False,False,False,False,0,1.0,True
-32.34308,631,4644.36655,False,False,True,False,False,False,True,False,0,1.0,True
-27.399361,330,4647.893179,False,False,True,True,False,False,False,False,0,1.0,True
-29.599399,437,4652.665468,False,False,True,True,False,False,False,False,0,1.0,True
-25.431571,280,4655.72575,False,False,True,True,False,False,False,False,0,1.0,True
-27.04246,325,4659.158856,False,False,True,True,False,False,False,False,0,1.0,True
-37.038969,788,4667.746456,False,False,True,False,False,False,True,False,0,1.0,True
-27.269326,331,4671.502676,False,False,True,True,False,False,False,False,0,1.0,True
-29.781707,407,4675.916889,False,False,True,False,False,False,True,False,0,1.0,True
-27.700299,297,4679.207874,False,False,True,True,False,False,False,False,0,1.0,True
-32.995132,558,4685.230267,False,False,True,True,False,False,False,False,0,1.0,True
-31.487444,534,4691.089528,False,False,True,True,False,False,False,False,0,1.0,True
-27.768991,360,4723.938717,False,False,True,True,False,False,False,False,0,1.0,True
-20.169017,128,4725.403805,False,False,True,True,False,False,False,False,0,1.0,True
-29.587163,441,4730.188166,False,False,True,True,False,False,False,False,0,1.0,True
-27.072162,446,4735.031928,False,False,True,False,True,False,False,False,0,1.0,True
-37.485133,874,4744.664717,False,False,True,False,False,False,True,False,0,1.0,True
-37.824356,813,4753.472761,False,False,True,True,False,False,False,False,0,1.0,True
-37.727091,800,4762.180481,False,False,True,True,False,False,False,False,0,1.0,True
-32.019529,563,4768.558309,False,False,True,False,False,False,True,False,0,1.0,True
-40.831345,992,4779.0158,False,False,True,True,False,False,False,False,0,1.0,True
-30.865433,452,4783.910315,False,False,True,False,False,False,True,False,0,1.0,True
-31.843808,512,4789.532193,False,False,True,True,False,False,False,False,0,1.0,True
-31.568616,549,4795.454843,False,False,True,True,False,False,False,False,0,1.0,True
-27.305401,328,4799.166232,False,False,True,True,False,False,False,False,0,1.0,True
-28.907054,380,4803.303654,False,False,True,True,False,False,False,False,0,1.0,True
-20.750591,133,4804.792429,False,False,True,True,False,False,False,False,0,1.0,True
-33.726831,615,4811.314491,False,False,True,False,False,False,True,False,0,1.0,True
-33.186153,751,4819.425149,False,False,True,True,False,False,False,False,0,1.0,True
-20.857538,140,4821.024044,False,False,True,True,False,False,False,False,0,1.0,True
-31.897094,547,4827.026845,False,False,True,True,False,False,False,False,0,1.0,True
-31.747108,526,4832.706554,False,False,True,True,False,False,False,False,0,1.0,True
-27.102009,447,4837.568358,False,False,True,True,False,False,False,False,0,1.0,True
-31.41348,532,4843.344056,False,False,True,True,False,False,False,False,0,1.0,True
-33.51134,566,4849.492065,False,False,True,False,False,False,True,False,0,1.0,True
-31.935449,596,4855.955841,False,False,True,True,False,False,False,False,0,1.0,True
-32.369614,553,4861.835735,False,False,True,True,False,False,False,False,0,1.0,True
-27.423208,281,4864.917271,False,False,True,True,False,False,False,False,0,1.0,True
-31.679383,552,4870.933408,False,False,True,False,False,False,True,False,0,1.0,True
-32.044514,544,4876.870476,False,False,True,True,False,False,False,False,0,1.0,True
-34.949692,881,4886.358612,False,False,True,False,True,False,False,False,0,1.0,True
-21.981132,178,4888.385607,False,False,True,True,False,False,False,False,0,1.0,True
-25.114487,254,4891.107887,False,False,True,True,False,False,False,False,0,1.0,True
-47.116215,1531,4907.917416,False,False,True,True,False,False,False,False,0,1.0,True
-32.364953,556,4914.137886,False,False,True,True,False,False,False,False,0,1.0,True
-47.185808,1458,4929.979742,False,False,True,False,False,False,True,False,0,1.0,True
-30.082526,457,4935.016077,False,False,True,True,False,False,False,False,0,1.0,True
-28.960532,458,4939.853025,False,False,True,True,False,False,False,False,0,1.0,True
-25.071479,228,4942.420617,False,False,True,True,False,False,False,False,0,1.0,True
-26.727089,273,4945.298863,False,False,True,True,False,False,False,False,0,1.0,True
-21.312421,155,4947.042992,False,False,True,True,False,False,False,False,0,1.0,True
-33.286092,663,4954.281183,False,False,True,True,False,False,False,False,0,1.0,True
-23.799776,297,4957.468343,False,False,True,True,False,False,False,False,0,1.0,True
-22.935398,262,4960.441729,False,False,True,False,True,False,False,False,0,1.0,True
-35.522599,1078,4972.073541,False,False,True,False,False,False,True,False,0,1.0,True
-24.520385,264,4974.88776,False,False,True,True,False,False,False,False,0,1.0,True
-36.250828,958,4985.26711,False,False,True,True,False,False,False,False,0,1.0,True
-24.910429,267,4988.119385,False,False,True,True,False,False,False,False,0,1.0,True
-28.396098,400,4992.446582,False,False,True,False,False,False,True,False,0,1.0,True
-28.118171,390,4999.275878,False,False,True,True,False,False,False,False,0,1.0,True
-29.325581,440,5004.101027,False,False,True,True,False,False,False,False,0,1.0,True
-25.128108,261,5007.002139,False,False,True,True,False,False,False,False,0,1.0,True
-23.798294,336,5010.583805,False,False,True,False,True,False,False,False,0,1.0,True
-43.096637,1194,5023.598768,False,False,True,False,False,False,True,False,0,1.0,True
-32.00062,570,5029.960006,False,False,True,True,False,False,False,False,0,1.0,True
-26.134602,276,5032.953226,False,False,True,True,False,False,False,False,0,1.0,True
-24.36664,265,5035.886005,False,False,True,True,False,False,False,False,0,1.0,True
-33.453103,836,5044.962959,False,False,True,True,False,False,False,False,0,1.0,True
-24.588194,329,5048.583402,False,False,True,True,False,False,False,False,0,1.0,True
-31.383976,528,5054.404572,False,False,True,True,False,False,False,False,0,1.0,True
-31.309183,559,5060.456381,False,False,True,True,False,False,False,False,0,1.0,True
-21.270647,194,5062.660232,False,False,True,True,False,False,False,False,0,1.0,True
-24.610638,220,5065.078059,False,False,True,True,False,False,False,False,0,1.0,True
-33.894183,639,5072.108357,False,False,True,True,False,False,False,False,0,1.0,True
-24.57616,242,5074.788827,False,False,True,True,False,False,False,False,0,1.0,True
-25.29032,290,5077.875517,False,False,True,True,False,False,False,False,0,1.0,True
-25.899373,441,5082.691986,False,False,True,False,True,False,False,False,0,1.0,True
-25.847327,345,5086.492413,False,False,True,True,False,False,False,False,0,1.0,True
-25.206813,360,5090.457494,False,False,True,False,True,False,False,False,0,1.0,True
-36.228966,832,5099.59005,False,False,True,False,False,False,True,False,0,1.0,True
-25.567663,269,5102.519329,False,False,True,True,False,False,False,False,0,1.0,True
-24.648151,312,5105.940036,False,False,True,True,False,False,False,False,0,1.0,True
-20.071738,331,5109.533533,False,False,True,False,True,False,False,False,0,1.0,True
-25.400564,260,5112.378038,False,False,True,True,False,False,False,False,0,1.0,True
-25.857753,267,5115.260385,False,False,True,True,False,False,False,False,0,1.0,True
-30.518753,528,5121.20145,False,False,True,True,False,False,False,False,0,1.0,True
-43.613738,1168,5133.698218,False,False,True,False,False,False,True,False,0,1.0,True
-33.994356,592,5140.187052,False,False,True,True,False,False,False,False,0,1.0,True
-34.012898,685,5147.525013,False,False,True,False,False,False,True,False,0,1.0,True
-29.454916,471,5152.680974,False,False,True,True,False,False,False,False,0,1.0,True
-30.826943,526,5158.298336,False,False,True,True,False,False,False,False,0,1.0,True
-26.173815,253,5161.084213,False,False,True,True,False,False,False,False,0,1.0,True
-25.090518,233,5163.698123,False,False,True,True,False,False,False,False,0,1.0,True
-34.0744,586,5170.093596,False,False,True,True,False,False,False,False,0,1.0,True
-35.399494,735,5177.881508,False,False,True,False,False,False,True,False,0,1.0,True
-27.572597,372,5181.898612,False,False,True,True,False,False,False,False,0,1.0,True
-26.257302,277,5184.920584,False,False,True,True,False,False,False,False,0,1.0,True
-29.400669,381,5188.939534,False,False,True,True,False,False,False,False,0,1.0,True
-39.664113,916,5199.001748,False,False,True,True,False,False,False,False,0,1.0,True
-26.293665,294,5202.119307,False,False,True,True,False,False,False,False,0,1.0,True
-28.453079,508,5207.578976,False,False,True,True,False,False,False,False,0,1.0,True
-22.728175,230,5210.177604,False,False,True,True,False,False,False,False,0,1.0,True
-26.677468,307,5213.470637,False,False,True,True,False,False,False,False,0,1.0,True
-22.849015,271,5216.369629,False,False,True,True,False,False,False,False,0,1.0,True
-33.509172,623,5223.149581,False,False,True,False,False,False,True,False,0,1.0,True
-43.588233,459,5228.06282,False,False,True,True,False,False,True,False,0,1.0,True
-30.842816,536,5233.850171,False,False,True,False,False,False,True,False,0,1.0,True
-28.992698,498,5239.171141,False,False,True,False,False,False,True,False,0,1.0,True
-30.942408,586,5245.518533,False,False,True,True,False,False,False,False,0,1.0,True
-23.336862,186,5247.527716,False,False,True,True,False,False,False,False,0,1.0,True
-30.975952,524,5253.142197,False,False,True,False,False,False,True,False,0,1.0,True
-38.038303,840,5262.201956,False,False,True,False,False,False,True,False,0,1.0,True
-30.117521,477,5267.394032,False,False,True,True,False,False,False,False,0,1.0,True
-30.314109,504,5275.324517,False,False,True,False,False,False,True,False,0,1.0,True
-23.27224,193,5277.488098,False,False,True,True,False,False,False,False,0,1.0,True
-24.158848,381,5281.545102,False,False,True,True,False,False,False,False,0,1.0,True
-29.815172,470,5286.876721,False,False,True,False,False,False,True,False,0,1.0,True
-31.586219,606,5293.436929,False,False,True,False,False,False,True,False,0,1.0,True
-31.242493,569,5299.744356,False,False,True,False,False,False,True,False,0,1.0,True
-28.357393,546,5305.832859,False,False,True,False,False,False,True,False,0,1.0,True
-30.151363,490,5311.149774,False,False,True,False,False,False,True,False,0,1.0,True
-32.49996,525,5316.926299,False,False,True,True,False,False,False,False,0,1.0,True
-25.058323,247,5319.567741,False,False,True,True,False,False,False,False,0,1.0,True
-25.048641,229,5322.234384,False,False,True,True,False,False,False,False,0,1.0,True
-30.890507,448,5327.216496,False,False,True,False,False,False,True,False,0,1.0,True
-32.495272,546,5333.122183,False,False,True,True,False,False,False,False,0,1.0,True
-28.93889,568,5339.462691,False,False,True,True,False,False,False,False,0,1.0,True
-28.174941,369,5343.414742,False,False,True,True,False,False,False,False,0,1.0,True
-29.95296,432,5348.136168,False,False,True,True,False,False,False,False,0,1.0,True
-25.788853,294,5351.382283,False,False,True,True,False,False,False,False,0,1.0,True
-24.313894,198,5353.483485,False,False,True,True,False,False,False,False,0,1.0,True
-28.677348,599,5360.041393,False,False,True,False,False,False,True,False,0,1.0,True
-28.011036,395,5364.253073,False,False,True,True,False,False,False,False,0,1.0,True
-34.053011,593,5370.676294,False,False,True,True,False,False,False,False,0,1.0,True
-23.219987,208,5372.97431,False,False,True,True,False,False,False,False,0,1.0,True
-28.021179,427,5377.611675,False,False,True,False,False,False,True,False,0,1.0,True
-25.63843,306,5380.899509,False,False,True,True,False,False,False,False,0,1.0,True
-24.249308,189,5382.93453,False,False,True,True,False,False,False,False,0,1.0,True
-32.721068,652,5389.863043,False,False,True,False,False,False,True,False,0,1.0,True
-27.111951,407,5394.344886,False,False,True,False,False,False,True,False,0,1.0,True
-25.867815,246,5397.131203,False,False,True,True,False,False,False,False,0,1.0,True
-31.764451,567,5403.281562,False,False,True,False,False,False,True,False,0,1.0,True
-26.46025,285,5406.518752,False,False,True,True,False,False,False,False,0,1.0,True
-23.882759,218,5408.760357,False,False,True,True,False,False,False,False,0,1.0,True
-29.19747,561,5415.012177,False,False,True,False,False,False,True,False,0,1.0,True
-32.309796,511,5420.566887,False,False,True,False,False,False,True,False,0,1.0,True
-26.336456,383,5424.648145,False,False,True,True,False,False,False,False,0,1.0,True
-25.64964,278,5427.623565,False,False,True,True,False,False,False,False,0,1.0,True
-27.378786,305,5431.025784,False,False,True,True,False,False,False,False,0,1.0,True
-24.051643,200,5433.24476,False,False,True,True,False,False,False,False,0,1.0,True
-24.72245,290,5436.350604,False,False,True,True,False,False,False,False,0,1.0,True
-38.912554,895,5446.18516,False,False,True,True,False,False,False,False,0,1.0,True
-26.780531,385,5450.327867,False,False,True,False,False,False,True,False,0,1.0,True
-31.436706,558,5456.356155,False,False,True,False,False,False,True,False,0,1.0,True
-29.022328,372,5460.413402,False,False,True,False,False,False,True,False,0,1.0,True
-33.562485,582,5466.705801,False,False,True,False,False,False,True,False,0,1.0,True
-32.118493,484,5471.945565,False,False,True,False,False,False,True,False,0,1.0,True
-29.543327,464,5476.964464,False,False,True,True,False,False,False,False,0,1.0,True
-33.443592,626,5484.010902,False,False,True,False,False,False,True,False,0,1.0,True
-27.737546,453,5488.907366,False,False,True,False,False,False,True,False,0,1.0,True
-23.224786,243,5491.484664,False,False,True,True,False,False,False,False,0,1.0,True
-40.083967,1170,5504.279364,False,False,True,False,False,False,True,False,0,1.0,True
-39.734741,1188,5517.227298,False,False,True,True,False,False,False,False,0,1.0,True
-24.158892,276,5520.364946,False,False,True,True,False,False,False,False,0,1.0,True
-34.679262,647,5527.342211,False,False,True,True,False,False,False,False,0,1.0,True
-29.439362,456,5532.232166,False,False,True,False,False,False,True,False,0,1.0,True
-38.974415,921,5542.263877,False,False,True,False,False,False,True,False,0,1.0,True
-36.381559,814,5553.900273,False,False,True,False,False,False,True,False,0,1.0,True
-26.336105,299,5557.177239,False,False,True,True,False,False,False,False,0,1.0,True
-25.784756,277,5560.152199,False,False,True,True,False,False,False,False,0,1.0,True
-25.973756,365,5564.141318,False,False,True,True,False,False,False,False,0,1.0,True
-34.687181,635,5571.046882,False,False,True,False,False,False,True,False,0,1.0,True
-27.662948,357,5574.908902,False,False,True,False,False,False,True,False,0,1.0,True
-27.342741,295,5578.011454,False,False,True,True,False,False,False,False,0,1.0,True
-25.395559,253,5580.86249,False,False,True,True,False,False,False,False,0,1.0,True
-33.272279,612,5587.55964,False,False,True,True,False,False,False,False,0,1.0,True
-29.654659,407,5592.004192,False,False,True,True,False,False,False,False,0,1.0,True
-30.408485,456,5597.031543,False,False,True,False,False,False,True,False,0,1.0,True
-28.982541,364,5600.989471,False,False,True,False,False,False,True,False,0,1.0,True
-32.477298,564,5607.161916,False,False,True,False,False,False,True,False,0,1.0,True
-39.534195,938,5617.277467,False,False,True,True,False,False,False,False,0,1.0,True
-27.763154,353,5621.152863,False,False,True,True,False,False,False,False,0,1.0,True
-38.373388,832,5630.131026,False,False,True,False,False,False,True,False,0,1.0,True
-34.46021,789,5638.853313,False,False,True,True,False,False,False,False,0,1.0,True
-21.652011,175,5640.784118,False,False,True,True,False,False,False,False,0,1.0,True
-26.607276,350,5644.553583,False,False,True,True,False,False,False,False,0,1.0,True
-26.944427,446,5649.440467,False,False,True,True,False,False,False,False,0,1.0,True
-29.081853,420,5654.018137,False,False,True,True,False,False,False,False,0,1.0,True
-23.972725,278,5657.138445,False,False,True,True,False,False,False,False,0,1.0,True
-28.889041,376,5661.094984,False,False,True,True,False,False,False,False,0,1.0,True
-29.456659,413,5665.633846,False,False,True,True,False,False,False,False,0,1.0,True
-31.595023,579,5671.919441,False,False,True,True,False,False,False,False,0,1.0,True
-22.472855,217,5674.345986,False,False,True,True,False,False,False,False,0,1.0,True
-23.920418,289,5677.414443,False,False,True,True,False,False,False,False,0,1.0,True
-29.452506,427,5682.148236,False,False,True,False,False,False,True,False,0,1.0,True
-33.327749,591,5688.596918,False,False,True,False,False,False,True,False,0,1.0,True
-30.890344,484,5693.777777,False,False,True,True,False,False,False,False,0,1.0,True
-38.429316,853,5703.08084,False,False,True,True,False,False,False,False,0,1.0,True
-21.866329,171,5704.97755,False,False,True,True,False,False,False,False,0,1.0,True
-27.874064,350,5708.865003,False,False,True,False,False,False,True,False,0,1.0,True
-43.892049,1169,5721.488443,False,False,True,True,False,False,False,False,0,1.0,True
-27.226548,328,5724.987469,False,False,True,True,False,False,False,False,0,1.0,True
-24.947658,275,5728.025384,False,False,True,True,False,False,False,False,0,1.0,True
-28.423355,357,5731.915311,False,False,True,True,False,False,False,False,0,1.0,True
-23.739834,294,5735.115332,False,False,True,True,False,False,False,False,0,1.0,True
-29.988766,413,5739.57928,False,False,True,True,False,False,False,False,0,1.0,True
-31.663817,523,5745.164657,False,False,True,False,False,False,True,False,0,1.0,True
-40.223645,964,5755.726157,False,False,True,False,True,False,False,False,0,1.0,True
-22.26814,263,5758.460769,False,False,True,True,False,False,False,False,0,1.0,True
-27.764753,387,5762.797921,False,False,True,True,False,False,False,False,0,1.0,True
-41.129021,962,5773.330279,False,False,True,False,False,False,True,False,0,1.0,True
-21.92614,187,5775.288862,False,False,True,True,False,False,False,False,0,1.0,True
-32.11443,508,5780.829366,False,False,True,True,False,False,False,False,0,1.0,True
-26.641046,319,5784.402076,False,False,True,True,False,False,False,False,0,1.0,True
-35.15797,740,5792.343266,False,False,True,True,False,False,False,False,0,1.0,True
-22.578856,223,5794.768376,False,False,True,True,False,False,False,False,0,1.0,True
-29.683746,453,5799.769036,False,False,True,False,False,False,True,False,0,1.0,True
-37.06845,761,5808.097309,False,False,True,False,False,False,True,False,0,1.0,True
-32.355986,637,5815.026,False,False,True,True,False,False,False,False,0,1.0,True
