#{"t_start": 1786602476.118577, "env_id": "None"}
r,l,t,completed,gate_reached,constraint_success,distance_failure,time_failure,mission_phase
-56.597265,477,6.368116,False,False,True,False,False,0
-37.691969,218,7.474059,False,False,True,False,False,0
-35.701174,239,8.685188,False,False,True,False,False,0
-32.59749,158,9.461188,False,False,True,False,False,0
-42.235258,255,10.72902,False,False,True,False,False,0
-45.55898,168,11.540276,False,False,True,False,False,0
-38.773303,145,12.243234,False,False,True,False,False,0
-59.244321,410,15.023539,False,False,True,False,False,0
-42.845013,160,15.837913,False,False,True,False,False,0
-47.568621,204,17.072,False,False,True,False,False,0
-40.856172,205,18.514908,False,False,True,False,False,0
-37.992254,214,20.002499,False,False,True,False,False,0
-31.7079,118,20.580334,False,False,True,False,False,0
-64.245057,364,22.329382,False,False,True,False,False,0
-39.559706,127,22.932779,False,False,True,False,False,0
-54.82944,228,24.015846,False,False,True,False,False,0
-66.234603,272,25.339612,False,False,True,False,False,0
-52.878354,214,26.377183,False,False,True,False,False,0
-41.214988,216,27.397963,False,False,True,False,False,0
-28.101173,204,28.404136,False,False,True,False,False,0
-54.00441,227,29.484481,False,False,True,False,False,0
-36.259946,144,30.162649,False,False,True,False,False,0
-34.833255,118,33.660419,False,False,True,False,False,0
-28.220468,268,41.344511,False,False,True,False,False,0
-26.633168,203,47.152347,False,False,True,False,False,0
-26.579889,180,52.847715,False,False,True,False,False,0
-33.581257,107,55.983283,False,False,True,False,False,0
-30.423475,516,71.709068,False,False,True,False,False,0
-27.308423,210,79.2304,False,False,True,False,False,0
-44.476729,189,85.105928,False,False,True,False,False,0
-33.84713,86,87.594043,False,False,True,False,False,0
-187.075074,687,108.549716,False,False,True,False,False,0
-44.922108,427,121.632216,False,False,True,False,False,0
-261.19893,1250,160.529681,False,False,True,False,False,0
-288.408677,1917,220.989908,False,False,True,True,False,0
-38.460222,358,232.173234,False,False,True,False,False,0
-184.917074,846,259.358179,False,False,True,False,False,0
-29.302865,123,265.040768,False,False,True,False,False,0
-52.397754,587,290.845892,False,False,True,False,False,0
-113.826725,1063,331.869891,False,False,True,False,False,0
-45.504213,228,339.958474,False,False,True,False,False,0
-49.936035,219,347.823291,False,False,True,False,False,0
-32.030513,130,352.433031,False,False,True,False,False,0
-26.356391,149,357.566182,False,False,True,False,False,0
-125.496611,645,381.124315,False,False,True,False,False,0
-162.932339,495,398.439152,False,False,True,False,False,0
-38.838597,524,417.071145,False,False,True,False,False,0
-44.121369,182,423.827804,False,False,True,False,False,0
-22.457644,115,428.111476,False,False,True,False,False,0
-81.569644,493,445.509795,False,False,True,False,False,0
-23.524493,138,450.193007,False,False,True,False,False,0
-88.878346,740,476.779918,False,False,True,False,False,0
-46.506874,255,485.829393,False,False,True,False,False,0
-75.739637,518,504.520964,False,False,True,False,False,0
-39.936573,462,520.990172,False,False,True,False,False,0
-26.106136,107,525.038507,False,False,True,False,False,0
-28.605801,143,530.299694,False,False,True,False,False,0
-24.26092,120,534.435214,False,False,True,False,False,0
-58.647071,265,543.664994,False,False,True,False,False,0
-23.494434,88,546.681967,False,False,True,False,False,0
-90.39646,534,565.617166,False,False,True,False,False,0
-42.941447,224,573.810438,False,False,True,False,False,0
-22.663406,71,576.385131,False,False,True,False,False,0
-33.028272,122,580.858371,False,False,True,False,False,0
-41.036447,398,595.433738,False,False,True,False,False,0
-53.34506,475,613.659238,False,False,True,False,False,0
-35.595702,210,620.951276,False,False,True,False,False,0
-57.617467,403,635.348121,False,False,True,False,False,0
-27.839184,108,639.242632,False,False,True,False,False,0
-39.392483,167,645.310225,False,False,True,False,False,0
-92.162956,468,662.328924,False,False,True,False,False,0
-41.312284,149,667.945129,False,False,True,False,False,0
-164.205569,653,692.184438,False,False,True,True,False,0
-33.008073,233,700.741367,False,False,True,False,False,0
-25.570315,143,705.928287,False,False,True,False,False,0
-18.089811,127,710.850085,False,False,True,False,False,0
-26.81344,100,714.44002,False,False,True,False,False,0
-36.140973,99,717.886131,False,False,True,False,False,0
-22.009441,60,720.042693,False,False,True,False,False,0
-47.743321,184,727.03606,False,False,True,False,False,0
-17.085848,52,729.021341,False,False,True,False,False,0
-31.614812,152,734.959479,False,False,True,False,False,0
-24.693893,154,740.2835,False,False,True,False,False,0
-90.633984,357,753.84535,False,False,True,False,False,0
-42.245378,292,766.39524,False,False,True,False,False,0
-26.279107,183,773.407188,False,False,True,False,False,0
-25.909894,148,779.327565,False,False,True,False,False,0
-37.550526,251,788.844339,False,False,True,False,False,0
-62.492581,110,793.01162,False,False,True,False,False,0
-17.354048,72,795.762237,False,False,True,False,False,0
-39.372974,96,799.197503,False,False,True,False,False,0
-46.450372,254,808.667672,False,False,True,False,False,0
-17.795986,80,812.050643,False,False,True,False,False,0
-22.384986,117,816.518626,False,False,True,False,False,0
-29.033725,278,826.759415,False,False,True,False,False,0
-21.583542,60,828.928475,False,False,True,False,False,0
-29.017743,139,834.123335,False,False,True,False,False,0
-33.27643,193,841.167315,False,False,True,False,False,0
-45.173341,307,852.875186,False,False,True,False,False,0
-36.211472,198,860.383655,False,False,True,False,False,0
-207.930893,524,880.01792,False,False,True,False,False,0
-40.763495,241,888.876658,False,False,True,False,False,0
-26.943344,183,895.065365,False,False,True,False,False,0
-40.192638,196,902.132318,False,False,True,False,False,0
-27.269479,100,905.62999,False,False,True,False,False,0
-33.859197,113,909.598904,False,False,True,False,False,0
-54.762678,193,916.408643,False,False,True,False,False,0
-20.836004,62,918.464478,False,False,True,False,False,0
-31.866556,96,921.772085,False,False,True,False,False,0
-32.381479,119,925.955845,False,False,True,False,False,0
-26.382292,75,928.555542,False,False,True,False,False,0
-44.279257,260,937.768682,False,False,True,False,False,0
-80.427212,376,951.178919,False,False,True,False,False,0
-34.308315,142,955.940439,False,False,True,False,False,0
-28.511625,72,958.50985,False,False,True,False,False,0
-26.88233,106,962.214065,False,False,True,False,False,0
-21.290352,74,964.850457,False,False,True,False,False,0
-87.020153,152,970.134431,False,False,True,False,False,0
-38.772168,154,975.609979,False,False,True,False,False,0
-34.215103,134,980.317021,False,False,True,False,False,0
-134.454617,295,990.612333,False,False,True,False,False,0
-39.901765,104,994.301605,False,False,True,False,False,0
-21.844442,145,999.344557,False,False,True,False,False,0
-31.568424,131,1003.889901,False,False,True,False,False,0
-23.518666,185,1010.532308,False,False,True,False,False,0
-21.559674,69,1012.830696,False,False,True,False,False,0
-17.272184,47,1014.577474,False,False,True,False,False,0
-18.691898,100,1018.054355,False,False,True,False,False,0
-34.746669,173,1024.364595,False,False,True,False,False,0
-24.571152,105,1028.258773,False,False,True,False,False,0
-26.369313,363,1040.817087,False,False,True,False,False,0
-25.272057,155,1046.278635,False,False,True,False,False,0
-52.569459,140,1051.086053,False,False,True,False,False,0
-37.970227,324,1062.173803,False,False,True,False,False,0
-30.011945,96,1065.442665,False,False,True,False,False,0
-31.953163,129,1069.913336,False,False,True,False,False,0
-26.623915,176,1075.896974,False,False,True,False,False,0
-21.300975,63,1078.062163,False,False,True,False,False,0
-51.691798,130,1082.540717,False,False,True,False,False,0
-45.423344,123,1086.912635,False,False,True,False,False,0
-22.078628,49,1088.848729,False,False,True,False,False,0
-54.73403,109,1092.574458,False,False,True,False,False,0
-29.262929,234,1101.153143,False,False,True,False,False,0
-30.741552,131,1106.828521,False,False,True,False,False,0
-36.089871,128,1111.305838,False,False,True,False,False,0
-27.825884,132,1115.959611,False,False,True,False,False,0
-33.048998,174,1122.362231,False,False,True,False,False,0
-27.262815,91,1125.625771,False,False,True,False,False,0
-25.622837,84,1128.665341,False,False,True,False,False,0
-69.975407,65,1130.922203,False,False,True,False,False,0
-28.691746,66,1133.144697,False,False,True,False,False,0
-22.701216,101,1136.158893,False,False,True,False,False,0
-33.794952,136,1140.652637,False,False,True,False,False,0
-25.414474,164,1146.060398,False,False,True,False,False,0
-32.697795,135,1150.551886,False,False,True,False,False,0
-57.504372,192,1156.634122,False,False,True,False,False,0
-31.680227,208,1163.56986,False,False,True,False,False,0
-38.689286,131,1168.230342,False,False,True,False,False,0
-43.822022,200,1175.78064,False,False,True,False,False,0
-21.072885,137,1180.392695,False,False,True,False,False,0
-32.90883,70,1182.772142,False,False,True,False,False,0
-56.66678,106,1186.309271,False,False,True,False,False,0
-32.118629,197,1193.061274,False,False,True,False,False,0
-22.292037,59,1195.317943,False,False,True,False,False,0
-35.019462,230,1205.428548,False,False,True,False,False,0
-40.140453,77,1208.749417,False,False,True,False,False,0
-26.342789,125,1212.799004,False,False,True,False,False,0
-43.986542,232,1220.358771,False,False,True,False,False,0
-27.143599,132,1224.883459,False,False,True,False,False,0
-18.366228,80,1227.339962,False,False,True,False,False,0
-58.516241,141,1232.104953,False,False,True,False,False,0
-18.679158,72,1234.440149,False,False,True,False,False,0
-49.094043,93,1237.768506,False,False,True,False,False,0
-169.110033,189,1244.237566,False,False,True,False,False,0
-35.953005,288,1255.299722,False,False,True,False,False,0
-27.621098,197,1261.57036,False,False,True,False,False,0
-20.677067,48,1263.148944,False,False,True,False,False,0
-32.53063,122,1266.866532,False,False,True,False,False,0
-29.620789,147,1271.828677,False,False,True,False,False,0
-24.582885,86,1274.754929,False,False,True,False,False,0
-24.225632,67,1277.216877,False,False,True,False,False,0
-22.995893,96,1280.147866,False,False,True,False,False,0
-22.447206,55,1281.96122,False,False,True,False,False,0
-40.501826,62,1283.858058,False,False,True,False,False,0
-33.8825,265,1293.031818,False,False,True,False,False,0
-32.975921,176,1298.555282,False,False,True,False,False,0
-44.821484,213,1305.810549,False,False,True,False,False,0
-29.912438,136,1310.598534,False,False,True,False,False,0
-17.833242,106,1314.176797,False,False,True,False,False,0
-86.202553,222,1321.47288,False,False,True,False,False,0
-29.274312,75,1323.829568,False,False,True,False,False,0
-26.452187,69,1325.878263,False,False,True,False,False,0
-17.622897,90,1328.83971,False,False,True,False,False,0
-40.656134,96,1331.770572,False,False,True,False,False,0
-41.654899,92,1334.699279,False,False,True,False,False,0
-161.521072,195,1341.626725,False,False,True,False,False,0
-29.705988,98,1344.696732,False,False,True,False,False,0
-40.98797,79,1347.279364,False,False,True,False,False,0
-20.132231,50,1348.976859,False,False,True,False,False,0
-43.961699,90,1352.300038,False,False,True,False,False,0
-22.30441,48,1353.897773,False,False,True,False,False,0
-29.397587,85,1356.702039,False,False,True,False,False,0
-53.920366,140,1361.248146,False,False,True,False,False,0
-55.999443,131,1365.905128,False,False,True,False,False,0
-34.323461,70,1368.075161,False,False,True,False,False,0
-66.190502,274,1376.943372,False,False,True,False,False,0
-31.224241,65,1378.969343,False,False,True,False,False,0
-22.398227,48,1380.46004,False,False,True,False,False,0
-63.118239,106,1384.093683,False,False,True,False,False,0
-22.765977,78,1386.612374,False,False,True,False,False,0
-31.19939,74,1389.330856,False,False,True,False,False,0
-22.383943,145,1393.950396,False,False,True,False,False,0
-50.181863,115,1397.484671,False,False,True,False,False,0
-43.524317,49,1399.120585,False,False,True,False,False,0
-60.254989,87,1402.209516,False,False,True,False,False,0
-25.751164,85,1405.159427,False,False,True,False,False,0
-26.064753,59,1407.191032,False,False,True,False,False,0
-21.178283,48,1408.859303,False,False,True,False,False,0
-34.816856,52,1410.574151,False,False,True,False,False,0
-27.822852,67,1412.623873,False,False,True,False,False,0
-66.802731,109,1416.41757,False,False,True,False,False,0
-27.930946,62,1418.371458,False,False,True,False,False,0
-53.250842,88,1420.977447,False,False,True,False,False,0
-38.266199,69,1423.144235,False,False,True,False,False,0
-40.247048,131,1427.894109,False,False,True,False,False,0
-37.002263,89,1431.054824,False,False,True,False,False,0
-158.228087,166,1436.683401,False,False,True,False,False,0
-137.916753,121,1440.529762,False,False,True,False,False,0
-71.07413,101,1443.964857,False,False,True,False,False,0
-30.0579,105,1447.341325,False,False,True,False,False,0
-54.552061,153,1452.411592,False,False,True,False,False,0
-17.558809,82,1455.100382,False,False,True,False,False,0
-70.564128,329,1465.873509,False,False,True,False,False,0
-25.384285,56,1467.676709,False,False,True,False,False,0
-190.267225,137,1472.317766,False,False,True,False,False,0
-31.909189,81,1475.097502,False,False,True,False,False,0
-147.103758,325,1485.907308,False,False,True,False,False,0
-38.698867,131,1490.054025,False,False,True,False,False,0
-35.020925,47,1491.725559,False,False,True,False,False,0
-40.864613,104,1494.893265,False,False,True,False,False,0
-22.762112,89,1497.71586,False,False,True,False,False,0
-94.563526,161,1503.213587,False,False,True,False,False,0
-30.458279,160,1508.507563,False,False,True,False,False,0
-18.411259,59,1510.669707,False,False,True,False,False,0
-112.522123,260,1519.052814,False,False,True,False,False,0
-23.910291,153,1524.473227,False,False,True,False,False,0
-79.333195,95,1527.585151,False,False,True,False,False,0
-24.246181,119,1531.745524,False,False,True,False,False,0
-28.195899,75,1534.178667,False,False,True,False,False,0
-18.894572,108,1537.496304,False,False,True,False,False,0
-24.931855,147,1542.241967,False,False,True,False,False,0
-25.692663,82,1545.017762,False,False,True,False,False,0
-45.814204,61,1547.200575,False,False,True,False,False,0
-93.759828,170,1552.927573,False,False,True,False,False,0
-45.744226,57,1554.524416,False,False,True,False,False,0
-28.289592,154,1559.325782,False,False,True,False,False,0
-23.307695,70,1561.727222,False,False,True,False,False,0
-17.184791,55,1563.525688,False,False,True,False,False,0
-28.07775,65,1565.574282,False,False,True,False,False,0
-38.539824,83,1568.301464,False,False,True,False,False,0
-27.047974,165,1573.815839,False,False,True,False,False,0
-102.400082,143,1578.518287,False,False,True,False,False,0
-33.396506,131,1582.766844,False,False,True,False,False,0
-31.350232,115,1586.876774,False,False,True,False,False,0
-22.213691,104,1590.237453,False,False,True,False,False,0
-42.707798,154,1605.370049,False,False,True,False,False,0
-49.552062,81,1608.18769,False,False,True,False,False,0
-73.091977,197,1614.08728,False,False,True,False,False,0
-20.33809,65,1616.414891,False,False,True,False,False,0
-107.026965,156,1621.340068,False,False,True,False,False,0
-146.222494,386,1634.179311,False,False,True,False,False,0
-60.019388,171,1639.770257,False,False,True,False,False,0
-19.684058,67,1641.820047,False,False,True,False,False,0
-47.213848,58,1643.712306,False,False,True,False,False,0
-24.74668,67,1645.928703,False,False,True,False,False,0
-37.181119,169,1651.676675,False,False,True,False,False,0
-23.20895,76,1654.227706,False,False,True,False,False,0
-17.625259,92,1657.326558,False,False,True,False,False,0
-72.997601,272,1666.506394,False,False,True,False,False,0
-24.985323,90,1669.320062,False,False,True,False,False,0
-30.232082,76,1671.901912,False,False,True,False,False,0
-38.848114,96,1674.981544,False,False,True,False,False,0
-45.022378,122,1678.742846,False,False,True,False,False,0
-30.094473,67,1680.881013,False,False,True,False,False,0
-37.369169,66,1682.814734,False,False,True,False,False,0
-25.551048,41,1684.066154,False,False,True,False,False,0
-222.418454,385,1697.310774,False,False,True,False,False,0
-131.247931,217,1704.519545,False,False,True,False,False,0
-29.94868,64,1706.67041,False,False,True,False,False,0
-47.568703,211,1713.494601,False,False,True,False,False,0
-43.658004,88,1716.516248,False,False,True,False,False,0
-23.666051,49,1718.138657,False,False,True,False,False,0
-35.73019,170,1723.693038,False,False,True,False,False,0
-24.537602,71,1726.032763,False,False,True,False,False,0
-106.614748,139,1730.578171,False,False,True,False,False,0
-27.21351,168,1736.353338,False,False,True,False,False,0
-287.721013,224,1743.826494,False,False,True,False,False,0
-27.228707,48,1745.485773,False,False,True,False,False,0
-23.117156,63,1747.553584,False,False,True,False,False,0
-18.270402,90,1750.432635,False,False,True,False,False,0
-66.777742,80,1752.983915,False,False,True,False,False,0
-25.905265,74,1755.339497,False,False,True,False,False,0
-24.321264,52,1757.047986,False,False,True,False,False,0
-24.714771,76,1759.351332,False,False,True,False,False,0
-27.992878,76,1761.931047,False,False,True,False,False,0
-24.42662,77,1764.445788,False,False,True,False,False,0
-18.193251,53,1766.243402,False,False,True,False,False,0
-54.297557,78,1769.10902,False,False,True,False,False,0
-27.417615,83,1771.782773,False,False,True,False,False,0
-53.256498,74,1774.376722,False,False,True,False,False,0
-38.371166,56,1776.179179,False,False,True,False,False,0
-31.469345,152,1780.847153,False,False,True,False,False,0
-22.512531,82,1783.548455,False,False,True,False,False,0
-26.09296,83,1786.569993,False,False,True,False,False,0
-64.41445,82,1789.413462,False,False,True,False,False,0
-246.67886,180,1795.268137,False,False,True,False,False,0
-155.731279,108,1799.20949,False,False,True,False,False,0
-30.822181,125,1803.469496,False,False,True,False,False,0
-181.898323,116,1807.50938,False,False,True,False,False,0
-36.891792,112,1811.233573,False,False,True,False,False,0
-238.926619,256,1819.496511,False,False,True,False,False,0
-19.759746,105,1823.07757,False,False,True,False,False,0
-65.033118,123,1826.986085,False,False,True,False,False,0
-23.283516,63,1829.101037,False,False,True,False,False,0
-50.303133,147,1833.633396,False,False,True,False,False,0
-19.703086,63,1835.748134,False,False,True,False,False,0
-28.85521,78,1838.394231,False,False,True,False,False,0
-17.892194,81,1841.110064,False,False,True,False,False,0
-17.314886,87,1844.141188,False,False,True,False,False,0
-61.012161,143,1849.155084,False,False,True,False,False,0
-217.165727,130,1853.398715,False,False,True,False,False,0
-24.713072,48,1854.8665,False,False,True,False,False,0
-75.740668,160,1860.348783,False,False,True,False,False,0
-23.596319,60,1862.404928,False,False,True,False,False,0
-18.156727,51,1864.229821,False,False,True,False,False,0
-30.458459,115,1868.014442,False,False,True,False,False,0
-21.876024,55,1869.991872,False,False,True,False,False,0
-31.62617,52,1871.787042,False,False,True,False,False,0
-39.870736,67,1874.038187,False,False,True,False,False,0
-63.748153,130,1878.136454,False,False,True,False,False,0
-30.563433,55,1879.937878,False,False,True,False,False,0
-19.378681,63,1882.061628,False,False,True,False,False,0
-72.243781,105,1885.229162,False,False,True,False,False,0
-158.416446,222,1892.778933,False,False,True,False,False,0
-27.982918,54,1894.614995,False,False,True,False,False,0
-25.938713,63,1896.877631,False,False,True,False,False,0
-125.623781,208,1903.367897,False,False,True,False,False,0
-22.270291,60,1905.595302,False,False,True,False,False,0
-95.117261,216,1912.659252,False,False,True,False,False,0
-45.125888,100,1915.912336,False,False,True,False,False,0
-43.986596,66,1917.863764,False,False,True,False,False,0
-21.422649,55,1919.749789,False,False,True,False,False,0
-20.178227,59,1921.784535,False,False,True,False,False,0
-58.602083,132,1926.278539,False,False,True,False,False,0
-66.707279,87,1929.082504,False,False,True,False,False,0
-33.923507,95,1932.026799,False,False,True,False,False,0
-36.88923,64,1934.052833,False,False,True,False,False,0
-27.178632,93,1937.295231,False,False,True,False,False,0
-111.352628,110,1940.779818,False,False,True,False,False,0
-156.390168,203,1947.452349,False,False,True,False,False,0
-48.886818,300,1957.372097,False,False,True,False,False,0
-33.590062,139,1962.061384,False,False,True,False,False,0
-21.930999,64,1964.374838,False,False,True,False,False,0
-210.847957,300,1973.929594,False,False,True,False,False,0
-31.478382,109,1977.751859,False,False,True,False,False,0
-83.422071,151,1982.582487,False,False,True,False,False,0
-21.497398,104,1986.278698,False,False,True,False,False,0
-35.265077,159,1991.797373,False,False,True,False,False,0
-66.612665,77,1994.386807,False,False,True,False,False,0
-33.477834,75,1996.788575,False,False,True,False,False,0
-29.762973,70,1999.022103,False,False,True,False,False,0
-30.32764,97,2002.361604,False,False,True,False,False,0
-20.94912,96,2006.558662,False,False,True,False,False,0
-65.875291,101,2010.116733,False,False,True,False,False,0
-26.334085,101,2013.494374,False,False,True,False,False,0
-35.683662,88,2016.214426,False,False,True,False,False,0
-179.031741,130,2020.749632,False,False,True,False,False,0
-51.255975,236,2028.734936,False,False,True,False,False,0
-27.687309,49,2030.399282,False,False,True,False,False,0
-73.96164,97,2033.611008,False,False,True,False,False,0
-35.921833,68,2035.80298,False,False,True,False,False,0
-194.158303,176,2041.631664,False,False,True,False,False,0
-32.747655,47,2043.107085,False,False,True,False,False,0
-19.694082,71,2045.460946,False,False,True,False,False,0
-68.621424,113,2049.396713,False,False,True,False,False,0
-56.96185,150,2054.144722,False,False,True,False,False,0
-48.192891,100,2057.703012,False,False,True,False,False,0
-27.012981,65,2059.824532,False,False,True,False,False,0
-30.881404,82,2062.672569,False,False,True,False,False,0
-30.335905,54,2064.418057,False,False,True,False,False,0
-111.396322,278,2073.552171,False,False,True,False,False,0
-24.907972,90,2076.908882,False,False,True,False,False,0
-35.570516,58,2078.924216,False,False,True,False,False,0
-32.542463,88,2081.728309,False,False,True,False,False,0
-94.037726,136,2086.592628,False,False,True,False,False,0
-30.252674,125,2090.440324,False,False,True,False,False,0
-79.457467,112,2094.457564,False,False,True,False,False,0
-18.366959,68,2096.48413,False,False,True,False,False,0
-25.158093,72,2099.037178,False,False,True,False,False,0
-35.049945,128,2103.293737,False,False,True,False,False,0
-50.448988,88,2106.290867,False,False,True,False,False,0
-35.037826,52,2108.005883,False,False,True,False,False,0
-33.855227,105,2111.218815,False,False,True,False,False,0
-32.467749,109,2114.97594,False,False,True,False,False,0
-29.661062,66,2117.317694,False,False,True,False,False,0
-34.183123,91,2120.348616,False,False,True,False,False,0
-37.764682,113,2124.16337,False,False,True,False,False,0
-124.736392,142,2128.811677,False,False,True,False,False,0
-76.583643,91,2132.127697,False,False,True,False,False,0
-25.376774,44,2133.535181,False,False,True,False,False,0
-31.235705,56,2135.242064,False,False,True,False,False,0
-42.061592,82,2137.723763,False,False,True,False,False,0
-49.150038,127,2141.689861,False,False,True,False,False,0
-60.020599,139,2146.31569,False,False,True,False,False,0
-42.894391,71,2148.791741,False,False,True,False,False,0
-28.439722,64,2150.816983,False,False,True,False,False,0
-80.74664,92,2153.572017,False,False,True,False,False,0
-24.712922,36,2154.817458,False,False,True,False,False,0
-163.531022,185,2160.982207,False,False,True,False,False,0
-39.379241,177,2166.565622,False,False,True,False,False,0
-32.103764,81,2169.464122,False,False,True,False,False,0
-1587.036525,714,2193.039786,False,False,True,False,False,0
-60.475093,70,2195.594532,False,False,True,False,False,0
-49.536371,56,2197.426759,False,False,True,False,False,0
-63.399652,69,2199.699938,False,False,True,False,False,0
-43.90483,50,2201.113633,False,False,True,False,False,0
-71.01466,98,2204.388276,False,False,True,False,False,0
-27.511172,76,2206.766949,False,False,True,False,False,0
-25.193086,100,2210.122867,False,False,True,False,False,0
-32.469268,64,2212.27088,False,False,True,False,False,0
-47.010392,65,2214.519543,False,False,True,False,False,0
-96.004002,125,2218.442919,False,False,True,False,False,0
-205.317661,223,2225.891671,False,False,True,False,False,0
-47.476968,185,2232.307832,False,False,True,False,False,0
-98.666616,79,2234.877872,False,False,True,False,False,0
-83.901707,114,2239.29451,False,False,True,False,False,0
-21.197593,71,2241.983353,False,False,True,False,False,0
-31.656554,81,2245.057526,False,False,True,False,False,0
-401.455324,418,2256.205428,False,False,True,False,False,0
-49.779926,88,2258.440936,False,False,True,False,False,0
-31.418164,57,2259.678129,False,False,True,False,False,0
-160.756797,172,2263.767231,False,False,True,False,False,0
-90.282946,165,2267.75777,False,False,True,False,False,0
-52.565123,69,2269.447557,False,False,True,False,False,0
-56.198375,173,2273.411063,False,False,True,False,False,0
-81.970331,77,2275.104993,False,False,True,False,False,0
-104.543882,82,2276.993846,False,False,True,False,False,0
-28.151175,76,2278.703205,False,False,True,False,False,0
-18.897401,57,2280.015219,False,False,True,False,False,0
-74.35864,107,2282.395687,False,False,True,False,False,0
-24.465173,103,2284.75801,False,False,True,False,False,0
-43.130302,119,2287.495455,False,False,True,False,False,0
-149.865194,179,2291.660155,False,False,True,False,False,0
-57.746581,136,2294.683332,False,False,True,False,False,0
-32.112973,60,2295.959482,False,False,True,False,False,0
-42.348748,113,2298.598205,False,False,True,False,False,0
-35.905869,61,2299.940993,False,False,True,False,False,0
-26.257482,83,2301.679704,False,False,True,False,False,0
-114.439222,203,2306.142175,False,False,True,False,False,0
-57.012792,110,2308.662307,False,False,True,False,False,0
-34.286196,101,2310.780157,False,False,True,False,False,0
-34.171159,369,2319.399834,False,False,True,False,False,0
-36.78367,86,2321.447729,False,False,True,False,False,0
-41.680053,66,2322.892567,False,False,True,False,False,0
-134.500012,112,2325.533413,False,False,True,False,False,0
-30.982344,86,2327.505774,False,False,True,False,False,0
-66.623019,107,2329.828301,False,False,True,False,False,0
-51.492894,76,2331.57166,False,False,True,False,False,0
-97.567105,124,2334.310439,False,False,True,False,False,0
-25.064584,141,2337.643056,False,False,True,False,False,0
-37.332135,188,2341.78356,False,False,True,False,False,0
-181.767146,126,2344.676584,False,False,True,False,False,0
-27.282805,66,2346.351389,False,False,True,False,False,0
-33.184691,86,2348.260678,False,False,True,False,False,0
-130.322024,293,2354.823821,False,False,True,False,False,0
-30.819866,187,2359.239398,False,False,True,False,False,0
-124.319447,153,2365.025182,False,False,True,False,False,0
-211.681167,302,2374.108087,False,False,True,False,False,0
-165.129637,296,2382.326512,False,False,True,False,False,0
-26.702695,45,2383.378548,False,False,True,False,False,0
-26.275917,99,2386.051891,False,False,True,False,False,0
-28.743672,71,2387.855546,False,False,True,False,False,0
-24.801911,66,2389.503941,False,False,True,False,False,0
-29.623978,68,2391.059584,False,False,True,False,False,0
-26.509468,90,2393.454434,False,False,True,False,False,0
-77.476016,90,2395.738953,False,False,True,False,False,0
-29.218917,74,2397.824933,False,False,True,False,False,0
-28.441525,61,2400.576206,False,False,True,False,False,0
-187.637458,308,2407.695774,False,False,True,False,False,0
-99.722031,120,2410.409719,False,False,True,False,False,0
-182.580964,240,2415.558476,False,False,True,False,False,0
-100.436717,326,2422.668039,False,False,True,False,False,0
-26.794151,90,2424.671905,False,False,True,False,False,0
-105.734169,250,2430.203635,False,False,True,False,False,0
-23.274665,54,2431.452971,False,False,True,False,False,0
-151.663458,140,2434.509989,False,False,True,False,False,0
-100.993,268,2440.41182,False,False,True,False,False,0
-38.764855,126,2443.273226,False,False,True,False,False,0
-128.967896,243,2448.514985,False,False,True,False,False,0
-31.645246,97,2450.608282,False,False,True,False,False,0
-56.629705,130,2453.78856,False,False,True,False,False,0
-146.283642,168,2457.63574,False,False,True,False,False,0
-53.017795,217,2462.770214,False,False,True,False,False,0
-296.154843,276,2468.827959,False,False,True,False,False,0
-25.548472,53,2469.921508,False,False,True,False,False,0
-36.873801,80,2471.708447,False,False,True,False,False,0
-46.46283,116,2474.13299,False,False,True,False,False,0
-26.828375,71,2475.666273,False,False,True,False,False,0
-26.802338,55,2476.84572,False,False,True,False,False,0
-197.522564,189,2480.925411,False,False,True,False,False,0
-217.460753,293,2487.207872,False,False,True,False,False,0
-51.586466,88,2489.040064,False,False,True,False,False,0
-47.708207,58,2490.340437,False,False,True,False,False,0
-48.649388,139,2493.343722,False,False,True,False,False,0
-26.675248,56,2494.511718,False,False,True,False,False,0
-64.651868,98,2496.56569,False,False,True,False,False,0
-52.521687,133,2499.498077,False,False,True,False,False,0
-36.216302,118,2501.997875,False,False,True,False,False,0
-35.045183,97,2503.969292,False,False,True,False,False,0
-42.512949,99,2506.156585,False,False,True,False,False,0
-33.760783,106,2508.431227,False,False,True,False,False,0
-50.783178,137,2511.87655,False,False,True,False,False,0
-126.323487,182,2517.957912,False,False,True,False,False,0
-102.264888,303,2526.966976,False,False,True,False,False,0
-92.071499,120,2529.912259,False,False,True,False,False,0
-74.556641,102,2532.705556,False,False,True,False,False,0
-48.979934,93,2535.062917,False,False,True,False,False,0
-90.578088,94,2537.038552,False,False,True,False,False,0
-76.703284,134,2540.013241,False,False,True,False,False,0
-31.123619,73,2541.701626,False,False,True,False,False,0
-57.729943,113,2544.092651,False,False,True,False,False,0
-32.819867,65,2545.655859,False,False,True,False,False,0
-109.210586,172,2549.567858,False,False,True,False,False,0
-110.7084,135,2552.526461,False,False,True,False,False,0
-29.363113,53,2554.423313,False,False,True,False,False,0
-26.518164,71,2556.351263,False,False,True,False,False,0
-34.232236,252,2561.770654,False,False,True,False,False,0
-29.002358,76,2563.504852,False,False,True,False,False,0
-30.419755,83,2565.303964,False,False,True,False,False,0
-52.008076,132,2568.070595,False,False,True,False,False,0
-50.526438,166,2571.529128,False,False,True,False,False,0
-83.610356,94,2573.555136,False,False,True,False,False,0
-41.245967,197,2578.349751,False,False,True,False,False,0
-304.265283,309,2585.957307,False,False,True,False,False,0
-75.457622,73,2587.824499,False,False,True,False,False,0
-70.884147,136,2591.176199,False,False,True,False,False,0
-21.527944,106,2593.497606,False,False,True,False,False,0
-53.638612,79,2595.641255,False,False,True,False,False,0
-145.858549,232,2600.998376,False,False,True,False,False,0
-203.500757,351,2609.127896,False,False,True,False,False,0
-77.687276,240,2614.616446,False,False,True,False,False,0
-24.972076,69,2616.132971,False,False,True,False,False,0
-112.481642,209,2621.002213,False,False,True,False,False,0
-26.868564,51,2622.076577,False,False,True,False,False,0
-54.014625,149,2625.383934,False,False,True,False,False,0
-590.290423,287,2631.945898,False,False,True,False,False,0
-64.730302,88,2633.952071,False,False,True,False,False,0
-30.986243,55,2635.284113,False,False,True,False,False,0
-44.50936,136,2638.209369,False,False,True,False,False,0
-70.670273,144,2641.478141,False,False,True,False,False,0
-37.229075,80,2643.272742,False,False,True,False,False,0
-114.807108,281,2649.647648,False,False,True,False,False,0
-206.647833,182,2653.908339,False,False,True,False,False,0
-85.121747,221,2658.654353,False,False,True,False,False,0
-34.270802,148,2661.984184,False,False,True,False,False,0
-26.53483,69,2663.421124,False,False,True,False,False,0
-45.183758,104,2665.759576,False,False,True,False,False,0
-40.557695,59,2667.076151,False,False,True,False,False,0
-40.247395,113,2669.959839,False,False,True,False,False,0
-248.910929,189,2674.369571,False,False,True,False,False,0
-23.235318,58,2675.760369,False,False,True,False,False,0
-113.632535,94,2678.041037,False,False,True,False,False,0
-36.188839,119,2681.033863,False,False,True,False,False,0
-41.459775,63,2682.553741,False,False,True,False,False,0
-74.775831,83,2684.500329,False,False,True,False,False,0
-73.605853,138,2687.771676,False,False,True,False,False,0
-110.186036,174,2691.729072,False,False,True,False,False,0
-254.030065,185,2696.240744,False,False,True,False,False,0
-85.812588,158,2700.501564,False,False,True,False,False,0
-100.895119,111,2703.190583,False,False,True,False,False,0
-325.99441,510,2715.334387,False,False,True,False,False,0
-37.820543,82,2717.423988,False,False,True,False,False,0
-250.672439,202,2722.157725,False,False,True,False,False,0
-89.897517,292,2728.987989,False,False,True,False,False,0
-41.306209,111,2731.529088,False,False,True,False,False,0
-28.194862,77,2733.294363,False,False,True,False,False,0
-97.351324,128,2736.222792,False,False,True,False,False,0
-188.753597,195,2740.846187,False,False,True,False,False,0
-28.635152,70,2742.536873,False,False,True,False,False,0
-112.260321,105,2745.024686,False,False,True,False,False,0
-84.992437,269,2750.738,False,False,True,False,False,0
-45.148412,69,2752.401846,False,False,True,False,False,0
-44.091739,170,2756.046357,False,False,True,False,False,0
-87.961349,84,2757.802127,False,False,True,False,False,0
-68.490575,177,2761.652201,False,False,True,False,False,0
-21.798552,72,2763.247391,False,False,True,False,False,0
-155.75273,116,2765.70015,False,False,True,False,False,0
-54.719865,57,2766.939193,False,False,True,False,False,0
-32.095004,96,2768.942722,False,False,True,False,False,0
-63.617818,73,2770.721234,False,False,True,False,False,0
-23.394311,75,2772.286828,False,False,True,False,False,0
-64.449057,187,2776.385204,False,False,True,False,False,0
-25.243318,86,2778.38406,False,False,True,False,False,0
-685.014347,311,2784.980795,False,False,True,False,False,0
-65.28127,67,2786.435087,False,False,True,False,False,0
-34.856332,77,2788.088057,False,False,True,False,False,0
-82.205927,219,2792.823139,False,False,True,False,False,0
-212.737814,182,2796.726174,False,False,True,False,False,0
-70.474115,202,2800.902656,False,False,True,False,False,0
-134.363816,399,2809.178675,False,False,True,False,False,0
-24.987302,66,2810.639117,False,False,True,False,False,0
-33.452728,111,2812.943963,False,False,True,False,False,0
-42.15634,58,2814.188542,False,False,True,False,False,0
-28.841472,89,2816.090569,False,False,True,False,False,0
-52.546945,133,2818.974674,False,False,True,False,False,0
-29.10696,164,2822.494035,False,False,True,False,False,0
-31.344757,109,2824.73249,False,False,True,False,False,0
-128.879709,143,2827.728857,False,False,True,False,False,0
-90.725197,133,2830.57832,False,False,True,False,False,0
-30.676725,36,2831.334589,False,False,True,False,False,0
-25.848419,52,2832.420404,False,False,True,False,False,0
-43.463028,55,2833.582476,False,False,True,False,False,0
-27.168412,56,2834.747741,False,False,True,False,False,0
-130.884411,103,2836.947717,False,False,True,False,False,0
-95.390804,144,2839.942592,False,False,True,False,False,0
-156.341739,461,2849.686349,False,False,True,True,False,0
-223.754968,214,2854.277443,False,False,True,False,False,0
-39.669019,81,2856.016594,False,False,True,False,False,0
-222.467092,180,2859.945503,False,False,True,False,False,0
-200.82453,174,2863.606855,False,False,True,False,False,0
-116.568062,136,2866.523236,False,False,True,False,False,0
-80.119202,194,2870.641233,False,False,True,False,False,0
-86.666846,200,2874.888837,False,False,True,False,False,0
-28.536593,79,2876.518512,False,False,True,False,False,0
-188.846022,340,2883.881098,False,False,True,False,False,0
-37.696197,55,2885.034438,False,False,True,False,False,0
-51.716415,132,2887.831168,False,False,True,False,False,0
-225.483952,124,2890.457773,False,False,True,False,False,0
-62.992504,100,2892.64841,False,False,True,False,False,0
-39.336719,60,2893.913829,False,False,True,False,False,0
-163.391555,219,2898.638745,False,False,True,False,False,0
-35.535848,95,2900.859,False,False,True,False,False,0
-33.436797,85,2902.782104,False,False,True,False,False,0
-172.475916,249,2909.024952,False,False,True,False,False,0
-136.848156,155,2912.484423,False,False,True,False,False,0
-126.192348,106,2914.833428,False,False,True,False,False,0
-143.182523,201,2919.353653,False,False,True,False,False,0
-21.639833,40,2920.25298,False,False,True,False,False,0
-48.561613,139,2923.219307,False,False,True,False,False,0
-55.648819,92,2925.127548,False,False,True,False,False,0
-53.696419,144,2928.195206,False,False,True,False,False,0
-46.19867,107,2930.546052,False,False,True,False,False,0
-106.754543,81,2932.298972,False,False,True,False,False,0
-461.668097,240,2937.612998,False,False,True,False,False,0
-87.040076,74,2939.197828,False,False,True,False,False,0
-74.055971,101,2941.52975,False,False,True,False,False,0
-109.075757,86,2943.57401,False,False,True,False,False,0
-207.613715,181,2947.594646,False,False,True,False,False,0
-202.936588,184,2951.564623,False,False,True,False,False,0
-45.527217,112,2961.197922,False,False,True,False,False,0
-81.093279,75,2962.860467,False,False,True,False,False,0
-44.375363,142,2966.175302,False,False,True,False,False,0
-162.432554,158,2969.657075,False,False,True,False,False,0
-244.99561,525,2981.766322,False,False,True,False,False,0
-177.259503,116,2984.162454,False,False,True,False,False,0
-227.029174,277,2989.935306,False,False,True,False,False,0
-25.169069,73,2991.475804,False,False,True,False,False,0
-18.490968,50,2992.519575,False,False,True,False,False,0
-84.122754,177,2996.240607,False,False,True,False,False,0
-34.50989,65,2997.62869,False,False,True,False,False,0
-112.067155,105,2999.894387,False,False,True,False,False,0
-299.013041,213,3004.986066,False,False,True,False,False,0
-107.156793,87,3006.825076,False,False,True,False,False,0
-107.203891,122,3009.439378,False,False,True,False,False,0
-50.011653,142,3012.547848,False,False,True,False,False,0
-56.638514,162,3016.009048,False,False,True,False,False,0
-645.793504,340,3023.477711,False,False,True,False,False,0
-176.725988,146,3026.684362,False,False,True,False,False,0
-145.044596,119,3029.160566,False,False,True,False,False,0
-38.548276,96,3031.294272,False,False,True,False,False,0
-110.434197,324,3038.370935,False,False,True,False,False,0
-53.627067,215,3042.863634,False,False,True,False,False,0
-188.551093,320,3049.490725,False,False,True,False,False,0
-190.721404,130,3052.379858,False,False,True,False,False,0
-28.294781,85,3054.182894,False,False,True,False,False,0
-67.602583,266,3059.885873,False,False,True,False,False,0
-166.128146,144,3062.93915,False,False,True,False,False,0
-138.124051,283,3068.979077,False,False,True,False,False,0
-44.693812,114,3071.397079,False,False,True,False,False,0
-230.316758,150,3074.625542,False,False,True,False,False,0
-72.254347,155,3077.86276,False,False,True,False,False,0
-239.722033,200,3082.260587,False,False,True,False,False,0
-138.815859,132,3085.108793,False,False,True,False,False,0
-69.552356,94,3087.081785,False,False,True,False,False,0
-425.447679,265,3092.774033,False,False,True,False,False,0
-60.713662,148,3095.95668,False,False,True,False,False,0
-34.862448,172,3099.652359,False,False,True,False,False,0
-26.206641,101,3101.769773,False,False,True,False,False,0
-30.036111,78,3103.452129,False,False,True,False,False,0
-98.241187,164,3106.962429,False,False,True,False,False,0
-27.749584,55,3108.068089,False,False,True,False,False,0
-45.611064,104,3110.22915,False,False,True,False,False,0
-125.867414,154,3113.673973,False,False,True,False,False,0
-376.85492,259,3119.339684,False,False,True,False,False,0
-110.009642,275,3125.126122,False,False,True,False,False,0
-31.771094,66,3126.623121,False,False,True,False,False,0
-44.452771,79,3128.346284,False,False,True,False,False,0
-34.334478,110,3130.601833,False,False,True,False,False,0
-44.447528,53,3131.759426,False,False,True,False,False,0
-63.523214,143,3134.873403,False,False,True,False,False,0
-195.919233,241,3139.91991,False,False,True,False,False,0
-28.740642,55,3141.092582,False,False,True,False,False,0
-137.758475,241,3146.218589,False,False,True,False,False,0
-280.333213,206,3150.811352,False,False,True,False,False,0
-162.584881,136,3153.779984,False,False,True,False,False,0
-137.441572,145,3157.004886,False,False,True,False,False,0
-118.862386,303,3163.435309,False,False,True,False,False,0
-275.688085,277,3169.21622,False,False,True,False,False,0
-89.233125,275,3175.241032,False,False,True,False,False,0
-362.545371,268,3181.185283,False,False,True,False,False,0
-46.059759,186,3185.097983,False,False,True,False,False,0
-361.177174,329,3192.116202,False,False,True,False,False,0
-355.095428,257,3197.534005,False,False,True,False,False,0
-144.389994,167,3201.017183,False,False,True,False,False,0
-47.84822,71,3202.463263,False,False,True,False,False,0
-142.22316,305,3208.838657,False,False,True,False,False,0
-138.311832,345,3216.157317,False,False,True,False,False,0
-120.272962,240,3221.350286,False,False,True,False,False,0
-24.709181,60,3222.604642,False,False,True,False,False,0
-131.590335,174,3226.208674,False,False,True,False,False,0
-44.502343,150,3229.460265,False,False,True,False,False,0
-137.443593,108,3231.734982,False,False,True,False,False,0
-175.841022,208,3236.153588,False,False,True,False,False,0
-47.039949,169,3239.651568,False,False,True,False,False,0
-431.095854,377,3247.659663,False,False,True,False,False,0
-233.200911,186,3251.626543,False,False,True,False,False,0
-168.050801,198,3255.806862,False,False,True,False,False,0
-76.691099,113,3258.266298,False,False,True,False,False,0
-52.138595,72,3259.821863,False,False,True,False,False,0
-140.301266,236,3264.82845,False,False,True,False,False,0
-139.000875,193,3268.984538,False,False,True,False,False,0
-26.310556,77,3270.656756,False,False,True,False,False,0
-36.895787,91,3272.864988,False,False,True,False,False,0
-175.548252,140,3275.778186,False,False,True,False,False,0
-211.201999,175,3279.690389,False,False,True,False,False,0
-128.953165,268,3285.451103,False,False,True,False,False,0
-132.828909,150,3288.694278,False,False,True,False,False,0
-49.837834,130,3291.493293,False,False,True,False,False,0
-128.294805,189,3295.434433,False,False,True,False,False,0
-47.209359,81,3297.134989,False,False,True,False,False,0
-457.113756,365,3305.025573,False,False,True,False,False,0
-56.721931,94,3307.043678,False,False,True,False,False,0
-33.44525,67,3308.520939,False,False,True,False,False,0
-236.79099,195,3312.536188,False,False,True,False,False,0
-370.801848,373,3320.70392,False,False,True,False,False,0
-32.68364,56,3321.839909,False,False,True,False,False,0
-41.496674,95,3324.078373,False,False,True,False,False,0
-126.430718,260,3329.530014,False,False,True,False,False,0
-141.747816,263,3335.663174,False,False,True,False,False,0
-309.934111,501,3347.565892,False,False,True,False,False,0
-106.203633,153,3351.432875,False,False,True,False,False,0
-21.853818,123,3354.363624,False,False,True,False,False,0
-26.270499,100,3356.818124,False,False,True,False,False,0
-50.620544,91,3358.910389,False,False,True,False,False,0
-52.621119,116,3361.59798,False,False,True,False,False,0
-50.078751,180,3365.832255,False,False,True,False,False,0
-25.042089,97,3367.946064,False,False,True,False,False,0
-403.316887,472,3378.02692,False,False,True,False,False,0
-42.257181,166,3381.527895,False,False,True,False,False,0
-40.887412,167,3385.008159,False,False,True,False,False,0
-173.783126,145,3388.026144,False,False,True,False,False,0
-45.39984,77,3389.639738,False,False,True,False,False,0
-42.400879,82,3391.397642,False,False,True,False,False,0
-154.908104,162,3394.77542,False,False,True,False,False,0
-46.919964,81,3396.43203,False,False,True,False,False,0
-35.520941,76,3398.092477,False,False,True,False,False,0
-39.182867,67,3399.509605,False,False,True,False,False,0
-131.176732,214,3404.160758,False,False,True,False,False,0
-49.099925,97,3406.166141,False,False,True,False,False,0
-55.382088,107,3408.386181,False,False,True,False,False,0
-102.977723,171,3412.00391,False,False,True,False,False,0
-706.783628,436,3421.29413,False,False,True,False,False,0
-17.630199,96,3423.368256,False,False,True,False,False,0
-39.646687,69,3424.894916,False,False,True,False,False,0
-38.600138,125,3427.654435,False,False,True,False,False,0
-60.704439,142,3430.708348,False,False,True,False,False,0
-67.875175,120,3433.265773,False,False,True,False,False,0
-95.963592,94,3435.230337,False,False,True,False,False,0
-81.841504,132,3438.062251,False,False,True,False,False,0
-64.042128,83,3440.03257,False,False,True,False,False,0
-53.846231,89,3441.982695,False,False,True,False,False,0
-288.299161,390,3450.101592,False,False,True,False,False,0
-117.221863,145,3453.319165,False,False,True,False,False,0
-1773.829328,556,3465.272123,False,False,True,False,False,0
-228.011171,293,3471.317302,False,False,True,False,False,0
-24.283429,101,3473.50669,False,False,True,False,False,0
-202.474818,182,3477.547788,False,False,True,False,False,0
-151.812023,170,3481.112535,False,False,True,False,False,0
-359.463639,362,3488.682333,False,False,True,False,False,0
-40.172241,176,3492.338481,False,False,True,False,False,0
-70.699451,211,3496.730054,False,False,True,False,False,0
-335.856041,224,3501.42382,False,False,True,False,False,0
-140.504329,118,3503.954304,False,False,True,False,False,0
-28.094755,99,3506.124862,False,False,True,False,False,0
-122.09338,133,3508.930239,False,False,True,False,False,0
-92.653046,126,3511.655963,False,False,True,False,False,0
-27.993674,70,3513.122717,False,False,True,False,False,0
-22.732407,44,3514.119797,False,False,True,False,False,0
-53.89876,211,3518.718648,False,False,True,False,False,0
-254.364006,229,3523.557963,False,False,True,False,False,0
-71.746653,81,3525.291127,False,False,True,False,False,0
-315.879338,233,3530.204377,False,False,True,False,False,0
-19.243893,58,3531.42388,False,False,True,False,False,0
-53.060681,75,3533.008716,False,False,True,False,False,0
-154.964205,187,3536.887795,False,False,True,False,False,0
-191.924935,394,3545.233235,False,False,True,False,False,0
-68.07786,217,3549.682048,False,False,True,False,False,0
-90.260328,115,3552.178704,False,False,True,False,False,0
-68.26609,85,3554.020703,False,False,True,False,False,0
-27.034113,81,3555.809892,False,False,True,False,False,0
-153.0331,292,3562.084135,False,False,True,False,False,0
-148.570244,130,3564.911863,False,False,True,False,False,0
-29.781833,85,3566.724041,False,False,True,False,False,0
-124.655725,124,3569.694602,False,False,True,False,False,0
-39.668977,105,3571.90713,False,False,True,False,False,0
-159.502703,154,3575.17117,False,False,True,False,False,0
-41.166927,71,3576.682583,False,False,True,False,False,0
-56.992893,119,3579.158272,False,False,True,False,False,0
-24.273417,41,3580.09837,False,False,True,False,False,0
-86.613015,188,3584.162649,False,False,True,False,False,0
-26.9641,78,3585.745522,False,False,True,False,False,0
-137.538586,542,3597.331874,False,False,True,False,False,0
-23.26208,209,3601.722628,False,False,True,False,False,0
-26.606254,79,3603.703681,False,False,True,False,False,0
-274.807291,254,3609.163254,False,False,True,False,False,0
-51.92282,97,3611.260174,False,False,True,False,False,0
-53.565507,89,3613.207859,False,False,True,False,False,0
-292.327709,172,3616.897897,False,False,True,False,False,0
-41.966621,67,3618.268,False,False,True,False,False,0
-214.148775,166,3621.759228,False,False,True,False,False,0
-132.261533,134,3624.498716,False,False,True,False,False,0
-80.130634,94,3626.529846,False,False,True,False,False,0
-68.287821,177,3630.198119,False,False,True,False,False,0
-264.537874,322,3637.118784,False,False,True,False,False,0
-244.011012,232,3642.070798,False,False,True,False,False,0
-51.766547,104,3644.314384,False,False,True,False,False,0
-520.624489,413,3653.162095,False,False,True,False,False,0
-302.298507,293,3659.387115,False,False,True,False,False,0
-128.677625,258,3665.040408,False,False,True,False,False,0
-29.413923,85,3666.863954,False,False,True,False,False,0
-127.209612,241,3672.018976,False,False,True,False,False,0
-41.963888,149,3675.208603,False,False,True,False,False,0
-153.052914,216,3679.795604,False,False,True,False,False,0
-59.273069,73,3681.33137,False,False,True,False,False,0
-67.926515,169,3684.843343,False,False,True,False,False,0
-174.959707,310,3691.612688,False,False,True,False,False,0
-142.990263,126,3694.293243,False,False,True,False,False,0
-162.148259,223,3699.289523,False,False,True,False,False,0
-60.476722,175,3702.950854,False,False,True,False,False,0
-80.949618,83,3704.718918,False,False,True,False,False,0
-184.103409,286,3710.775616,False,False,True,False,False,0
-511.147215,393,3719.020684,False,False,True,False,False,0
-69.832023,207,3723.560591,False,False,True,False,False,0
-141.25228,257,3728.945054,False,False,True,False,False,0
-125.786836,185,3732.806986,False,False,True,False,False,0
-133.71219,311,3739.348563,False,False,True,False,False,0
-38.273979,96,3741.475996,False,False,True,False,False,0
-45.887071,94,3743.482063,False,False,True,False,False,0
-131.911672,260,3749.031284,False,False,True,False,False,0
-28.0214,84,3750.807817,False,False,True,False,False,0
-55.722799,156,3754.067925,False,False,True,False,False,0
-397.127334,216,3758.64605,False,False,True,False,False,0
-108.009751,237,3763.792685,False,False,True,False,False,0
-47.694744,138,3766.732276,False,False,True,False,False,0
-222.694489,273,3772.613392,False,False,True,False,False,0
-153.470365,238,3777.917318,False,False,True,False,False,0
-79.254904,139,3781.010211,False,False,True,False,False,0
-91.187887,369,3788.850399,False,False,True,False,False,0
-1023.436761,449,3798.487231,False,False,True,False,False,0
-203.470374,244,3803.866727,False,False,True,False,False,0
-252.143543,315,3811.491723,False,False,True,False,False,0
-150.810977,187,3815.538816,False,False,True,False,False,0
-164.603666,148,3818.878389,False,False,True,False,False,0
-776.768035,393,3827.177243,False,False,True,False,False,0
-1120.701734,527,3838.617535,False,False,True,False,False,0
-158.064196,182,3842.613224,False,False,True,False,False,0
-57.851732,184,3846.730725,False,False,True,False,False,0
-117.9306,106,3849.299004,False,False,True,False,False,0
-55.80663,151,3852.630916,False,False,True,False,False,0
-246.899794,306,3859.235564,False,False,True,False,False,0
-282.510751,359,3866.801121,False,False,True,False,False,0
-178.207684,193,3871.275545,False,False,True,False,False,0
-70.633859,145,3874.368216,False,False,True,False,False,0
-199.84582,230,3879.289621,False,False,True,False,False,0
-78.757812,170,3883.275351,False,False,True,False,False,0
-100.216682,218,3888.012236,False,False,True,False,False,0
-67.396201,119,3890.522581,False,False,True,False,False,0
-75.331781,159,3893.870006,False,False,True,False,False,0
-161.592169,281,3899.86939,False,False,True,False,False,0
-134.872543,368,3907.622989,False,False,True,False,False,0
-29.78683,99,3909.71269,False,False,True,False,False,0
-272.394511,439,3919.136351,False,False,True,False,False,0
-40.779071,128,3921.856994,False,False,True,False,False,0
-83.884925,526,3933.169202,False,False,True,False,False,0
-53.149082,195,3937.800703,False,False,True,False,False,0
-82.119182,183,3942.282537,False,False,True,False,False,0
-38.449695,88,3944.438652,False,False,True,False,False,0
-37.212072,179,3948.800441,False,False,True,False,False,0
-31.503257,187,3952.825906,False,False,True,False,False,0
-27.158129,92,3954.753758,False,False,True,False,False,0
-176.469771,198,3959.011755,False,False,True,False,False,0
-46.103213,111,3961.540549,False,False,True,False,False,0
-30.595415,154,3964.880608,False,False,True,False,False,0
-97.435324,278,3970.79014,False,False,True,False,False,0
-82.225044,324,3977.672718,False,False,True,False,False,0
-41.166847,186,3981.567332,False,False,True,False,False,0
-58.994248,162,3985.050175,False,False,True,False,False,0
-42.140813,175,3988.691365,False,False,True,False,False,0
-152.787393,163,3992.136206,False,False,True,False,False,0
-35.098706,171,3995.851513,False,False,True,False,False,0
-251.168028,361,4003.484131,False,False,True,False,False,0
-39.507919,113,4005.787399,False,False,True,False,False,0
-109.445958,284,4011.798957,False,False,True,False,False,0
-45.359486,187,4015.68632,False,False,True,False,False,0
-156.416908,235,4020.710131,False,False,True,False,False,0
-40.350605,286,4026.640461,False,False,True,False,False,0
-54.878132,96,4028.672361,False,False,True,False,False,0
-353.781878,470,4052.381889,False,False,True,False,False,0
-43.437065,89,4054.259113,False,False,True,False,False,0
-44.604768,103,4056.428258,False,False,True,False,False,0
-96.756598,249,4061.947373,False,False,True,False,False,0
-42.827315,102,4064.197526,False,False,True,False,False,0
-93.48194,448,4073.621723,False,False,True,False,False,0
-93.448611,306,4080.017149,False,False,True,False,False,0
-341.5593,304,4086.555907,False,False,True,False,False,0
-83.988984,345,4093.836321,False,False,True,False,False,0
-168.209251,307,4100.438389,False,False,True,False,False,0
-147.780635,259,4105.881186,False,False,True,False,False,0
-50.744357,182,4109.707458,False,False,True,False,False,0
-60.638548,238,4114.763506,False,False,True,False,False,0
-137.198569,299,4121.027556,False,False,True,False,False,0
-34.531772,63,4122.320398,False,False,True,False,False,0
-50.625563,114,4124.805195,False,False,True,False,False,0
-155.496763,281,4130.654854,False,False,True,False,False,0
-134.391584,266,4136.414268,False,False,True,False,False,0
-58.483621,114,4138.759263,False,False,True,False,False,0
-124.914845,360,4146.442586,False,False,True,False,False,0
-125.506649,305,4153.020287,False,False,True,False,False,0
-349.748499,185,4157.070996,False,False,True,False,False,0
-95.249621,161,4160.50334,False,False,True,False,False,0
-70.019241,153,4163.747978,False,False,True,False,False,0
-30.748075,143,4166.807012,False,False,True,False,False,0
-66.443359,116,4169.552766,False,False,True,False,False,0
-170.523982,235,4174.497594,False,False,True,False,False,0
-48.6926,108,4176.712813,False,False,True,False,False,0
-30.82108,114,4179.071207,False,False,True,False,False,0
-76.870342,142,4182.364514,False,False,True,False,False,0
-105.41343,339,4189.433959,False,False,True,False,False,0
-52.716605,157,4192.71298,False,False,True,False,False,0
-490.574227,374,4200.614359,False,False,True,False,False,0
-19.85641,65,4201.947821,False,False,True,False,False,0
-84.750398,148,4205.455219,False,False,True,False,False,0
-54.261048,171,4209.043521,False,False,True,False,False,0
-68.437531,167,4212.698961,False,False,True,False,False,0
-93.451463,268,4218.544135,False,False,True,False,False,0
-253.789652,328,4225.387203,False,False,True,False,False,0
-23.683686,54,4226.469222,False,False,True,False,False,0
-118.099895,310,4233.194268,False,False,True,False,False,0
-63.412019,164,4236.692704,False,False,True,False,False,0
-31.379695,93,4238.769806,False,False,True,False,False,0
-42.870295,97,4240.781814,False,False,True,False,False,0
-67.535582,143,4243.813301,False,False,True,False,False,0
-19.766163,56,4245.012214,False,False,True,False,False,0
-120.546331,287,4251.321334,False,False,True,False,False,0
-170.492751,364,4258.887064,False,False,True,False,False,0
-46.989722,183,4262.829141,False,False,True,False,False,0
-50.164792,170,4266.375037,False,False,True,False,False,0
-184.731262,556,4278.180212,False,False,True,False,False,0
-132.521623,377,4286.138322,False,False,True,False,False,0
-121.526643,188,4290.191558,False,False,True,False,False,0
-117.780789,380,4298.31059,False,False,True,False,False,0
-129.42671,215,4303.436548,False,False,True,False,False,0
-58.320645,136,4306.422545,False,False,True,False,False,0
-216.418288,195,4310.535251,False,False,True,False,False,0
-94.093383,247,4315.662405,False,False,True,False,False,0
-63.142549,134,4318.557454,False,False,True,False,False,0
-135.172265,168,4322.201549,False,False,True,False,False,0
-36.377219,171,4326.210024,False,False,True,False,False,0
-46.357556,170,4329.901886,False,False,True,False,False,0
-129.495536,326,4337.002114,False,False,True,False,False,0
-250.188109,240,4342.162505,False,False,True,False,False,0
-93.538295,201,4346.666138,False,False,True,False,False,0
-60.904115,249,4352.014142,False,False,True,False,False,0
-56.222146,264,4357.661725,False,False,True,False,False,0
-35.354417,66,4359.043206,False,False,True,False,False,0
-99.733131,295,4365.208958,False,False,True,False,False,0
-32.409377,165,4368.685009,False,False,True,False,False,0
-81.733863,376,4376.668485,False,False,True,False,False,0
-228.094799,141,4379.615205,False,False,True,False,False,0
-126.631631,243,4384.725529,False,False,True,False,False,0
-56.504738,279,4390.601846,False,False,True,False,False,0
-129.098664,311,4397.066936,False,False,True,False,False,0
-25.621563,131,4399.867852,False,False,True,False,False,0
-68.606799,282,4405.871737,False,False,True,False,False,0
-159.161551,255,4411.227201,False,False,True,False,False,0
-79.301884,211,4415.671392,False,False,True,False,False,0
-27.895901,87,4417.534138,False,False,True,False,False,0
-56.244978,141,4420.405391,False,False,True,False,False,0
-97.367511,270,4426.067837,False,False,True,False,False,0
-291.718436,388,4434.490648,False,False,True,False,False,0
-51.871548,225,4439.167768,False,False,True,False,False,0
-96.301425,307,4445.730803,False,False,True,False,False,0
-61.581526,202,4449.865052,False,False,True,False,False,0
-36.799919,255,4455.364964,False,False,True,False,False,0
-113.118577,478,4465.660594,False,False,True,False,False,0
-181.386597,239,4471.082706,False,False,True,False,False,0
-76.258314,315,4477.676949,False,False,True,False,False,0
-200.961926,299,4484.021578,False,False,True,False,False,0
-58.313329,281,4489.942343,False,False,True,False,False,0
-105.892398,179,4493.946621,False,False,True,False,False,0
-19.637388,61,4495.226391,False,False,True,False,False,0
-24.159054,71,4496.732569,False,False,True,False,False,0
-86.975767,104,4499.051411,False,False,True,False,False,0
-152.841536,173,4502.664274,False,False,True,False,False,0
-218.349,283,4508.596919,False,False,True,False,False,0
-178.955139,321,4515.308604,False,False,True,False,False,0
-243.127575,212,4519.674869,False,False,True,False,False,0
-49.205183,99,4521.839727,False,False,True,False,False,0
-54.787521,329,4528.759109,False,False,True,False,False,0
-308.773132,407,4538.312212,False,False,True,False,False,0
-189.665245,156,4542.328279,False,False,True,False,False,0
-24.336086,135,4545.431887,False,False,True,False,False,0
-242.630913,251,4550.823741,False,False,True,False,False,0
-45.736133,137,4553.819998,False,False,True,False,False,0
-101.293596,245,4559.117454,False,False,True,False,False,0
-18.756235,79,4560.798469,False,False,True,False,False,0
-61.497774,317,4567.453746,False,False,True,False,False,0
-60.295324,164,4570.869348,False,False,True,False,False,0
-141.727471,308,4577.527014,False,False,True,False,False,0
-246.092392,717,4592.666272,False,False,True,False,False,0
-68.016584,175,4596.393934,False,False,True,False,False,0
-756.779074,555,4608.295369,False,False,True,False,False,0
-226.040788,422,4617.367858,False,False,True,False,False,0
-219.099463,278,4623.366254,False,False,True,False,False,0
-164.627071,231,4628.291286,False,False,True,False,False,0
-176.2402,238,4633.378815,False,False,True,False,False,0
-52.251138,82,4635.069547,False,False,True,False,False,0
-75.02678,412,4643.903656,False,False,True,False,False,0
-50.639689,225,4648.706067,False,False,True,False,False,0
-51.969699,225,4653.499016,False,False,True,False,False,0
-135.823083,150,4656.559885,False,False,True,False,False,0
-55.719833,158,4660.072224,False,False,True,False,False,0
-88.160758,210,4664.566423,False,False,True,False,False,0
-157.23452,159,4667.954877,False,False,True,False,False,0
-118.394121,445,4677.408349,False,False,True,False,False,0
-165.071201,274,4683.21861,False,False,True,False,False,0
-78.45525,237,4688.229237,False,False,True,False,False,0
-160.561827,373,4696.156451,False,False,True,False,False,0
-64.040963,290,4702.500103,False,False,True,False,False,0
-79.633054,159,4705.941686,False,False,True,False,False,0
-38.012682,142,4709.115188,False,False,True,False,False,0
-59.503893,240,4714.287551,False,False,True,False,False,0
-112.480678,226,4719.628846,False,False,True,False,False,0
-107.457608,375,4727.850394,False,False,True,False,False,0
-33.645178,94,4729.908914,False,False,True,False,False,0
-62.529666,277,4735.843532,False,False,True,False,False,0
-78.676305,382,4743.818304,False,False,True,False,False,0
-75.791598,216,4748.438301,False,False,True,False,False,0
-34.597143,279,4754.369144,False,False,True,False,False,0
-81.490162,240,4759.600764,False,False,True,False,False,0
-188.895112,257,4765.045025,False,False,True,False,False,0
-140.671836,191,4769.20703,False,False,True,False,False,0
-117.7396,374,4777.621589,False,False,True,False,False,0
-24.654464,65,4779.048631,False,False,True,False,False,0
-244.083764,369,4787.358825,False,False,True,False,False,0
-142.363467,400,4795.803723,False,False,True,False,False,0
-86.599346,159,4799.14711,False,False,True,False,False,0
-75.865892,118,4801.565428,False,False,True,False,False,0
-302.728262,405,4810.631111,False,False,True,False,False,0
-67.250405,129,4813.398691,False,False,True,False,False,0
-152.414024,243,4818.626658,False,False,True,False,False,0
-35.501346,90,4820.489256,False,False,True,False,False,0
-132.955891,255,4825.97259,False,False,True,False,False,0
-238.078597,600,4838.726743,False,False,True,False,False,0
-70.055448,178,4842.467632,False,False,True,False,False,0
-57.479062,159,4845.903064,False,False,True,False,False,0
-56.767557,239,4851.040774,False,False,True,False,False,0
-140.143633,575,4863.428611,False,False,True,False,False,0
-285.710468,368,4871.594351,False,False,True,False,False,0
-184.350211,415,4880.583146,False,False,True,False,False,0
-90.167952,388,4889.107407,False,False,True,False,False,0
-121.685503,217,4893.85181,False,False,True,False,False,0
-124.839631,242,4898.971822,False,False,True,False,False,0
-29.953608,82,4900.674269,False,False,True,False,False,0
-81.415305,155,4903.98434,False,False,True,False,False,0
-464.556769,462,4913.79932,False,False,True,False,False,0
-92.529254,285,4919.756082,False,False,True,False,False,0
-46.540248,153,4922.991627,False,False,True,False,False,0
-82.992226,251,4928.357733,False,False,True,False,False,0
-69.25407,255,4933.776843,False,False,True,False,False,0
-27.00417,84,4935.649811,False,False,True,False,False,0
-38.422673,178,4939.614408,False,False,True,False,False,0
-157.816452,218,4944.292362,False,False,True,False,False,0
-41.272799,114,4946.64323,False,False,True,False,False,0
-170.606633,165,4950.193945,False,False,True,False,False,0
-104.465152,156,4953.390943,False,False,True,False,False,0
-330.86569,536,4964.790464,False,False,True,False,False,0
-213.649503,212,4969.277004,False,False,True,False,False,0
-154.320661,287,4975.349276,False,False,True,False,False,0
-64.370178,148,4978.618167,False,False,True,False,False,0
-96.711848,105,4980.892536,False,False,True,False,False,0
-317.249077,405,4989.383613,False,False,True,False,False,0
-128.707672,320,4996.229338,False,False,True,False,False,0
-265.882424,386,5004.359726,False,False,True,False,False,0
-125.185631,214,5008.852532,False,False,True,False,False,0
-133.512076,378,5016.637723,False,False,True,False,False,0
-83.125897,212,5021.16278,False,False,True,False,False,0
-83.89016,195,5025.375386,False,False,True,False,False,0
-92.343757,251,5030.708236,False,False,True,False,False,0
-91.728345,297,5036.948053,False,False,True,False,False,0
-58.844455,297,5043.283702,False,False,True,False,False,0
-44.635982,126,5045.997277,False,False,True,False,False,0
-71.351443,177,5049.775593,False,False,True,False,False,0
-67.83301,296,5056.027802,False,False,True,False,False,0
-108.537418,275,5061.865391,False,False,True,False,False,0
-36.150801,138,5064.68992,False,False,True,False,False,0
-39.353131,178,5068.450976,False,False,True,False,False,0
-55.773027,347,5076.306123,False,False,True,False,False,0
-89.893536,302,5082.839803,False,False,True,False,False,0
-91.716795,244,5088.156948,False,False,True,False,False,0
-66.316623,213,5092.640747,False,False,True,False,False,0
-63.521238,188,5096.56213,False,False,True,False,False,0
-93.260639,159,5099.93135,False,False,True,False,False,0
-212.003782,179,5103.96863,False,False,True,False,False,0
-491.841269,328,5110.932135,False,False,True,False,False,0
-197.221639,267,5116.583831,False,False,True,False,False,0
-119.179087,295,5138.095957,False,False,True,False,False,0
-49.763116,127,5141.463776,False,False,True,False,False,0
-25.257316,97,5143.97484,False,False,True,False,False,0
-28.101243,122,5147.088639,False,False,True,False,False,0
-163.16917,228,5152.123368,False,False,True,False,False,0
-114.488616,249,5157.427596,False,False,True,False,False,0
-924.870021,343,5164.708613,False,False,True,False,False,0
-177.696472,319,5171.508655,False,False,True,False,False,0
-247.52446,391,5180.001947,False,False,True,False,False,0
-62.537383,228,5184.868961,False,False,True,False,False,0
-417.507665,294,5191.013314,False,False,True,False,False,0
-29.246083,95,5193.007719,False,False,True,False,False,0
-199.538352,222,5197.66385,False,False,True,False,False,0
-146.039441,473,5207.730951,False,False,True,False,False,0
-62.675794,242,5212.942572,False,False,True,False,False,0
-133.696203,468,5222.706928,False,False,True,False,False,0
-138.887128,268,5228.496593,False,False,True,False,False,0
-130.788437,114,5230.886716,False,False,True,False,False,0
-127.818813,344,5238.386546,False,False,True,False,False,0
-971.112321,454,5247.973304,False,False,True,False,False,0
-880.302506,349,5255.360206,False,False,True,False,False,0
-28.632518,111,5257.77903,False,False,True,False,False,0
-36.12818,71,5259.265761,False,False,True,False,False,0
-49.106703,165,5262.754776,False,False,True,False,False,0
-121.822261,334,5269.884097,False,False,True,False,False,0
-94.025651,102,5272.140239,False,False,True,False,False,0
-217.054924,125,5274.680502,False,False,True,False,False,0
-36.513745,120,5277.164376,False,False,True,False,False,0
-285.259354,487,5287.300181,False,False,True,False,False,0
-118.429936,230,5292.160115,False,False,True,False,False,0
-32.65084,68,5293.55187,False,False,True,False,False,0
-103.11292,353,5301.03604,False,False,True,False,False,0
-63.776781,352,5308.540712,False,False,True,False,False,0
-137.649476,108,5310.84066,False,False,True,False,False,0
-491.218913,288,5316.884936,False,False,True,False,False,0
-142.135595,203,5321.290022,False,False,True,False,False,0
-56.915386,293,5327.831867,False,False,True,False,False,0
-104.045159,207,5332.169952,False,False,True,False,False,0
-212.653339,350,5339.60949,False,False,True,False,False,0
-266.605211,240,5344.70522,False,False,True,False,False,0
-133.353903,479,5354.862759,False,False,True,False,False,0
-53.219721,197,5359.096695,False,False,True,False,False,0
-2217.756406,633,5372.667061,False,False,True,False,False,0
-43.877972,120,5375.243849,False,False,True,False,False,0
-96.781936,289,5381.42407,False,False,True,False,False,0
-65.303442,212,5386.009557,False,False,True,False,False,0
-70.208464,84,5387.843251,False,False,True,False,False,0
-63.206254,331,5395.0136,False,False,True,False,False,0
-41.302581,113,5397.390219,False,False,True,False,False,0
-210.523394,460,5407.214473,False,False,True,False,False,0
-123.808956,195,5411.714005,False,False,True,False,False,0
-178.302928,542,5423.459835,False,False,True,False,False,0
-56.793517,391,5432.014138,False,False,True,False,False,0
-34.464527,81,5433.805894,False,False,True,False,False,0
-65.81492,214,5438.296242,False,False,True,False,False,0
-43.592614,110,5440.688716,False,False,True,False,False,0
-88.680716,143,5443.699279,False,False,True,False,False,0
-171.292208,129,5446.661311,False,False,True,False,False,0
-296.22879,331,5453.580549,False,False,True,False,False,0
-276.972145,417,5462.541117,False,False,True,False,False,0
-24.495354,61,5463.784348,False,False,True,False,False,0
-67.593099,308,5470.381999,False,False,True,False,False,0
-25.097087,72,5471.871362,False,False,True,False,False,0
-32.90334,93,5473.823926,False,False,True,False,False,0
-71.992879,176,5477.549137,False,False,True,False,False,0
-75.560851,93,5479.472782,False,False,True,False,False,0
-546.481981,551,5491.215769,False,False,True,False,False,0
-37.641571,108,5493.50699,False,False,True,False,False,0
-151.321886,298,5500.072681,False,False,True,False,False,0
-74.447782,109,5502.430867,False,False,True,False,False,0
-142.253603,190,5506.401587,False,False,True,False,False,0
-156.191842,235,5511.374003,False,False,True,False,False,0
-67.843558,336,5518.45118,False,False,True,False,False,0
-121.785097,88,5520.317682,False,False,True,False,False,0
-70.49042,141,5523.319186,False,False,True,False,False,0
-112.117852,254,5528.869258,False,False,True,False,False,0
-82.345186,191,5533.13781,False,False,True,False,False,0
-23.345376,69,5534.710485,False,False,True,False,False,0
-152.79959,370,5542.666358,False,False,True,False,False,0
-66.391742,283,5548.76,False,False,True,False,False,0
-85.881216,290,5554.98229,False,False,True,False,False,0
-39.339198,134,5557.770147,False,False,True,False,False,0
-55.270788,197,5561.939457,False,False,True,False,False,0
-53.171764,115,5564.421831,False,False,True,False,False,0
-197.478634,613,5577.518048,False,False,True,False,False,0
-187.739517,561,5589.590664,False,False,True,False,False,0
-162.330635,142,5592.455953,False,False,True,False,False,0
-86.919775,219,5597.077357,False,False,True,False,False,0
-60.915262,170,5600.75906,False,False,True,False,False,0
-47.862462,108,5603.168452,False,False,True,False,False,0
-329.297469,176,5607.737531,False,False,True,False,False,0
-153.183426,115,5610.312524,False,False,True,False,False,0
-511.894822,324,5617.358655,False,False,True,False,False,0
-992.474182,364,5625.448225,False,False,True,False,False,0
-22.449246,70,5626.94883,False,False,True,False,False,0
-262.730742,428,5636.100364,False,False,True,False,False,0
-256.05306,338,5643.137182,False,False,True,False,False,0
-85.791975,125,5645.882972,False,False,True,False,False,0
-70.96128,243,5650.990009,False,False,True,False,False,0
-1484.020295,561,5662.908457,False,False,True,False,False,0
-35.454631,109,5665.192659,False,False,True,False,False,0
-85.694738,313,5672.122659,False,False,True,False,False,0
-167.36631,359,5679.708517,False,False,True,False,False,0
-32.914575,142,5682.660195,False,False,True,False,False,0
-210.291669,211,5687.45914,False,False,True,False,False,0
-181.019738,463,5697.757156,False,False,True,False,False,0
-74.963041,483,5707.853853,False,False,True,False,False,0
-74.738893,138,5710.782268,False,False,True,False,False,0
-174.101825,227,5715.733233,False,False,True,False,False,0
-245.561229,395,5723.896766,False,False,True,False,False,0
-70.498819,115,5726.253887,False,False,True,False,False,0
-38.632987,139,5729.257507,False,False,True,False,False,0
-37.04578,100,5731.330469,False,False,True,False,False,0
-99.369043,225,5736.738081,False,False,True,False,False,0
-33.491034,100,5739.129126,False,False,True,False,False,0
-140.411899,183,5743.508547,False,False,True,False,False,0
-88.287138,121,5746.448389,False,False,True,False,False,0
-129.502742,205,5751.26733,False,False,True,False,False,0
-96.115882,268,5757.107602,False,False,True,False,False,0
-57.717467,101,5759.26191,False,False,True,False,False,0
-676.55625,484,5769.564424,False,False,True,False,False,0
-175.249459,420,5778.548327,False,False,True,False,False,0
-111.683412,119,5780.982119,False,False,True,False,False,0
-373.488043,384,5788.988315,False,False,True,False,False,0
-197.101844,145,5791.99974,False,False,True,False,False,0
-42.472345,83,5793.737745,False,False,True,False,False,0
-97.480936,291,5799.982601,False,False,True,False,False,0
-333.507009,218,5804.614719,False,False,True,False,False,0
-57.320451,97,5806.692886,False,False,True,False,False,0
-52.257247,90,5808.527445,False,False,True,False,False,0
-294.585139,202,5812.821393,False,False,True,False,False,0
-159.117672,189,5816.765537,False,False,True,False,False,0
-67.462105,85,5818.537601,False,False,True,False,False,0
-364.160832,330,5825.604165,False,False,True,False,False,0
-216.302457,207,5829.962937,False,False,True,False,False,0
-733.340315,434,5839.014874,False,False,True,False,False,0
-62.079086,150,5842.235076,False,False,True,False,False,0
-59.095523,102,5844.452528,False,False,True,False,False,0
-37.431718,201,5848.690255,False,False,True,False,False,0
-164.795816,124,5851.318838,False,False,True,False,False,0
-150.924002,331,5858.400422,False,False,True,False,False,0
-54.983955,216,5863.052822,False,False,True,False,False,0
-44.400938,185,5866.995524,False,False,True,False,False,0
-108.891471,242,5872.208925,False,False,True,False,False,0
-101.659669,248,5877.468766,False,False,True,False,False,0
-139.089707,114,5879.819541,False,False,True,False,False,0
-205.965158,132,5882.569548,False,False,True,False,False,0
-138.561245,174,5886.267506,False,False,True,False,False,0
-154.494203,441,5895.778999,False,False,True,False,False,0
-159.184973,227,5900.558032,False,False,True,False,False,0
-160.261346,239,5905.632591,False,False,True,False,False,0
-251.090977,558,5917.387838,False,False,True,False,False,0
-147.265491,226,5922.464329,False,False,True,False,False,0
-34.015162,73,5924.017353,False,False,True,False,False,0
-60.258148,131,5926.860409,False,False,True,False,False,0
-61.959833,184,5930.778753,False,False,True,False,False,0
-357.1187,334,5937.963813,False,False,True,False,False,0
-69.237085,198,5942.17891,False,False,True,False,False,0
-211.273011,182,5946.151392,False,False,True,False,False,0
-183.200042,334,5953.463746,False,False,True,False,False,0
-168.968073,165,5957.08372,False,False,True,False,False,0
-44.523818,185,5960.941404,False,False,True,False,False,0
-50.166304,184,5964.897333,False,False,True,False,False,0
-65.310376,148,5968.02223,False,False,True,False,False,0
-40.858427,217,5972.815688,False,False,True,False,False,0
-37.200267,107,5975.189691,False,False,True,False,False,0
-91.568576,238,5980.269279,False,False,True,False,False,0
-32.602649,93,5982.21211,False,False,True,False,False,0
-105.579798,202,5986.416599,False,False,True,False,False,0
-715.06538,433,5995.729674,False,False,True,False,False,0
-157.156279,225,6000.427003,False,False,True,False,False,0
-983.210776,325,6007.309121,False,False,True,False,False,0
-121.215096,242,6012.986938,False,False,True,False,False,0
-122.043284,209,6017.476326,False,False,True,False,False,0
-38.956327,94,6019.391435,False,False,True,False,False,0
-91.762846,246,6024.655661,False,False,True,False,False,0
-2157.298722,514,6035.638373,False,False,True,False,False,0
-199.081619,258,6041.050716,False,False,True,False,False,0
-55.496566,237,6045.978413,False,False,True,False,False,0
-63.211421,100,6048.074228,False,False,True,False,False,0
-71.128791,172,6051.705493,False,False,True,False,False,0
-86.376986,169,6055.363141,False,False,True,False,False,0
-71.006991,292,6061.66614,False,False,True,False,False,0
-45.360985,208,6066.154687,False,False,True,False,False,0
-2149.727314,488,6076.514692,False,False,True,False,False,0
-246.253788,191,6080.577509,False,False,True,False,False,0
-37.129404,111,6082.906248,False,False,True,False,False,0
-52.613384,70,6084.32146,False,False,True,False,False,0
-206.296902,217,6089.059013,False,False,True,False,False,0
-349.026913,663,6103.23663,False,False,True,True,False,0
-123.962187,169,6106.888261,False,False,True,False,False,0
-130.510854,259,6112.369943,False,False,True,False,False,0
-95.081053,204,6116.671721,False,False,True,False,False,0
-190.777786,138,6119.649533,False,False,True,False,False,0
-133.278685,172,6123.290156,False,False,True,False,False,0
-49.317992,201,6127.617179,False,False,True,False,False,0
-166.637943,437,6136.814587,False,False,True,False,False,0
-94.588868,306,6143.244393,False,False,True,False,False,0
-61.096168,164,6146.716764,False,False,True,False,False,0
-20.820762,72,6148.242164,False,False,True,False,False,0
-164.83088,265,6153.830031,False,False,True,False,False,0
-163.586032,124,6156.411412,False,False,True,False,False,0
-70.721101,249,6161.641292,False,False,True,False,False,0
-671.997869,406,6170.409818,False,False,True,False,False,0
-126.909983,231,6175.442536,False,False,True,False,False,0
-114.86064,103,6177.563448,False,False,True,False,False,0
-81.807551,229,6182.385826,False,False,True,False,False,0
-216.508419,422,6191.441543,False,False,True,False,False,0
-168.968475,142,6194.504732,False,False,True,False,False,0
-101.309948,230,6199.37583,False,False,True,False,False,0
-51.224534,161,6202.789996,False,False,True,False,False,0
-64.676953,209,6207.29805,False,False,True,False,False,0
