#{"t_start": 1786694807.956395, "env_id": "None"}
r,l,t,completed,gate_reached,constraint_success,phase1_speed_failure,premature_entry_failure,terminal_constraint_failure,distance_failure,time_failure,mission_phase,phase1_curriculum_difficulty,phase1_curriculum_full_sample
-23.742574,382,5.059291,False,False,True,False,False,False,True,False,0,1.0,True
-22.357793,285,6.416302,False,False,True,True,False,False,False,False,0,1.0,True
-24.160012,421,9.196445,False,False,True,True,False,False,False,False,0,1.0,True
-24.77577,403,11.835565,False,False,True,True,False,False,False,False,0,1.0,True
-24.237446,303,13.61475,False,False,True,True,False,False,False,False,0,1.0,True
-25.999695,431,16.442594,False,False,True,True,False,False,False,False,0,1.0,True
-26.000498,488,19.697487,False,False,True,False,False,False,True,False,0,1.0,True
-24.677495,482,22.572634,False,False,True,False,False,False,True,False,0,1.0,True
-22.672304,316,24.467299,False,False,True,True,False,False,False,False,0,1.0,True
-27.234967,566,27.537008,False,False,True,False,False,False,True,False,0,1.0,True
-22.896531,352,29.610798,False,False,True,True,False,False,False,False,0,1.0,True
-24.929454,501,32.401736,False,False,True,True,False,False,False,False,0,1.0,True
-24.428778,371,37.535407,False,False,True,True,False,False,False,False,0,1.0,True
-22.012927,261,40.819337,False,False,True,True,False,False,False,False,0,1.0,True
-22.657126,288,44.266256,False,False,True,False,False,False,True,False,0,1.0,True
-27.002131,396,49.428455,False,False,True,True,False,False,False,False,0,1.0,True
-22.898333,277,52.918679,False,False,True,True,False,False,False,False,0,1.0,True
-24.000163,421,58.224306,False,False,True,True,False,False,False,False,0,1.0,True
-24.096714,429,63.580863,False,False,True,False,False,False,True,False,0,1.0,True
-24.108038,307,67.201682,False,False,True,True,False,False,False,False,0,1.0,True
-43.936359,1868,92.570757,False,False,True,True,False,False,False,False,0,1.0,True
-23.317959,371,97.302332,False,False,True,True,False,False,False,False,0,1.0,True
-21.563563,278,100.79208,False,False,True,False,True,False,False,False,0,1.0,True
-25.323967,783,109.608731,False,False,True,False,False,False,True,False,0,1.0,True
-21.424197,217,111.996604,False,False,True,True,False,False,False,False,0,1.0,True
-30.291037,586,118.472904,False,False,True,True,False,False,False,False,0,1.0,True
-27.040263,445,123.404993,False,False,True,False,False,False,True,False,0,1.0,True
-32.229086,609,130.173389,False,False,True,False,False,False,True,False,0,1.0,True
-27.914653,387,134.520502,False,False,True,True,False,False,False,False,0,1.0,True
-28.521613,521,140.381188,False,False,True,True,False,False,False,False,0,1.0,True
-24.333977,352,144.464456,False,False,True,False,False,False,True,False,0,1.0,True
-22.037706,178,146.52084,False,False,True,True,False,False,False,False,0,1.0,True
-22.2269,330,150.432375,False,False,True,True,False,False,False,False,0,1.0,True
-24.148574,315,153.883473,False,False,True,True,False,False,False,False,0,1.0,True
-24.307469,283,157.166286,False,False,True,True,False,False,False,False,0,1.0,True
-23.914671,374,161.482474,False,False,True,True,False,False,False,False,0,1.0,True
-32.831312,691,170.526357,False,False,True,True,False,False,False,False,0,1.0,True
-23.338512,336,174.65507,False,False,True,True,False,False,False,False,0,1.0,True
-21.782153,214,177.205925,False,False,True,True,False,False,False,False,0,1.0,True
-20.244118,203,179.683284,False,False,True,True,False,False,False,False,0,1.0,True
-22.293424,281,183.198023,False,False,True,True,False,False,False,False,0,1.0,True
-20.395656,155,185.139122,False,False,True,True,False,False,False,False,0,1.0,True
-24.788885,420,190.082214,False,False,True,False,False,False,True,False,0,1.0,True
-22.823463,412,194.665551,False,False,True,False,True,False,False,False,0,1.0,True
-22.35655,189,196.864356,False,False,True,True,False,False,False,False,0,1.0,True
-22.770322,248,199.807012,False,False,True,True,False,False,False,False,0,1.0,True
-25.857426,621,206.741538,False,False,True,False,False,False,True,False,0,1.0,True
-22.423274,345,210.632802,False,False,True,True,False,False,False,False,0,1.0,True
-21.99555,413,215.508744,False,False,True,True,False,False,False,False,0,1.0,True
-21.89418,282,218.691446,False,False,True,True,False,False,False,False,0,1.0,True
-20.939571,203,220.957047,False,False,True,True,False,False,False,False,0,1.0,True
-24.125849,344,224.784494,False,False,True,True,False,False,False,False,0,1.0,True
-21.985493,247,227.514822,False,False,True,True,False,False,False,False,0,1.0,True
-25.242505,291,230.755646,False,False,True,False,False,False,True,False,0,1.0,True
-25.00324,335,234.847321,False,False,True,True,False,False,False,False,0,1.0,True
-21.453127,172,236.898144,False,False,True,True,False,False,False,False,0,1.0,True
-21.422741,208,239.25461,False,False,True,True,False,False,False,False,0,1.0,True
-21.936353,231,241.761663,False,False,True,True,False,False,False,False,0,1.0,True
-22.094301,234,244.443296,False,False,True,True,False,False,False,False,0,1.0,True
-20.205951,143,245.982888,False,False,True,True,False,False,False,False,0,1.0,True
-21.087409,168,247.855583,False,False,True,True,False,False,False,False,0,1.0,True
-26.385344,541,253.96734,False,False,True,True,False,False,False,False,0,1.0,True
-20.677437,156,255.780102,False,False,True,True,False,False,False,False,0,1.0,True
-29.578241,518,261.536956,False,False,True,False,False,False,True,False,0,1.0,True
-25.483321,418,266.581842,False,False,True,False,False,False,True,False,0,1.0,True
-21.020254,204,269.447227,False,False,True,True,False,False,False,False,0,1.0,True
-28.793211,559,279.610137,False,False,True,False,False,False,True,False,0,1.0,True
-28.304298,476,285.244106,False,False,True,False,False,False,True,False,0,1.0,True
-29.820282,789,294.545758,False,False,True,True,False,False,False,False,0,1.0,True
-23.931404,272,297.63306,False,False,True,False,False,False,True,False,0,1.0,True
-23.019858,562,303.849915,False,False,True,False,True,False,False,False,0,1.0,True
-27.350252,476,309.080481,False,False,True,True,False,False,False,False,0,1.0,True
-24.60644,285,312.312584,False,False,True,False,False,False,True,False,0,1.0,True
-19.379325,132,313.832145,False,False,True,True,False,False,False,False,0,1.0,True
-24.137899,241,316.53826,False,False,True,True,False,False,False,False,0,1.0,True
-40.137979,327,320.180738,False,False,True,True,False,False,True,False,0,1.0,True
-38.221926,280,323.27853,False,False,True,True,False,False,True,False,0,1.0,True
-20.342675,174,325.329863,False,False,True,True,False,False,False,False,0,1.0,True
-22.500751,229,328.030639,False,False,True,True,False,False,False,False,0,1.0,True
-20.502085,170,329.867831,False,False,True,True,False,False,False,False,0,1.0,True
-24.900416,330,334.089239,False,False,True,True,False,False,False,False,0,1.0,True
-25.609524,336,337.92311,False,False,True,True,False,False,False,False,0,1.0,True
-20.313772,192,340.157456,False,False,True,True,False,False,False,False,0,1.0,True
-20.643783,159,341.847732,False,False,True,True,False,False,False,False,0,1.0,True
-26.78404,371,346.021444,False,False,True,True,False,False,False,False,0,1.0,True
-30.747492,683,353.669665,False,False,True,False,False,False,True,False,0,1.0,True
-28.637965,686,361.360449,False,False,True,True,False,False,False,False,0,1.0,True
-27.332698,412,365.850843,False,False,True,True,False,False,False,False,0,1.0,True
-23.87412,286,368.976897,False,False,True,False,False,False,True,False,0,1.0,True
-24.902678,346,372.932259,False,False,True,True,False,False,False,False,0,1.0,True
-23.689383,289,376.161442,False,False,True,True,False,False,False,False,0,1.0,True
-24.689976,422,380.912781,False,False,True,True,False,False,False,False,0,1.0,True
-28.085057,635,388.039012,False,False,True,False,False,False,True,False,0,1.0,True
-28.588971,554,394.087409,False,False,True,False,False,False,True,False,0,1.0,True
-26.265629,438,399.290508,False,False,True,True,False,False,False,False,0,1.0,True
-23.195081,310,403.048902,False,False,True,True,False,False,False,False,0,1.0,True
-25.493038,291,406.379629,False,False,True,True,False,False,False,False,0,1.0,True
-26.695933,402,411.028915,False,False,True,True,False,False,False,False,0,1.0,True
-25.767177,406,415.792593,False,False,True,True,False,False,False,False,0,1.0,True
-25.644143,458,420.869477,False,False,True,True,False,False,False,False,0,1.0,True
-25.203253,439,425.908846,False,False,True,True,False,False,False,False,0,1.0,True
-25.890976,410,430.594246,False,False,True,True,False,False,False,False,0,1.0,True
-25.309846,524,436.689391,False,False,True,True,False,False,False,False,0,1.0,True
-20.475117,322,440.231004,False,False,True,False,True,False,False,False,0,1.0,True
-19.898536,166,442.246192,False,False,True,False,True,False,False,False,0,1.0,True
-23.161043,239,445.115473,False,False,True,True,False,False,False,False,0,1.0,True
-27.492581,327,448.646692,False,False,True,True,False,False,False,False,0,1.0,True
-25.70565,279,451.679052,False,False,True,True,False,False,False,False,0,1.0,True
-22.655764,469,456.929881,False,False,True,True,False,False,False,False,0,1.0,True
-27.067424,480,462.482043,False,False,True,True,False,False,False,False,0,1.0,True
-25.244103,432,467.301593,False,False,True,True,False,False,False,False,0,1.0,True
-32.050103,737,475.531066,False,False,True,True,False,False,False,False,0,1.0,True
-25.612592,518,481.315062,False,False,True,False,False,False,True,False,0,1.0,True
-25.50268,534,487.361552,False,False,True,True,False,False,False,False,0,1.0,True
-31.545899,722,495.420923,False,False,True,False,False,False,True,False,0,1.0,True
-28.324125,427,500.199079,False,False,True,True,False,False,False,False,0,1.0,True
-20.558146,230,502.791172,False,False,True,False,True,False,False,False,0,1.0,True
-24.395473,305,506.130729,False,False,True,False,False,False,True,False,0,1.0,True
-33.195781,760,514.837025,False,False,True,True,False,False,False,False,0,1.0,True
-23.514502,479,520.130209,False,False,True,False,True,False,False,False,0,1.0,True
-27.016035,521,525.930599,False,False,True,True,False,False,False,False,0,1.0,True
-25.949093,470,531.088872,False,False,True,False,False,False,True,False,0,1.0,True
-35.152189,876,541.388977,False,False,True,True,False,False,False,False,0,1.0,True
-21.479783,174,543.328798,False,False,True,True,False,False,False,False,0,1.0,True
-33.385008,769,552.321319,False,False,True,True,False,False,False,False,0,1.0,True
-26.989804,465,557.41501,False,False,True,True,False,False,False,False,0,1.0,True
-22.577232,236,593.775755,False,False,True,True,False,False,False,False,0,1.0,True
-24.295972,324,597.421649,False,False,True,True,False,False,False,False,0,1.0,True
-23.9896,257,600.314122,False,False,True,True,False,False,False,False,0,1.0,True
-22.601641,326,603.920184,False,False,True,True,False,False,False,False,0,1.0,True
-30.609249,570,610.670009,False,False,True,True,False,False,False,False,0,1.0,True
-27.323909,461,615.911207,False,False,True,True,False,False,False,False,0,1.0,True
-26.227491,486,621.28942,False,False,True,False,False,False,True,False,0,1.0,True
-24.836745,343,625.715273,False,False,True,True,False,False,False,False,0,1.0,True
-23.806645,272,628.7643,False,False,True,True,False,False,False,False,0,1.0,True
-22.422802,231,631.357421,False,False,True,True,False,False,False,False,0,1.0,True
-21.757211,298,634.610518,False,False,True,True,False,False,False,False,0,1.0,True
-27.301326,452,639.795092,False,False,True,True,False,False,False,False,0,1.0,True
-21.95687,226,642.363641,False,False,True,True,False,False,False,False,0,1.0,True
-30.023671,667,649.93504,False,False,True,True,False,False,False,False,0,1.0,True
-34.476494,873,659.481828,False,False,True,False,False,False,True,False,0,1.0,True
-20.469065,139,661.130714,False,False,True,True,False,False,False,False,0,1.0,True
-23.435259,277,664.238041,False,False,True,True,False,False,False,False,0,1.0,True
-24.611857,293,667.559888,False,False,True,False,False,False,True,False,0,1.0,True
-22.474686,228,669.971337,False,False,True,True,False,False,False,False,0,1.0,True
-32.343384,870,679.762971,False,False,True,True,False,False,False,False,0,1.0,True
-21.891296,200,682.019109,False,False,True,True,False,False,False,False,0,1.0,True
-23.459766,263,684.960585,False,False,True,True,False,False,False,False,0,1.0,True
-21.531008,240,687.663925,False,False,True,False,True,False,False,False,0,1.0,True
-22.48995,324,691.361103,False,False,True,True,False,False,False,False,0,1.0,True
-21.255434,209,693.757586,False,False,True,True,False,False,False,False,0,1.0,True
-25.070329,428,698.713716,False,False,True,True,False,False,False,False,0,1.0,True
-35.891617,857,708.731647,False,False,True,False,False,False,True,False,0,1.0,True
-22.096511,282,711.962249,False,False,True,True,False,False,False,False,0,1.0,True
-24.060421,301,715.265465,False,False,True,True,False,False,False,False,0,1.0,True
-25.121247,419,719.963757,False,False,True,True,False,False,False,False,0,1.0,True
-24.233326,437,724.862714,False,False,True,True,False,False,False,False,0,1.0,True
-25.24037,331,728.519789,False,False,True,False,False,False,True,False,0,1.0,True
-21.044624,285,731.762723,False,False,True,False,True,False,False,False,0,1.0,True
-22.630205,343,735.503032,False,False,True,True,False,False,False,False,0,1.0,True
-22.894366,228,738.146829,False,False,True,True,False,False,False,False,0,1.0,True
-27.794761,748,746.496961,False,False,True,False,False,False,True,False,0,1.0,True
-41.872524,1162,759.544294,False,False,True,True,False,False,False,False,0,1.0,True
-22.389596,272,762.482166,False,False,True,True,False,False,False,False,0,1.0,True
-20.899298,214,764.882639,False,False,True,True,False,False,False,False,0,1.0,True
-21.859081,232,767.435852,False,False,True,True,False,False,False,False,0,1.0,True
-22.347425,295,770.713574,False,False,True,True,False,False,False,False,0,1.0,True
-25.359593,338,774.557934,False,False,True,True,False,False,False,False,0,1.0,True
-23.129428,365,778.929426,False,False,True,True,False,False,False,False,0,1.0,True
-24.895857,330,782.620374,False,False,True,False,False,False,True,False,0,1.0,True
-25.129762,407,787.1792,False,False,True,True,False,False,False,False,0,1.0,True
-24.243754,305,790.572537,False,False,True,True,False,False,False,False,0,1.0,True
-24.824683,318,794.094154,False,False,True,False,False,False,True,False,0,1.0,True
-20.421629,173,796.251902,False,False,True,True,False,False,False,False,0,1.0,True
-20.998947,201,798.516047,False,False,True,True,False,False,False,False,0,1.0,True
-25.902969,429,803.462308,False,False,True,True,False,False,False,False,0,1.0,True
-20.967195,240,806.189457,False,False,True,True,False,False,False,False,0,1.0,True
-25.426731,562,812.494156,False,False,True,False,True,False,False,False,0,1.0,True
-26.383113,364,816.683882,False,False,True,False,False,False,True,False,0,1.0,True
-27.232647,523,822.445552,False,False,True,True,False,False,False,False,0,1.0,True
-23.561958,278,825.484004,False,False,True,True,False,False,False,False,0,1.0,True
-24.199575,322,829.328071,False,False,True,True,False,False,False,False,0,1.0,True
-24.288788,353,833.717163,False,False,True,True,False,False,False,False,0,1.0,True
-22.84246,282,836.910482,False,False,True,True,False,False,False,False,0,1.0,True
-22.448793,293,840.103711,False,False,True,True,False,False,False,False,0,1.0,True
-27.918778,650,847.290993,False,False,True,True,False,False,False,False,0,1.0,True
-19.97628,166,849.160488,False,False,True,True,False,False,False,False,0,1.0,True
-23.039605,349,853.001667,False,False,True,True,False,False,False,False,0,1.0,True
-25.716378,436,857.882443,False,False,True,False,False,False,True,False,0,1.0,True
-20.709475,168,859.595179,False,False,True,True,False,False,False,False,0,1.0,True
-27.099968,429,864.603409,False,False,True,False,False,False,True,False,0,1.0,True
-30.568275,604,871.249331,False,False,True,True,False,False,False,False,0,1.0,True
-25.30379,361,875.540144,False,False,True,True,False,False,False,False,0,1.0,True
-26.444256,342,882.094156,False,False,True,True,False,False,False,False,0,1.0,True
-21.192829,185,884.16923,False,False,True,True,False,False,False,False,0,1.0,True
-25.320262,537,890.247071,False,False,True,False,False,False,True,False,0,1.0,True
-25.030324,335,893.996221,False,False,True,True,False,False,False,False,0,1.0,True
-25.449805,338,897.741835,False,False,True,False,False,False,True,False,0,1.0,True
-24.945798,342,901.503536,False,False,True,True,False,False,False,False,0,1.0,True
-25.388029,380,905.852637,False,False,True,True,False,False,False,False,0,1.0,True
-22.980268,257,908.710251,False,False,True,True,False,False,False,False,0,1.0,True
-33.092121,867,918.464758,False,False,True,True,False,False,False,False,0,1.0,True
-24.050909,269,921.437805,False,False,True,False,False,False,True,False,0,1.0,True
-22.569049,225,923.994999,False,False,True,True,False,False,False,False,0,1.0,True
-24.15852,370,928.435933,False,False,True,False,False,False,True,False,0,1.0,True
-22.654075,222,930.752263,False,False,True,True,False,False,False,False,0,1.0,True
-22.199678,206,933.518961,False,False,True,True,False,False,False,False,0,1.0,True
-27.404425,463,938.713362,False,False,True,True,False,False,False,False,0,1.0,True
-21.963016,194,940.850941,False,False,True,True,False,False,False,False,0,1.0,True
-20.154474,181,942.859759,False,False,True,True,False,False,False,False,0,1.0,True
-21.562667,239,945.514194,False,False,True,True,False,False,False,False,0,1.0,True
-33.421514,694,953.17592,False,False,True,True,False,False,False,False,0,1.0,True
-24.282973,355,957.068697,False,False,True,True,False,False,False,False,0,1.0,True
-21.463526,216,959.368168,False,False,True,True,False,False,False,False,0,1.0,True
-21.102349,262,962.409603,False,False,True,True,False,False,False,False,0,1.0,True
-31.302173,1058,974.351538,False,False,True,False,False,False,True,False,0,1.0,True
-22.913641,261,977.292853,False,False,True,True,False,False,False,False,0,1.0,True
-25.037209,321,980.87674,False,False,True,True,False,False,False,False,0,1.0,True
-24.64057,303,984.227185,False,False,True,False,False,False,True,False,0,1.0,True
-23.155886,251,987.025948,False,False,True,True,False,False,False,False,0,1.0,True
-20.599478,304,990.361821,False,False,True,True,False,False,False,False,0,1.0,True
-22.890032,284,993.511825,False,False,True,True,False,False,False,False,0,1.0,True
-20.735831,163,995.365309,False,False,True,True,False,False,False,False,0,1.0,True
-24.966681,498,1001.035597,False,False,True,False,False,False,True,False,0,1.0,True
-23.55472,316,1004.625677,False,False,True,True,False,False,False,False,0,1.0,True
-20.308184,228,1007.119184,False,False,True,True,False,False,False,False,0,1.0,True
-19.836819,172,1009.10395,False,False,True,True,False,False,False,False,0,1.0,True
-19.72027,146,1010.75408,False,False,True,True,False,False,False,False,0,1.0,True
-28.278806,410,1015.36115,False,False,True,False,False,False,True,False,0,1.0,True
-28.934163,400,1019.745512,False,False,True,True,False,False,False,False,0,1.0,True
-19.414214,125,1021.12372,False,False,True,True,False,False,False,False,0,1.0,True
-20.012487,154,1022.894475,False,False,True,True,False,False,False,False,0,1.0,True
-24.692728,429,1027.694309,False,False,True,True,False,False,False,False,0,1.0,True
-30.796976,467,1033.084496,False,False,True,False,False,False,True,False,0,1.0,True
-25.997349,410,1037.579112,False,False,True,False,False,False,True,False,0,1.0,True
-21.132528,189,1039.748515,False,False,True,True,False,False,False,False,0,1.0,True
-21.831443,273,1042.81203,False,False,True,True,False,False,False,False,0,1.0,True
-21.252137,194,1044.853716,False,False,True,True,False,False,False,False,0,1.0,True
-24.978934,339,1048.635454,False,False,True,True,False,False,False,False,0,1.0,True
-21.814662,175,1050.45758,False,False,True,True,False,False,False,False,0,1.0,True
-19.697223,126,1051.910929,False,False,True,True,False,False,False,False,0,1.0,True
-23.359045,257,1054.843441,False,False,True,True,False,False,False,False,0,1.0,True
-25.918517,393,1059.266719,False,False,True,True,False,False,False,False,0,1.0,True
-24.418364,286,1062.626652,False,False,True,True,False,False,False,False,0,1.0,True
-29.841166,845,1072.145662,False,False,True,False,False,False,True,False,0,1.0,True
-24.547497,272,1075.283862,False,False,True,True,False,False,False,False,0,1.0,True
-24.163351,269,1078.277297,False,False,True,True,False,False,False,False,0,1.0,True
-27.33103,475,1083.733357,False,False,True,False,False,False,True,False,0,1.0,True
-20.854865,226,1086.34607,False,False,True,True,False,False,False,False,0,1.0,True
-27.095387,985,1097.47894,False,False,True,False,False,False,True,False,0,1.0,True
-20.142652,168,1099.283485,False,False,True,True,False,False,False,False,0,1.0,True
-27.600319,644,1106.703423,False,False,True,True,False,False,False,False,0,1.0,True
-28.079302,625,1113.608543,False,False,True,False,False,False,True,False,0,1.0,True
-29.181139,419,1118.278439,False,False,True,True,False,False,False,False,0,1.0,True
-25.371497,344,1122.125866,False,False,True,False,False,False,True,False,0,1.0,True
-22.124608,258,1125.023577,False,False,True,True,False,False,False,False,0,1.0,True
-24.346731,350,1128.951953,False,False,True,True,False,False,False,False,0,1.0,True
-31.086352,725,1137.369898,False,False,True,False,False,False,True,False,0,1.0,True
-22.899729,251,1140.260533,False,False,True,False,False,False,True,False,0,1.0,True
-28.405554,442,1145.060443,False,False,True,True,False,False,False,False,0,1.0,True
-27.376484,446,1150.018843,False,False,True,True,False,False,False,False,0,1.0,True
-27.503113,435,1154.805234,False,False,True,True,False,False,False,False,0,1.0,True
-24.478237,386,1159.112971,False,False,True,True,False,False,False,False,0,1.0,True
-29.98673,883,1190.549452,False,False,True,True,False,False,False,False,0,1.0,True
-23.900478,286,1194.028874,False,False,True,False,False,False,True,False,0,1.0,True
-32.428504,772,1202.477261,False,False,True,True,False,False,False,False,0,1.0,True
-25.182648,363,1206.634136,False,False,True,False,False,False,True,False,0,1.0,True
-25.076402,356,1210.488309,False,False,True,True,False,False,False,False,0,1.0,True
-24.771153,466,1215.79345,False,False,True,False,False,False,True,False,0,1.0,True
-25.259248,405,1220.267205,False,False,True,False,False,False,True,False,0,1.0,True
-25.401763,355,1224.256813,False,False,True,False,False,False,True,False,0,1.0,True
-22.922119,300,1227.613384,False,False,True,True,False,False,False,False,0,1.0,True
-27.299737,484,1232.999573,False,False,True,True,False,False,False,False,0,1.0,True
-23.34817,294,1236.24965,False,False,True,True,False,False,False,False,0,1.0,True
-20.339505,142,1237.874118,False,False,True,True,False,False,False,False,0,1.0,True
-21.39964,191,1240.00581,False,False,True,True,False,False,False,False,0,1.0,True
-24.605774,349,1243.778753,False,False,True,True,False,False,False,False,0,1.0,True
-24.789324,328,1247.368148,False,False,True,True,False,False,False,False,0,1.0,True
-27.721251,429,1252.217188,False,False,True,False,False,False,True,False,0,1.0,True
-23.619062,387,1256.438498,False,False,True,True,False,False,False,False,0,1.0,True
-30.784176,871,1266.426526,False,False,True,True,False,False,False,False,0,1.0,True
-24.549722,365,1270.390994,False,False,True,True,False,False,False,False,0,1.0,True
-23.915586,273,1273.333325,False,False,True,True,False,False,False,False,0,1.0,True
-26.145335,565,1279.533524,False,False,True,True,False,False,False,False,0,1.0,True
-27.604217,593,1286.218084,False,False,True,True,False,False,False,False,0,1.0,True
-25.294655,448,1291.255835,False,False,True,True,False,False,False,False,0,1.0,True
-28.743543,428,1295.872952,False,False,True,False,False,False,True,False,0,1.0,True
-21.00232,458,1301.060716,False,False,True,True,False,False,False,False,0,1.0,True
-25.758089,418,1305.683524,False,False,True,False,False,False,True,False,0,1.0,True
-40.574185,1384,1321.05247,False,False,True,True,False,False,False,False,0,1.0,True
-23.243397,308,1324.789238,False,False,True,True,False,False,False,False,0,1.0,True
-26.056629,623,1331.6512,False,False,True,False,True,False,False,False,0,1.0,True
-29.725212,680,1339.37484,False,False,True,True,False,False,False,False,0,1.0,True
-27.358129,782,1348.134434,False,False,True,False,False,False,True,False,0,1.0,True
-26.666706,449,1353.238496,False,False,True,False,False,False,True,False,0,1.0,True
-23.223694,384,1357.487157,False,False,True,True,False,False,False,False,0,1.0,True
-21.055613,235,1360.016702,False,False,True,True,False,False,False,False,0,1.0,True
-22.277047,266,1363.099987,False,False,True,True,False,False,False,False,0,1.0,True
-22.370968,521,1368.857401,False,False,True,True,False,False,False,False,0,1.0,True
-24.347935,511,1374.500971,False,False,True,True,False,False,False,False,0,1.0,True
-24.665607,481,1379.963094,False,False,True,False,True,False,False,False,0,1.0,True
-28.319757,644,1387.083132,False,False,True,False,False,False,True,False,0,1.0,True
-27.696765,560,1393.367743,False,False,True,True,False,False,False,False,0,1.0,True
-30.983051,801,1402.434153,False,False,True,True,False,False,False,False,0,1.0,True
-25.989365,453,1407.499582,False,False,True,False,False,False,True,False,0,1.0,True
-24.590238,305,1410.799883,False,False,True,True,False,False,False,False,0,1.0,True
-27.226817,678,1418.4902,False,False,True,True,False,False,False,False,0,1.0,True
-34.561985,861,1428.16979,False,False,True,True,False,False,False,False,0,1.0,True
-29.753225,657,1435.752628,False,False,True,True,False,False,False,False,0,1.0,True
-27.068597,379,1439.876661,False,False,True,False,False,False,True,False,0,1.0,True
-24.955036,353,1443.634991,False,False,True,True,False,False,False,False,0,1.0,True
-20.551667,170,1445.564382,False,False,True,True,False,False,False,False,0,1.0,True
-23.401955,290,1448.72809,False,False,True,False,False,False,True,False,0,1.0,True
-21.083634,209,1451.158034,False,False,True,True,False,False,False,False,0,1.0,True
-21.120143,209,1453.532844,False,False,True,True,False,False,False,False,0,1.0,True
-21.346969,200,1455.617741,False,False,True,True,False,False,False,False,0,1.0,True
-24.261551,527,1464.069918,False,False,True,False,False,False,True,False,0,1.0,True
-20.585498,171,1466.002477,False,False,True,True,False,False,False,False,0,1.0,True
-24.295934,282,1469.095395,False,False,True,True,False,False,False,False,0,1.0,True
-35.00934,937,1479.586809,False,False,True,False,False,False,True,False,0,1.0,True
-31.987481,763,1488.296471,False,False,True,True,False,False,False,False,0,1.0,True
-24.578056,449,1493.23307,False,False,True,False,False,False,True,False,0,1.0,True
-25.04397,350,1497.231055,False,False,True,False,False,False,True,False,0,1.0,True
-23.918182,356,1501.275069,False,False,True,True,False,False,False,False,0,1.0,True
-23.881394,262,1504.232163,False,False,True,True,False,False,False,False,0,1.0,True
-20.154652,284,1507.421013,False,False,True,False,True,False,False,False,0,1.0,True
-27.472008,670,1514.762578,False,False,True,False,False,False,True,False,0,1.0,True
-25.066978,286,1517.948599,False,False,True,True,False,False,False,False,0,1.0,True
-26.776548,394,1522.274139,False,False,True,True,False,False,False,False,0,1.0,True
-19.529556,139,1523.833255,False,False,True,True,False,False,False,False,0,1.0,True
-22.18184,286,1527.066287,False,False,True,True,False,False,False,False,0,1.0,True
-22.616377,305,1530.50846,False,False,True,True,False,False,False,False,0,1.0,True
-24.568223,401,1535.305389,False,False,True,True,False,False,False,False,0,1.0,True
-30.644021,627,1542.223496,False,False,True,False,False,False,True,False,0,1.0,True
-21.778613,218,1544.736898,False,False,True,True,False,False,False,False,0,1.0,True
-24.656333,544,1550.573415,False,False,True,False,False,False,True,False,0,1.0,True
-20.762588,194,1552.76672,False,False,True,True,False,False,False,False,0,1.0,True
-25.181361,347,1556.649994,False,False,True,False,False,False,True,False,0,1.0,True
-42.901361,1419,1572.49257,False,False,True,False,False,False,True,False,0,1.0,True
-24.466005,310,1575.915598,False,False,True,True,False,False,False,False,0,1.0,True
-21.207597,190,1578.080178,False,False,True,True,False,False,False,False,0,1.0,True
-23.687728,281,1581.367049,False,False,True,True,False,False,False,False,0,1.0,True
-26.170491,416,1585.899684,False,False,True,False,False,False,True,False,0,1.0,True
-22.423732,381,1590.272539,False,False,True,True,False,False,False,False,0,1.0,True
-21.780845,227,1592.808187,False,False,True,True,False,False,False,False,0,1.0,True
-19.486809,160,1594.643525,False,False,True,True,False,False,False,False,0,1.0,True
-20.834364,199,1596.81645,False,False,True,True,False,False,False,False,0,1.0,True
-21.294424,246,1599.432338,False,False,True,True,False,False,False,False,0,1.0,True
-21.921729,205,1601.783004,False,False,True,True,False,False,False,False,0,1.0,True
-31.569407,605,1608.883035,False,False,True,True,False,False,False,False,0,1.0,True
-23.28289,300,1612.323758,False,False,True,False,False,False,True,False,0,1.0,True
-23.44556,324,1615.827232,False,False,True,True,False,False,False,False,0,1.0,True
-20.719031,166,1617.64771,False,False,True,True,False,False,False,False,0,1.0,True
-22.859061,277,1620.808713,False,False,True,True,False,False,False,False,0,1.0,True
-21.998312,236,1623.34174,False,False,True,True,False,False,False,False,0,1.0,True
-23.958646,379,1627.72568,False,False,True,False,False,False,True,False,0,1.0,True
-24.340176,332,1631.509629,False,False,True,True,False,False,False,False,0,1.0,True
-26.149191,396,1636.107594,False,False,True,False,False,False,True,False,0,1.0,True
-31.107644,555,1642.232601,False,False,True,True,False,False,False,False,0,1.0,True
-24.853666,329,1646.034783,False,False,True,False,False,False,True,False,0,1.0,True
-24.107712,382,1650.218168,False,False,True,True,False,False,False,False,0,1.0,True
-21.981154,233,1652.872036,False,False,True,True,False,False,False,False,0,1.0,True
-23.525951,390,1657.170558,False,False,True,False,False,False,True,False,0,1.0,True
-23.763113,330,1660.897347,False,False,True,True,False,False,False,False,0,1.0,True
-20.900532,184,1662.999417,False,False,True,True,False,False,False,False,0,1.0,True
-23.915773,256,1665.772334,False,False,True,True,False,False,False,False,0,1.0,True
-22.165456,243,1668.508723,False,False,True,False,False,False,True,False,0,1.0,True
-27.746317,624,1675.449368,False,False,True,True,False,False,False,False,0,1.0,True
-22.001012,371,1679.617117,False,False,True,True,False,False,False,False,0,1.0,True
-27.53236,513,1685.483743,False,False,True,True,False,False,False,False,0,1.0,True
-20.610141,196,1687.700708,False,False,True,True,False,False,False,False,0,1.0,True
-21.999457,185,1689.757412,False,False,True,True,False,False,False,False,0,1.0,True
-20.126903,174,1691.587935,False,False,True,True,False,False,False,False,0,1.0,True
-29.023491,455,1696.550273,False,False,True,True,False,False,False,False,0,1.0,True
-21.339231,188,1698.655657,False,False,True,True,False,False,False,False,0,1.0,True
-21.192691,188,1700.869995,False,False,True,True,False,False,False,False,0,1.0,True
-24.355461,286,1704.04854,False,False,True,True,False,False,False,False,0,1.0,True
-24.916436,302,1707.410557,False,False,True,True,False,False,False,False,0,1.0,True
-23.945683,285,1710.54917,False,False,True,True,False,False,False,False,0,1.0,True
-20.892297,204,1712.862679,False,False,True,True,False,False,False,False,0,1.0,True
-22.73987,236,1715.515767,False,False,True,True,False,False,False,False,0,1.0,True
-21.067352,203,1717.775166,False,False,True,True,False,False,False,False,0,1.0,True
-23.634891,368,1721.817138,False,False,True,True,False,False,False,False,0,1.0,True
-23.67899,319,1725.317845,False,False,True,True,False,False,False,False,0,1.0,True
-20.05006,166,1727.215035,False,False,True,True,False,False,False,False,0,1.0,True
-26.466584,394,1731.562813,False,False,True,True,False,False,False,False,0,1.0,True
-24.239995,292,1735.105855,False,False,True,True,False,False,False,False,0,1.0,True
-22.483341,214,1737.515416,False,False,True,True,False,False,False,False,0,1.0,True
-25.579467,454,1742.422402,False,False,True,False,False,False,True,False,0,1.0,True
-20.016189,118,1762.198904,False,False,True,True,False,False,False,False,0,1.0,True
-24.924116,461,1767.343207,False,False,True,True,False,False,False,False,0,1.0,True
-28.18098,521,1773.193203,False,False,True,False,False,False,True,False,0,1.0,True
-25.81872,437,1778.351613,False,False,True,True,False,False,False,False,0,1.0,True
-22.491693,236,1781.015939,False,False,True,True,False,False,False,False,0,1.0,True
-23.439668,343,1784.686273,False,False,True,False,False,False,True,False,0,1.0,True
-23.63547,343,1788.513919,False,False,True,True,False,False,False,False,0,1.0,True
-24.886281,491,1793.991512,False,False,True,True,False,False,False,False,0,1.0,True
-23.447055,391,1798.45837,False,False,True,True,False,False,False,False,0,1.0,True
-22.34904,233,1801.031753,False,False,True,False,False,False,True,False,0,1.0,True
-36.807756,235,1803.691387,False,False,True,True,False,False,True,False,0,1.0,True
-23.324541,247,1806.468341,False,False,True,True,False,False,False,False,0,1.0,True
-25.763073,415,1811.047,False,False,True,True,False,False,False,False,0,1.0,True
-23.816708,268,1814.031959,False,False,True,True,False,False,False,False,0,1.0,True
-22.047571,214,1816.279656,False,False,True,True,False,False,False,False,0,1.0,True
-26.710531,444,1821.299678,False,False,True,False,False,False,True,False,0,1.0,True
-25.399939,324,1824.956095,False,False,True,False,False,False,True,False,0,1.0,True
-22.547347,209,1827.221134,False,False,True,True,False,False,False,False,0,1.0,True
-20.636225,157,1829.097633,False,False,True,True,False,False,False,False,0,1.0,True
-23.731789,342,1832.865071,False,False,True,True,False,False,False,False,0,1.0,True
-22.736358,300,1836.215937,False,False,True,True,False,False,False,False,0,1.0,True
-25.464874,325,1839.897472,False,False,True,True,False,False,False,False,0,1.0,True
-25.120935,410,1844.431786,False,False,True,True,False,False,False,False,0,1.0,True
-33.969445,723,1852.574255,False,False,True,False,False,False,True,False,0,1.0,True
-25.223969,345,1856.289466,False,False,True,True,False,False,False,False,0,1.0,True
-27.694418,480,1861.696287,False,False,True,False,False,False,True,False,0,1.0,True
-24.803126,322,1865.107867,False,False,True,True,False,False,False,False,0,1.0,True
-23.387302,286,1868.535922,False,False,True,False,False,False,True,False,0,1.0,True
-22.655423,338,1872.183747,False,False,True,True,False,False,False,False,0,1.0,True
-25.300037,352,1876.123335,False,False,True,True,False,False,False,False,0,1.0,True
-28.41502,520,1881.765935,False,False,True,False,False,False,True,False,0,1.0,True
-25.381394,379,1886.050271,False,False,True,False,False,False,True,False,0,1.0,True
-24.416332,517,1891.839943,False,False,True,True,False,False,False,False,0,1.0,True
-25.658934,373,1896.055187,False,False,True,False,False,False,True,False,0,1.0,True
-23.317843,552,1902.079875,False,False,True,True,False,False,False,False,0,1.0,True
-20.76586,190,1904.349876,False,False,True,True,False,False,False,False,0,1.0,True
-27.019658,500,1909.787357,False,False,True,True,False,False,False,False,0,1.0,True
-21.846846,286,1913.047117,False,False,True,False,False,False,True,False,0,1.0,True
-24.596344,420,1917.691443,False,False,True,True,False,False,False,False,0,1.0,True
-24.463873,339,1921.423366,False,False,True,False,False,False,True,False,0,1.0,True
-20.822777,230,1924.049077,False,False,True,True,False,False,False,False,0,1.0,True
-25.957018,372,1928.198296,False,False,True,True,False,False,False,False,0,1.0,True
-19.571993,168,1930.099052,False,False,True,True,False,False,False,False,0,1.0,True
-25.137745,354,1934.146434,False,False,True,True,False,False,False,False,0,1.0,True
-22.327923,280,1937.269691,False,False,True,True,False,False,False,False,0,1.0,True
-33.630457,671,1944.741615,False,False,True,True,False,False,False,False,0,1.0,True
-21.976579,230,1947.343363,False,False,True,True,False,False,False,False,0,1.0,True
-20.063996,151,1949.005934,False,False,True,True,False,False,False,False,0,1.0,True
-26.10846,381,1953.254083,False,False,True,False,False,False,True,False,0,1.0,True
-19.54204,173,1955.120487,False,False,True,True,False,False,False,False,0,1.0,True
-26.131054,326,1958.848662,False,False,True,True,False,False,False,False,0,1.0,True
-21.965082,263,1961.729755,False,False,True,True,False,False,False,False,0,1.0,True
-21.379906,197,1964.007347,False,False,True,True,False,False,False,False,0,1.0,True
-21.884441,235,1966.479718,False,False,True,True,False,False,False,False,0,1.0,True
-23.312387,356,1970.438748,False,False,True,False,False,False,True,False,0,1.0,True
-22.753755,367,1974.580129,False,False,True,True,False,False,False,False,0,1.0,True
-24.412482,447,1979.491889,False,False,True,True,False,False,False,False,0,1.0,True
-20.211048,142,1980.990782,False,False,True,True,False,False,False,False,0,1.0,True
-21.002757,168,1982.764466,False,False,True,True,False,False,False,False,0,1.0,True
-37.111801,1082,1994.855058,False,False,True,False,False,False,True,False,0,1.0,True
-25.341651,283,1997.894773,False,False,True,True,False,False,False,False,0,1.0,True
-23.885562,303,2001.437322,False,False,True,True,False,False,False,False,0,1.0,True
-20.251791,141,2002.988984,False,False,True,True,False,False,False,False,0,1.0,True
-25.506133,463,2007.973588,False,False,True,False,False,False,True,False,0,1.0,True
-31.370401,709,2015.970988,False,False,True,False,False,False,True,False,0,1.0,True
-23.54711,266,2018.887594,False,False,True,True,False,False,False,False,0,1.0,True
-23.219353,293,2022.124502,False,False,True,False,False,False,True,False,0,1.0,True
-20.726807,292,2025.411498,False,False,True,True,False,False,False,False,0,1.0,True
-20.816591,201,2027.690198,False,False,True,True,False,False,False,False,0,1.0,True
-24.384149,437,2032.766932,False,False,True,True,False,False,False,False,0,1.0,True
-21.137089,161,2034.598705,False,False,True,True,False,False,False,False,0,1.0,True
-25.612273,301,2037.998523,False,False,True,True,False,False,False,False,0,1.0,True
-23.663824,266,2043.654078,False,False,True,True,False,False,False,False,0,1.0,True
-23.484242,339,2047.679974,False,False,True,False,False,False,True,False,0,1.0,True
-24.427378,364,2051.672369,False,False,True,False,False,False,True,False,0,1.0,True
-30.474588,510,2057.4374,False,False,True,True,False,False,False,False,0,1.0,True
-27.861127,457,2062.566213,False,False,True,False,False,False,True,False,0,1.0,True
-24.671009,319,2066.665247,False,False,True,False,False,False,True,False,0,1.0,True
-20.511719,170,2069.220663,False,False,True,True,False,False,False,False,0,1.0,True
-28.993662,429,2073.953523,False,False,True,False,False,False,True,False,0,1.0,True
-28.457779,576,2080.456555,False,False,True,True,False,False,False,False,0,1.0,True
-20.578938,156,2082.199828,False,False,True,True,False,False,False,False,0,1.0,True
-23.453913,265,2085.287901,False,False,True,False,False,False,True,False,0,1.0,True
-22.121194,197,2087.386052,False,False,True,True,False,False,False,False,0,1.0,True
-22.706761,295,2090.83,False,False,True,True,False,False,False,False,0,1.0,True
-23.597395,308,2094.463485,False,False,True,False,False,False,True,False,0,1.0,True
-24.673345,417,2099.030439,False,False,True,False,False,False,True,False,0,1.0,True
-22.543717,217,2101.53336,False,False,True,False,False,False,True,False,0,1.0,True
-22.339277,193,2103.738322,False,False,True,True,False,False,False,False,0,1.0,True
-22.338569,191,2105.898063,False,False,True,True,False,False,False,False,0,1.0,True
-24.27861,299,2109.137599,False,False,True,True,False,False,False,False,0,1.0,True
-20.875454,154,2110.900057,False,False,True,True,False,False,False,False,0,1.0,True
-27.762665,516,2116.540706,False,False,True,True,False,False,False,False,0,1.0,True
-19.926235,203,2118.930346,False,False,True,True,False,False,False,False,0,1.0,True
-27.744773,403,2123.476647,False,False,True,True,False,False,False,False,0,1.0,True
-21.232621,179,2125.462525,False,False,True,True,False,False,False,False,0,1.0,True
-22.117054,209,2127.658299,False,False,True,True,False,False,False,False,0,1.0,True
-19.882327,208,2129.971974,False,False,True,False,True,False,False,False,0,1.0,True
-30.042405,671,2137.851971,False,False,True,True,False,False,False,False,0,1.0,True
-21.854316,187,2139.962539,False,False,True,True,False,False,False,False,0,1.0,True
-20.843582,162,2141.73423,False,False,True,True,False,False,False,False,0,1.0,True
-24.496794,395,2146.028651,False,False,True,True,False,False,False,False,0,1.0,True
-23.965531,248,2148.678305,False,False,True,True,False,False,False,False,0,1.0,True
-22.476773,246,2151.521972,False,False,True,False,False,False,True,False,0,1.0,True
-24.619562,387,2155.694906,False,False,True,False,False,False,True,False,0,1.0,True
-23.376662,240,2158.36885,False,False,True,True,False,False,False,False,0,1.0,True
-22.177052,279,2161.488362,False,False,True,True,False,False,False,False,0,1.0,True
-37.397421,1016,2172.987377,False,False,True,True,False,False,False,False,0,1.0,True
-23.460913,276,2176.011815,False,False,True,True,False,False,False,False,0,1.0,True
-24.867732,274,2178.95382,False,False,True,True,False,False,False,False,0,1.0,True
-21.119599,255,2181.814411,False,False,True,True,False,False,False,False,0,1.0,True
-20.730801,156,2183.606086,False,False,True,True,False,False,False,False,0,1.0,True
-25.168582,287,2186.877795,False,False,True,True,False,False,False,False,0,1.0,True
-22.105567,185,2188.994859,False,False,True,True,False,False,False,False,0,1.0,True
-21.719689,217,2191.464412,False,False,True,True,False,False,False,False,0,1.0,True
-22.44454,273,2194.381621,False,False,True,True,False,False,False,False,0,1.0,True
-20.041845,171,2196.40378,False,False,True,True,False,False,False,False,0,1.0,True
-21.897587,186,2198.46963,False,False,True,True,False,False,False,False,0,1.0,True
-22.19683,202,2200.671617,False,False,True,True,False,False,False,False,0,1.0,True
-25.01106,295,2204.037054,False,False,True,True,False,False,False,False,0,1.0,True
-28.331481,421,2208.772676,False,False,True,True,False,False,False,False,0,1.0,True
-19.199159,257,2211.73656,False,False,True,False,True,False,False,False,0,1.0,True
-24.389756,314,2215.360139,False,False,True,True,False,False,False,False,0,1.0,True
-33.521386,699,2223.10049,False,False,True,True,False,False,False,False,0,1.0,True
-23.220118,293,2226.338368,False,False,True,False,False,False,True,False,0,1.0,True
-22.043755,312,2229.727221,False,False,True,True,False,False,False,False,0,1.0,True
-20.386806,215,2232.147818,False,False,True,True,False,False,False,False,0,1.0,True
-39.846099,401,2236.727262,False,False,True,True,False,False,True,False,0,1.0,True
-31.513388,920,2246.845365,False,False,True,True,False,False,False,False,0,1.0,True
-19.383737,131,2248.345322,False,False,True,True,False,False,False,False,0,1.0,True
-25.517923,471,2253.415422,False,False,True,False,False,False,True,False,0,1.0,True
-21.807687,213,2255.858606,False,False,True,True,False,False,False,False,0,1.0,True
-19.909418,344,2259.643678,False,False,True,True,False,False,False,False,0,1.0,True
-20.559647,244,2262.449339,False,False,True,True,False,False,False,False,0,1.0,True
-20.907186,157,2264.167019,False,False,True,True,False,False,False,False,0,1.0,True
-23.066602,590,2270.669401,False,False,True,True,False,False,False,False,0,1.0,True
-26.666364,342,2274.424361,False,False,True,True,False,False,False,False,0,1.0,True
-24.454696,336,2278.138173,False,False,True,False,False,False,True,False,0,1.0,True
-24.615158,326,2281.819905,False,False,True,False,False,False,True,False,0,1.0,True
-21.462674,265,2284.600407,False,False,True,True,False,False,False,False,0,1.0,True
-20.752194,231,2287.22111,False,False,True,True,False,False,False,False,0,1.0,True
-22.303157,262,2290.229481,False,False,True,True,False,False,False,False,0,1.0,True
-21.409422,187,2292.237765,False,False,True,True,False,False,False,False,0,1.0,True
-27.450605,490,2297.871086,False,False,True,True,False,False,False,False,0,1.0,True
-25.462477,433,2302.654128,False,False,True,True,False,False,False,False,0,1.0,True
-27.675097,602,2309.572568,False,False,True,True,False,False,False,False,0,1.0,True
-22.611159,179,2311.58146,False,False,True,True,False,False,False,False,0,1.0,True
-24.675233,308,2315.062387,False,False,True,True,False,False,False,False,0,1.0,True
-24.531749,306,2318.413278,False,False,True,False,False,False,True,False,0,1.0,True
-31.863947,641,2351.746814,False,False,True,True,False,False,False,False,0,1.0,True
-44.166023,1376,2367.343792,False,False,True,False,False,False,True,False,0,1.0,True
-24.712248,267,2370.296124,False,False,True,True,False,False,False,False,0,1.0,True
-26.983181,447,2375.328618,False,False,True,False,False,False,True,False,0,1.0,True
-25.738347,367,2379.275531,False,False,True,True,False,False,False,False,0,1.0,True
-27.106348,471,2384.688256,False,False,True,True,False,False,False,False,0,1.0,True
-32.367574,681,2392.319457,False,False,True,True,False,False,False,False,0,1.0,True
-24.179962,313,2395.804904,False,False,True,True,False,False,False,False,0,1.0,True
-20.040607,163,2397.65295,False,False,True,True,False,False,False,False,0,1.0,True
-24.723903,261,2400.555895,False,False,True,False,False,False,True,False,0,1.0,True
-23.141909,277,2403.710964,False,False,True,True,False,False,False,False,0,1.0,True
-21.773253,197,2405.968354,False,False,True,True,False,False,False,False,0,1.0,True
-20.930364,172,2407.987854,False,False,True,True,False,False,False,False,0,1.0,True
-26.957452,501,2413.583615,False,False,True,True,False,False,False,False,0,1.0,True
-30.442562,692,2421.16313,False,False,True,True,False,False,False,False,0,1.0,True
-22.135181,197,2423.36002,False,False,True,True,False,False,False,False,0,1.0,True
-22.642042,208,2425.763385,False,False,True,True,False,False,False,False,0,1.0,True
-23.178844,260,2428.562034,False,False,True,True,False,False,False,False,0,1.0,True
-25.308522,546,2434.844349,False,False,True,False,False,False,True,False,0,1.0,True
-24.87936,323,2438.361089,False,False,True,True,False,False,False,False,0,1.0,True
-24.504619,372,2442.658814,False,False,True,False,False,False,True,False,0,1.0,True
-26.87125,396,2447.014953,False,False,True,True,False,False,False,False,0,1.0,True
-22.532096,225,2449.464862,False,False,True,True,False,False,False,False,0,1.0,True
-34.150535,885,2459.468981,False,False,True,True,False,False,False,False,0,1.0,True
-23.712185,257,2462.301714,False,False,True,True,False,False,False,False,0,1.0,True
-27.391004,392,2466.664033,False,False,True,True,False,False,False,False,0,1.0,True
-24.726125,392,2471.084705,False,False,True,True,False,False,False,False,0,1.0,True
-29.003376,515,2476.85993,False,False,True,True,False,False,False,False,0,1.0,True
-32.394898,780,2485.543043,False,False,True,False,False,False,True,False,0,1.0,True
-22.841778,217,2487.968517,False,False,True,True,False,False,False,False,0,1.0,True
-29.253427,591,2494.509456,False,False,True,False,False,False,True,False,0,1.0,True
-23.944549,369,2498.779374,False,False,True,False,False,False,True,False,0,1.0,True
-21.667585,221,2501.170011,False,False,True,True,False,False,False,False,0,1.0,True
-33.245234,711,2509.611878,False,False,True,True,False,False,False,False,0,1.0,True
-28.150119,393,2513.871858,False,False,True,True,False,False,False,False,0,1.0,True
-22.925148,285,2517.136176,False,False,True,True,False,False,False,False,0,1.0,True
-30.954736,780,2525.66324,False,False,True,True,False,False,False,False,0,1.0,True
-25.304936,354,2529.559939,False,False,True,False,False,False,True,False,0,1.0,True
-23.565485,392,2533.782856,False,False,True,True,False,False,False,False,0,1.0,True
-24.66775,301,2537.078949,False,False,True,False,False,False,True,False,0,1.0,True
-24.373057,268,2540.169163,False,False,True,True,False,False,False,False,0,1.0,True
-36.11004,871,2549.951363,False,False,True,True,False,False,False,False,0,1.0,True
-28.331714,641,2557.08632,False,False,True,True,False,False,False,False,0,1.0,True
-33.651494,700,2564.729021,False,False,True,False,False,False,True,False,0,1.0,True
-24.430858,431,2569.454966,False,False,True,True,False,False,False,False,0,1.0,True
-27.526639,704,2577.46916,False,False,True,False,True,False,False,False,0,1.0,True
-26.222127,429,2582.193061,False,False,True,False,False,False,True,False,0,1.0,True
-36.363837,902,2592.241122,False,False,True,False,False,False,True,False,0,1.0,True
-30.051345,611,2598.894481,False,False,True,False,False,False,True,False,0,1.0,True
-25.227666,337,2602.694445,False,False,True,True,False,False,False,False,0,1.0,True
-27.846483,467,2607.944419,False,False,True,False,False,False,True,False,0,1.0,True
-28.754734,653,2615.168138,False,False,True,False,False,False,True,False,0,1.0,True
-24.221942,289,2618.562401,False,False,True,False,False,False,True,False,0,1.0,True
-27.947791,539,2624.517288,False,False,True,True,False,False,False,False,0,1.0,True
-27.673629,411,2628.975546,False,False,True,True,False,False,False,False,0,1.0,True
-26.03815,347,2635.77664,False,False,True,False,False,False,True,False,0,1.0,True
-21.019761,174,2637.603792,False,False,True,True,False,False,False,False,0,1.0,True
-25.730408,309,2641.17548,False,False,True,True,False,False,False,False,0,1.0,True
-25.008933,499,2646.569044,False,False,True,False,False,False,True,False,0,1.0,True
-26.396284,381,2650.892059,False,False,True,False,False,False,True,False,0,1.0,True
-20.754915,295,2654.227521,False,False,True,True,False,False,False,False,0,1.0,True
-23.01291,310,2657.567789,False,False,True,False,False,False,True,False,0,1.0,True
-23.920234,298,2660.826523,False,False,True,True,False,False,False,False,0,1.0,True
-23.714401,318,2664.510073,False,False,True,False,False,False,True,False,0,1.0,True
-27.842164,539,2670.42636,False,False,True,False,False,False,True,False,0,1.0,True
-24.117418,249,2673.285054,False,False,True,True,False,False,False,False,0,1.0,True
-21.600378,277,2676.315383,False,False,True,True,False,False,False,False,0,1.0,True
-22.855884,300,2679.63573,False,False,True,False,False,False,True,False,0,1.0,True
-24.724783,329,2683.33045,False,False,True,False,False,False,True,False,0,1.0,True
-25.175701,401,2687.764069,False,False,True,False,False,False,True,False,0,1.0,True
-23.271741,257,2690.758793,False,False,True,False,False,False,True,False,0,1.0,True
-22.29861,290,2693.969969,False,False,True,False,False,False,True,False,0,1.0,True
-26.034012,421,2698.741881,False,False,True,True,False,False,False,False,0,1.0,True
-21.844308,165,2700.510053,False,False,True,True,False,False,False,False,0,1.0,True
-19.7678,214,2702.892263,False,False,True,True,False,False,False,False,0,1.0,True
-30.744748,686,2710.557727,False,False,True,True,False,False,False,False,0,1.0,True
-27.889696,477,2715.802191,False,False,True,True,False,False,False,False,0,1.0,True
-21.562121,222,2718.178308,False,False,True,True,False,False,False,False,0,1.0,True
-19.93593,181,2720.098923,False,False,True,True,False,False,False,False,0,1.0,True
-19.369175,172,2722.095016,False,False,True,True,False,False,False,False,0,1.0,True
-33.755218,628,2729.061324,False,False,True,True,False,False,False,False,0,1.0,True
-22.491097,204,2731.367754,False,False,True,True,False,False,False,False,0,1.0,True
-26.446198,285,2734.561464,False,False,True,True,False,False,False,False,0,1.0,True
-21.629948,212,2737.244788,False,False,True,False,False,False,True,False,0,1.0,True
-21.900765,222,2739.758688,False,False,True,True,False,False,False,False,0,1.0,True
-19.855487,138,2741.312332,False,False,True,True,False,False,False,False,0,1.0,True
-27.106573,456,2746.343668,False,False,True,True,False,False,False,False,0,1.0,True
-23.735592,305,2749.77839,False,False,True,True,False,False,False,False,0,1.0,True
-24.256154,320,2753.602122,False,False,True,False,False,False,True,False,0,1.0,True
-20.716815,184,2755.837378,False,False,True,True,False,False,False,False,0,1.0,True
-22.097835,268,2758.876952,False,False,True,True,False,False,False,False,0,1.0,True
-29.636913,539,2765.085253,False,False,True,False,False,False,True,False,0,1.0,True
-21.0287,238,2767.702161,False,False,True,True,False,False,False,False,0,1.0,True
-28.939324,536,2773.696161,False,False,True,True,False,False,False,False,0,1.0,True
-21.558561,229,2776.236425,False,False,True,True,False,False,False,False,0,1.0,True
-21.573533,221,2778.693987,False,False,True,True,False,False,False,False,0,1.0,True
-21.969928,242,2781.232896,False,False,True,True,False,False,False,False,0,1.0,True
-25.069851,317,2784.651893,False,False,True,False,False,False,True,False,0,1.0,True
-24.158942,319,2788.262971,False,False,True,True,False,False,False,False,0,1.0,True
-24.012678,322,2791.795526,False,False,True,True,False,False,False,False,0,1.0,True
-20.126034,253,2794.580651,False,False,True,True,False,False,False,False,0,1.0,True
-24.277273,385,2798.811805,False,False,True,True,False,False,False,False,0,1.0,True
-21.026702,317,2802.381602,False,False,True,False,True,False,False,False,0,1.0,True
-26.811337,493,2807.86727,False,False,True,True,False,False,False,False,0,1.0,True
-26.29019,482,2813.431562,False,False,True,True,False,False,False,False,0,1.0,True
-23.938958,288,2816.68361,False,False,True,True,False,False,False,False,0,1.0,True
-30.50962,549,2822.785694,False,False,True,False,False,False,True,False,0,1.0,True
-21.205685,236,2825.493268,False,False,True,True,False,False,False,False,0,1.0,True
-25.315999,306,2828.759314,False,False,True,False,False,False,True,False,0,1.0,True
-23.312947,341,2832.47759,False,False,True,False,False,False,True,False,0,1.0,True
-25.240217,338,2836.543564,False,False,True,True,False,False,False,False,0,1.0,True
-25.257501,291,2839.806505,False,False,True,False,False,False,True,False,0,1.0,True
-22.866424,297,2843.020158,False,False,True,False,False,False,True,False,0,1.0,True
-21.154055,347,2846.900237,False,False,True,True,False,False,False,False,0,1.0,True
-22.003578,239,2849.464005,False,False,True,True,False,False,False,False,0,1.0,True
-24.790946,303,2852.854528,False,False,True,True,False,False,False,False,0,1.0,True
-23.560818,254,2855.682247,False,False,True,False,False,False,True,False,0,1.0,True
-25.700498,353,2859.559363,False,False,True,True,False,False,False,False,0,1.0,True
-25.539403,399,2864.066524,False,False,True,True,False,False,False,False,0,1.0,True
-21.512655,200,2866.326345,False,False,True,True,False,False,False,False,0,1.0,True
-23.697091,281,2869.46658,False,False,True,True,False,False,False,False,0,1.0,True
-21.26409,211,2871.724227,False,False,True,True,False,False,False,False,0,1.0,True
-46.280414,717,2879.767969,False,False,True,True,False,False,True,False,0,1.0,True
-24.186359,359,2883.830512,False,False,True,True,False,False,False,False,0,1.0,True
-24.621231,293,2887.1136,False,False,True,False,False,False,True,False,0,1.0,True
-25.174537,351,2891.124951,False,False,True,True,False,False,False,False,0,1.0,True
-30.075645,482,2896.470287,False,False,True,True,False,False,False,False,0,1.0,True
-21.351088,251,2899.157754,False,False,True,True,False,False,False,False,0,1.0,True
-23.009475,488,2904.684501,False,False,True,True,False,False,False,False,0,1.0,True
-28.194605,602,2911.527049,False,False,True,True,False,False,False,False,0,1.0,True
