#{"t_start": 1786633123.5641448, "env_id": "None"}
r,l,t,completed,gate_reached,constraint_success,distance_failure,time_failure,mission_phase
-1572.782286,810,6.801469,False,False,True,False,False,0
-768.263749,397,8.660751,False,False,True,False,False,0
-1345.815561,527,11.104652,False,False,True,False,False,0
-796.623313,335,12.678241,False,False,True,False,False,0
-1661.262653,613,15.545125,False,False,True,False,False,0
-1045.752826,407,17.478454,False,False,True,False,False,0
-880.945173,323,18.991662,False,False,True,False,False,0
-1094.108085,642,21.963718,False,False,True,False,False,0
-687.688513,330,23.534688,False,False,True,True,False,0
-810.05306,369,25.293282,False,False,True,False,False,0
-2514.300124,706,32.107916,False,False,True,True,False,0
-288.776208,248,34.938075,False,False,True,False,False,0
-295.751577,161,36.784064,False,False,True,False,False,0
-294.339281,157,38.433663,False,False,True,False,False,0
-877.442064,320,42.126612,False,False,True,False,False,0
-1448.981248,658,49.78488,False,False,True,False,False,0
-596.708561,246,52.635038,False,False,True,False,False,0
-489.629781,239,55.428635,False,False,True,False,False,0
-376.638269,215,57.89264,False,False,True,False,False,0
-360.838044,464,63.152589,False,False,True,False,False,0
-1719.478655,727,71.549805,False,False,True,True,False,0
-722.976872,238,74.170099,False,False,True,False,False,0
-673.082866,415,78.894858,False,False,True,False,False,0
-431.931809,244,81.663793,False,False,True,False,False,0
-1700.681101,741,90.48193,False,False,True,False,False,0
-514.990403,895,101.166206,False,False,True,True,False,0
-667.695844,659,108.919239,False,False,True,False,False,0
-1269.67819,571,115.428963,False,False,True,False,False,0
-1494.623521,365,119.668695,False,False,True,False,False,0
-620.845529,336,123.456136,False,False,True,False,False,0
-531.449618,256,126.359131,False,False,True,False,False,0
-351.936413,236,129.045586,False,False,True,False,False,0
-970.560111,808,138.561185,False,False,True,False,False,0
-1266.724715,373,142.93507,False,False,True,True,False,0
-487.697351,320,146.599372,False,False,True,False,False,0
-498.005392,311,150.168719,False,False,True,False,False,0
-563.387136,572,156.668767,False,False,True,True,False,0
-2348.653764,704,164.997584,False,False,True,False,False,0
-896.26982,1230,180.115762,False,False,True,False,False,0
-778.880851,535,186.35627,False,False,True,True,False,0
-432.25928,239,189.006419,False,False,True,False,False,0
-776.325512,357,193.048401,False,False,True,True,False,0
-1354.561656,526,198.978047,False,False,True,False,False,0
-795.67432,221,201.508034,False,False,True,False,False,0
-1263.261073,875,211.93302,False,False,True,False,False,0
-365.891982,169,213.88003,False,False,True,False,False,0
-178.075438,316,217.699443,False,False,True,False,False,0
-851.813401,450,223.255481,False,False,True,False,False,0
-541.651523,274,226.699875,False,False,True,False,False,0
-503.83726,306,230.576423,False,False,True,False,False,0
-633.425463,211,233.241015,False,False,True,False,False,0
-1923.566083,765,243.745265,False,False,True,True,False,0
-515.029107,240,246.622591,False,False,True,False,False,0
-432.083666,198,248.992929,False,False,True,False,False,0
-514.955353,207,251.628703,False,False,True,False,False,0
-1376.363538,429,256.850134,False,False,True,True,False,0
-1190.530034,341,260.628136,False,False,True,False,False,0
-516.036862,222,265.803852,False,False,True,False,False,0
-1112.036295,384,270.083027,False,False,True,True,False,0
-918.892351,362,274.378369,False,False,True,False,False,0
-900.888857,625,281.465244,False,False,True,False,False,0
-374.104355,194,283.712206,False,False,True,False,False,0
-812.763131,246,286.54861,False,False,True,False,False,0
-677.977887,371,290.740929,False,False,True,False,False,0
-730.514901,746,299.202765,False,False,True,False,False,0
-511.405444,309,302.783988,False,False,True,False,False,0
-994.543372,308,306.296816,False,False,True,False,False,0
-413.512136,376,310.691506,False,False,True,False,False,0
-351.528131,217,313.230809,False,False,True,False,False,0
-258.140614,216,315.72284,False,False,True,False,False,0
-435.071996,457,321.085865,False,False,True,False,False,0
-938.689684,449,326.305534,False,False,True,False,False,0
-327.479902,324,330.043516,False,False,True,False,False,0
-575.745542,305,333.560539,False,False,True,False,False,0
-274.291123,431,338.531211,False,False,True,False,False,0
-421.503878,192,340.728965,False,False,True,False,False,0
-558.480873,371,344.899402,False,False,True,True,False,0
-1116.022796,591,351.715085,False,False,True,False,False,0
-344.501094,184,353.910021,False,False,True,False,False,0
-1274.852467,438,359.086479,False,False,True,True,False,0
-1206.958999,358,363.075346,False,False,True,True,False,0
-434.941497,367,367.326547,False,False,True,False,False,0
-335.347816,284,370.643631,False,False,True,False,False,0
-1600.131068,554,377.074644,False,False,True,False,False,0
-940.813823,351,381.026211,False,False,True,False,False,0
-539.666905,404,385.739058,False,False,True,True,False,0
-456.121,257,388.678503,False,False,True,False,False,0
-986.074837,321,392.295197,False,False,True,False,False,0
-866.47544,490,397.895102,False,False,True,False,False,0
-538.910912,298,401.322923,False,False,True,False,False,0
-720.602463,535,407.734038,False,False,True,False,False,0
-428.028536,179,409.817315,False,False,True,False,False,0
-388.747126,200,412.141885,False,False,True,False,False,0
-545.348836,381,416.592432,False,False,True,False,False,0
-408.779329,415,421.393418,False,False,True,False,False,0
-1307.237388,777,430.597426,False,False,True,False,False,0
-1026.560651,488,436.384259,False,False,True,False,False,0
-678.266425,267,439.488675,False,False,True,False,False,0
-403.225533,184,441.658315,False,False,True,False,False,0
-1193.398396,452,446.927525,False,False,True,False,False,0
-487.975366,213,449.405704,False,False,True,False,False,0
-333.892255,163,451.292664,False,False,True,False,False,0
-622.030224,423,456.214806,False,False,True,False,False,0
-1991.311532,683,464.206094,False,False,True,True,False,0
-952.344309,364,468.456208,False,False,True,False,False,0
-379.811074,157,470.295192,False,False,True,False,False,0
-337.308751,140,471.875479,False,False,True,False,False,0
-931.703473,549,478.17663,False,False,True,False,False,0
-626.413866,352,482.334717,False,False,True,False,False,0
-777.422416,389,486.866814,False,False,True,False,False,0
-692.196172,342,490.822665,False,False,True,False,False,0
-1695.984044,660,498.58245,False,False,True,True,False,0
-975.56678,556,505.068307,False,False,True,True,False,0
-545.968541,307,508.675391,False,False,True,False,False,0
-424.08704,183,510.804921,False,False,True,False,False,0
-347.983787,256,513.784258,False,False,True,False,False,0
-529.322377,550,520.253121,False,False,True,False,False,0
-1159.298799,491,525.993879,False,False,True,True,False,0
-466.831733,338,529.880753,False,False,True,True,False,0
-1082.628665,473,535.215047,False,False,True,True,False,0
-721.738701,314,538.837332,False,False,True,False,False,0
-405.394304,293,542.280548,False,False,True,False,False,0
-639.35735,502,548.135696,False,False,True,True,False,0
-675.71097,249,551.016956,False,False,True,False,False,0
-1678.653681,712,591.915169,False,False,True,False,False,0
-621.629255,459,597.05125,False,False,True,False,False,0
-846.522813,751,605.655142,False,False,True,False,False,0
-591.002776,390,610.254054,False,False,True,True,False,0
-607.484257,313,613.860086,False,False,True,True,False,0
-412.825138,182,615.809218,False,False,True,False,False,0
-1198.993569,396,620.510817,False,False,True,False,False,0
-752.566701,1315,636.27896,False,False,True,False,False,0
-878.738416,259,639.810086,False,False,True,False,False,0
-796.484305,382,644.338027,False,False,True,False,False,0
-537.888245,520,651.249414,False,False,True,False,False,0
-589.642134,324,654.979061,False,False,True,False,False,0
-1007.882034,551,661.535855,False,False,True,True,False,0
-499.375023,316,665.064378,False,False,True,True,False,0
-833.507043,463,670.480144,False,False,True,True,False,0
-1144.403486,476,676.088909,False,False,True,False,False,0
-534.971306,220,678.592221,False,False,True,False,False,0
-2026.648037,696,686.126775,False,False,True,True,False,0
-655.3908,359,690.089506,False,False,True,False,False,0
-1121.536825,851,699.613445,False,False,True,False,False,0
-951.987435,363,703.341845,False,False,True,False,False,0
-1033.063755,656,710.248433,False,False,True,False,False,0
-1021.734868,753,718.504092,False,False,True,False,False,0
-361.775784,234,720.977796,False,False,True,False,False,0
-1267.838316,433,725.664187,False,False,True,True,False,0
-810.569574,417,730.223102,False,False,True,False,False,0
-1497.80628,385,734.482198,False,False,True,False,False,0
-629.501601,505,739.790664,False,False,True,True,False,0
-1686.502427,648,746.872072,False,False,True,False,False,0
-426.094836,281,749.892472,False,False,True,False,False,0
-774.08243,283,753.362924,False,False,True,True,False,0
-641.265373,433,758.434609,False,False,True,False,False,0
-826.757009,391,763.326061,False,False,True,False,False,0
-344.488598,191,766.315242,False,False,True,False,False,0
-370.119285,533,772.733687,False,False,True,True,False,0
-744.584928,249,775.699829,False,False,True,False,False,0
-482.934793,298,779.046135,False,False,True,False,False,0
-1840.27329,635,786.420354,False,False,True,True,False,0
-708.673436,460,791.664838,False,False,True,False,False,0
-332.909042,167,793.570546,False,False,True,False,False,0
-1869.170753,690,801.413625,False,False,True,False,False,0
-209.34245,275,804.59262,False,False,True,False,False,0
-461.466356,356,808.709934,False,False,True,False,False,0
-423.065292,316,812.309519,False,False,True,False,False,0
-3181.322897,1415,829.122334,False,False,True,True,False,0
-337.571552,203,831.464969,False,False,True,False,False,0
-345.406531,247,834.270496,False,False,True,False,False,0
-1395.867731,407,838.921239,False,False,True,False,False,0
-395.986812,226,841.501773,False,False,True,False,False,0
-2017.814721,1041,853.847248,False,False,True,True,False,0
-650.052932,541,860.037408,False,False,True,True,False,0
-1582.511316,655,867.617601,False,False,True,False,False,0
-547.608153,356,871.608632,False,False,True,False,False,0
-878.039917,329,875.196331,False,False,True,False,False,0
-993.782344,415,882.506448,False,False,True,False,False,0
-447.740647,260,885.496225,False,False,True,False,False,0
-414.921687,208,887.931455,False,False,True,False,False,0
-1386.475563,616,895.005414,False,False,True,False,False,0
-493.660159,235,897.709492,False,False,True,False,False,0
-1290.046152,680,905.412237,False,False,True,False,False,0
-452.787327,258,908.360717,False,False,True,False,False,0
-767.487235,318,912.04184,False,False,True,False,False,0
-554.987414,264,915.138005,False,False,True,False,False,0
-505.581558,286,918.378872,False,False,True,False,False,0
-540.962437,241,921.136329,False,False,True,False,False,0
-1031.848966,436,926.214086,False,False,True,False,False,0
-347.90212,173,928.183514,False,False,True,False,False,0
-373.296755,158,930.036108,False,False,True,False,False,0
-594.269602,248,932.889638,False,False,True,False,False,0
-678.93709,273,935.954859,False,False,True,False,False,0
-436.745028,219,938.376274,False,False,True,False,False,0
-696.73866,327,942.0888,False,False,True,False,False,0
-862.123841,293,945.452709,False,False,True,False,False,0
-1431.61368,500,951.168286,False,False,True,False,False,0
-457.387479,247,954.033827,False,False,True,False,False,0
-667.971466,425,958.933074,False,False,True,True,False,0
-978.102731,561,965.359634,False,False,True,False,False,0
-793.732626,355,969.436807,False,False,True,False,False,0
-638.866295,263,972.304125,False,False,True,False,False,0
-625.974751,290,975.734076,False,False,True,False,False,0
-618.648727,238,978.503496,False,False,True,False,False,0
-575.267061,257,981.509184,False,False,True,False,False,0
-385.163061,204,983.831575,False,False,True,False,False,0
-487.498766,249,986.648103,False,False,True,False,False,0
-1047.772754,325,990.339455,False,False,True,False,False,0
-806.278989,626,997.414883,False,False,True,True,False,0
-1223.002794,406,1002.029732,False,False,True,False,False,0
-506.45927,329,1005.795043,False,False,True,False,False,0
-723.687851,461,1011.00349,False,False,True,False,False,0
-501.338339,314,1014.609955,False,False,True,False,False,0
-855.8796,406,1019.279583,False,False,True,False,False,0
-293.311878,207,1021.623883,False,False,True,False,False,0
-623.928615,349,1025.46839,False,False,True,False,False,0
-605.974242,474,1030.832031,False,False,True,True,False,0
-275.356966,434,1035.735242,False,False,True,True,False,0
-607.073841,282,1038.883386,False,False,True,False,False,0
-713.874035,368,1043.160175,False,False,True,False,False,0
-547.217884,299,1046.580067,False,False,True,True,False,0
-771.376006,388,1050.968624,False,False,True,False,False,0
-747.61441,426,1055.631234,False,False,True,False,False,0
-180.807015,360,1059.923504,False,False,True,False,False,0
-528.544476,325,1063.674713,False,False,True,False,False,0
-1403.003665,687,1071.591036,False,False,True,False,False,0
-838.828442,447,1076.842761,False,False,True,False,False,0
-3757.613322,1170,1090.813054,False,False,True,False,False,0
-422.700726,307,1094.404523,False,False,True,True,False,0
-690.30102,328,1098.170554,False,False,True,False,False,0
-1990.454846,505,1104.018944,False,False,True,False,False,0
-1668.923059,736,1112.31533,False,False,True,True,False,0
-1295.393665,490,1117.906703,False,False,True,False,False,0
-1524.048668,395,1122.456342,False,False,True,False,False,0
-400.08747,265,1125.495939,False,False,True,False,False,0
-796.012538,474,1130.870202,False,False,True,True,False,0
-635.490928,326,1134.607539,False,False,True,False,False,0
-332.658009,297,1138.042048,False,False,True,False,False,0
-607.147086,277,1141.236551,False,False,True,False,False,0
-1806.118249,422,1146.159357,False,False,True,False,False,0
-755.288012,380,1150.269517,False,False,True,False,False,0
-1088.904041,552,1156.749426,False,False,True,True,False,0
-1105.026539,718,1197.834536,False,False,True,True,False,0
-666.679296,374,1202.218378,False,False,True,False,False,0
-1612.519261,606,1209.143909,False,False,True,False,False,0
-765.204847,356,1213.091867,False,False,True,True,False,0
-1255.64964,392,1217.606734,False,False,True,False,False,0
-697.611101,253,1220.555058,False,False,True,False,False,0
-519.25259,245,1223.26565,False,False,True,False,False,0
-1818.687737,471,1228.684862,False,False,True,True,False,0
-1238.145026,524,1234.620087,False,False,True,False,False,0
-1103.987431,334,1238.411044,False,False,True,False,False,0
-1151.191694,442,1243.466438,False,False,True,False,False,0
-1151.509241,438,1248.314686,False,False,True,False,False,0
-822.366027,298,1251.689284,False,False,True,False,False,0
-430.188493,254,1254.590622,False,False,True,False,False,0
-781.879758,317,1258.050574,False,False,True,False,False,0
-498.49389,215,1260.526257,False,False,True,False,False,0
-918.904099,299,1263.893955,False,False,True,False,False,0
-830.470944,338,1267.838413,False,False,True,False,False,0
-856.400678,351,1271.922764,False,False,True,True,False,0
-497.487728,492,1277.598675,False,False,True,True,False,0
-445.346316,221,1280.155473,False,False,True,False,False,0
-799.779584,303,1283.624949,False,False,True,False,False,0
-162.425641,389,1287.985183,False,False,True,False,False,0
-412.204956,193,1290.069663,False,False,True,False,False,0
-456.44274,177,1292.181911,False,False,True,False,False,0
-721.512999,272,1295.367004,False,False,True,False,False,0
-347.21529,203,1297.71174,False,False,True,False,False,0
-753.468932,255,1300.580249,False,False,True,False,False,0
-866.807906,386,1305.020948,False,False,True,True,False,0
-447.331898,252,1307.928618,False,False,True,False,False,0
-1229.483766,381,1312.283945,False,False,True,False,False,0
-1874.651045,1015,1324.124597,False,False,True,False,False,0
-456.905942,187,1326.282296,False,False,True,False,False,0
-723.537711,257,1329.225499,False,False,True,False,False,0
-1162.321549,393,1333.831395,False,False,True,False,False,0
-1431.100252,359,1337.97928,False,False,True,False,False,0
-617.001887,277,1341.14959,False,False,True,False,False,0
-1315.383043,600,1348.056274,False,False,True,False,False,0
-872.27958,271,1351.20396,False,False,True,False,False,0
-438.713305,331,1354.986141,False,False,True,False,False,0
-715.878501,467,1360.290667,False,False,True,False,False,0
-398.297492,298,1363.785052,False,False,True,False,False,0
-1328.053208,426,1368.771386,False,False,True,True,False,0
-1988.249875,789,1377.716043,False,False,True,False,False,0
-930.483073,473,1383.137241,False,False,True,True,False,0
-374.757493,189,1385.304819,False,False,True,False,False,0
-573.430486,592,1391.993996,False,False,True,False,False,0
-304.736687,150,1393.755627,False,False,True,False,False,0
-369.480185,214,1396.240061,False,False,True,False,False,0
-1152.395361,283,1399.551799,False,False,True,False,False,0
-737.980575,249,1402.43573,False,False,True,True,False,0
-620.186724,253,1405.367641,False,False,True,False,False,0
-360.058497,193,1407.537873,False,False,True,False,False,0
-888.38073,375,1411.795736,False,False,True,False,False,0
-516.843202,203,1414.061026,False,False,True,False,False,0
-743.397256,415,1418.764311,False,False,True,False,False,0
-823.012967,269,1421.903218,False,False,True,False,False,0
-678.900036,275,1425.10981,False,False,True,False,False,0
-2202.244755,983,1436.271071,False,False,True,True,False,0
-757.828,296,1439.639359,False,False,True,True,False,0
-548.771142,194,1441.839054,False,False,True,False,False,0
-730.334807,436,1446.857367,False,False,True,False,False,0
-388.376554,183,1448.963544,False,False,True,False,False,0
-2083.953109,522,1454.747667,False,False,True,False,False,0
-581.882224,192,1456.992152,False,False,True,False,False,0
-721.531364,677,1464.700246,False,False,True,False,False,0
-1992.958633,556,1471.159393,False,False,True,True,False,0
-2508.776012,777,1480.209454,False,False,True,False,False,0
-482.332328,214,1482.682542,False,False,True,False,False,0
-554.378341,320,1489.10346,False,False,True,False,False,0
-560.797727,255,1491.939487,False,False,True,False,False,0
-1196.213443,572,1498.454646,False,False,True,False,False,0
-1502.681929,458,1503.560181,False,False,True,True,False,0
-737.638668,248,1506.3179,False,False,True,False,False,0
-327.147296,152,1508.028028,False,False,True,False,False,0
-769.14153,407,1512.514937,False,False,True,False,False,0
-827.043826,651,1520.174496,False,False,True,False,False,0
-84.2501,444,1525.09532,False,False,True,False,False,0
-1385.490075,1031,1536.994272,False,False,True,True,False,0
-770.086396,278,1540.289695,False,False,True,False,False,0
-913.944445,387,1544.63484,False,False,True,False,False,0
-204.866372,342,1548.562289,False,False,True,False,False,0
-1372.041238,518,1554.538554,False,False,True,True,False,0
-2183.069464,654,1561.843781,False,False,True,True,False,0
-1038.442482,467,1567.222062,False,False,True,False,False,0
-488.565689,537,1573.379577,False,False,True,False,False,0
-504.751937,881,1583.655418,False,False,True,False,False,0
-946.421612,1130,1596.59813,False,False,True,True,False,0
-603.011073,428,1601.3561,False,False,True,False,False,0
-1153.151527,1036,1613.429297,False,False,True,True,False,0
-151.923055,497,1618.979908,False,False,True,True,False,0
-553.590303,440,1624.030363,False,False,True,True,False,0
-439.451026,733,1632.479866,False,False,True,True,False,0
-793.519032,418,1637.115578,False,False,True,False,False,0
-895.06909,521,1643.213704,False,False,True,False,False,0
-465.419356,188,1645.398633,False,False,True,False,False,0
-951.419243,430,1650.289708,False,False,True,False,False,0
-313.617578,493,1655.973195,False,False,True,False,False,0
-912.811131,526,1661.807579,False,False,True,True,False,0
-613.65301,402,1666.342676,False,False,True,False,False,0
-1427.160433,1519,1684.49206,False,False,True,False,False,0
-949.408592,677,1692.449738,False,False,True,False,False,0
-597.197489,669,1700.250392,False,False,True,False,False,0
-770.829481,503,1706.054445,False,False,True,True,False,0
-759.668775,491,1711.736431,False,False,True,True,False,0
-1206.986206,1014,1723.605136,False,False,True,True,False,0
-1040.802206,615,1730.635002,False,False,True,False,False,0
-621.967412,375,1734.935412,False,False,True,True,False,0
-2157.583572,1235,1750.070435,False,False,True,False,False,0
-494.366661,542,1756.274648,False,False,True,True,False,0
-2462.57947,942,1766.970171,False,False,True,True,False,0
-451.580413,377,1771.360789,False,False,True,False,False,0
-1254.150589,583,1815.070478,False,False,True,False,False,0
-1314.820447,626,1822.351885,False,False,True,False,False,0
-1359.685172,757,1831.186988,False,False,True,False,False,0
-1842.378534,908,1841.898188,False,False,True,True,False,0
-835.463937,291,1845.226985,False,False,True,False,False,0
-483.299149,214,1847.49361,False,False,True,False,False,0
-2824.76562,1025,1859.824484,False,False,True,False,False,0
-452.171074,256,1862.73596,False,False,True,False,False,0
-1809.291348,448,1867.772424,False,False,True,False,False,0
-380.589291,399,1872.307483,False,False,True,True,False,0
-451.257132,196,1874.560386,False,False,True,False,False,0
-996.622408,362,1878.728598,False,False,True,False,False,0
-605.577964,693,1886.657185,False,False,True,False,False,0
-811.822238,345,1890.3833,False,False,True,False,False,0
-1845.007629,990,1902.678816,False,False,True,False,False,0
-555.188329,216,1905.174818,False,False,True,False,False,0
-469.461578,378,1909.511392,False,False,True,True,False,0
-408.205591,257,1912.457717,False,False,True,False,False,0
-1034.179826,927,1923.445556,False,False,True,True,False,0
-480.116588,358,1927.444759,False,False,True,False,False,0
-1363.804743,565,1933.934205,False,False,True,False,False,0
-773.94564,254,1936.834323,False,False,True,False,False,0
-386.908899,464,1942.005949,False,False,True,False,False,0
-2075.231942,1244,1957.168179,False,False,True,True,False,0
-1293.23265,419,1962.237003,False,False,True,True,False,0
-2494.854212,735,1970.850572,False,False,True,False,False,0
-741.982769,352,1974.813152,False,False,True,False,False,0
-358.798376,440,1979.732386,False,False,True,False,False,0
-392.854912,261,1982.537021,False,False,True,False,False,0
-174.858329,269,1985.680191,False,False,True,False,False,0
-1181.816934,598,1992.336118,False,False,True,True,False,0
-1400.520035,394,1996.832914,False,False,True,False,False,0
-560.875157,281,2000.074887,False,False,True,False,False,0
-284.660265,731,2008.415159,False,False,True,True,False,0
-1580.074089,720,2016.670429,False,False,True,False,False,0
-487.763545,425,2021.617221,False,False,True,True,False,0
-475.368749,346,2025.598604,False,False,True,False,False,0
-1070.183824,419,2030.396209,False,False,True,True,False,0
-344.521636,270,2033.531414,False,False,True,False,False,0
-734.764975,396,2037.993535,False,False,True,False,False,0
-862.718015,522,2044.097282,False,False,True,False,False,0
-354.421036,219,2046.62744,False,False,True,False,False,0
-612.642872,464,2052.069344,False,False,True,False,False,0
-610.068551,274,2055.163522,False,False,True,False,False,0
-484.749336,300,2058.682766,False,False,True,False,False,0
-208.099302,573,2065.248927,False,False,True,True,False,0
-505.854294,482,2070.769983,False,False,True,False,False,0
-882.740453,432,2075.668523,False,False,True,False,False,0
-292.857381,169,2077.622099,False,False,True,False,False,0
-651.363922,364,2081.779864,False,False,True,True,False,0
-650.140082,353,2085.711497,False,False,True,False,False,0
-1336.965236,401,2090.260705,False,False,True,False,False,0
-1553.760577,924,2100.870059,False,False,True,False,False,0
-761.843334,300,2106.79401,False,False,True,False,False,0
-813.136891,555,2113.104789,False,False,True,False,False,0
-1123.478414,544,2119.402352,False,False,True,True,False,0
-527.186361,429,2124.35543,False,False,True,True,False,0
-329.675449,159,2126.182523,False,False,True,False,False,0
-682.381226,432,2131.120856,False,False,True,False,False,0
-357.00962,185,2133.264301,False,False,True,False,False,0
-866.815887,373,2137.508799,False,False,True,True,False,0
-1653.380251,549,2143.865162,False,False,True,False,False,0
-539.277437,454,2149.114332,False,False,True,True,False,0
-393.624505,253,2152.002972,False,False,True,False,False,0
-497.12806,272,2155.174011,False,False,True,False,False,0
-775.20541,706,2163.253536,False,False,True,False,False,0
-810.982307,524,2169.327032,False,False,True,False,False,0
-1848.257814,728,2177.698818,False,False,True,False,False,0
-134.468407,544,2183.951941,False,False,True,True,False,0
-639.587768,615,2190.80608,False,False,True,False,False,0
-284.154999,466,2196.228868,False,False,True,True,False,0
-641.560133,561,2202.585029,False,False,True,True,False,0
-1250.347201,540,2208.838631,False,False,True,False,False,0
-990.753952,415,2213.578084,False,False,True,False,False,0
-809.88854,710,2221.612689,False,False,True,False,False,0
-339.5303,498,2227.331019,False,False,True,False,False,0
-419.413828,243,2230.094217,False,False,True,False,False,0
-556.406131,585,2236.841771,False,False,True,True,False,0
-385.451438,205,2239.204746,False,False,True,False,False,0
-1266.101819,706,2247.266969,False,False,True,False,False,0
-994.13134,880,2257.209672,False,False,True,True,False,0
-434.289846,452,2262.396165,False,False,True,True,False,0
-767.032984,443,2267.525518,False,False,True,False,False,0
-464.748351,334,2271.276267,False,False,True,False,False,0
-588.740169,368,2275.389627,False,False,True,False,False,0
-403.201034,401,2279.855826,False,False,True,True,False,0
-792.343998,380,2284.186813,False,False,True,False,False,0
-613.834837,691,2292.131498,False,False,True,True,False,0
-434.812886,317,2295.592355,False,False,True,False,False,0
-440.931943,335,2299.479953,False,False,True,True,False,0
-1164.547587,368,2303.781179,False,False,True,False,False,0
-485.691269,329,2307.567679,False,False,True,False,False,0
-1334.158351,363,2311.614252,False,False,True,False,False,0
-556.927232,408,2316.165614,False,False,True,False,False,0
-570.952545,438,2321.148792,False,False,True,False,False,0
-753.358361,469,2326.499727,False,False,True,False,False,0
-501.852495,252,2329.420156,False,False,True,False,False,0
-345.108474,453,2334.593523,False,False,True,False,False,0
-527.713765,298,2338.017936,False,False,True,False,False,0
-1244.442894,654,2345.522121,False,False,True,False,False,0
-614.514772,364,2349.72464,False,False,True,True,False,0
-325.699296,413,2354.435698,False,False,True,False,False,0
-459.883728,257,2357.368433,False,False,True,False,False,0
-1179.735076,468,2362.714003,False,False,True,False,False,0
-531.646817,271,2365.817942,False,False,True,False,False,0
-334.82867,449,2370.819665,False,False,True,True,False,0
-835.347121,568,2377.442624,False,False,True,False,False,0
-1236.797153,627,2384.805676,False,False,True,False,False,0
-329.311394,383,2389.121447,False,False,True,True,False,0
-858.396452,681,2423.90973,False,False,True,False,False,0
-773.456205,563,2430.502277,False,False,True,True,False,0
-1058.852368,598,2437.296915,False,False,True,False,False,0
-376.180611,210,2439.68987,False,False,True,False,False,0
-537.806789,428,2444.622253,False,False,True,False,False,0
-1053.140633,644,2452.03331,False,False,True,True,False,0
-570.339029,253,2454.939923,False,False,True,False,False,0
-1224.902598,456,2460.107531,False,False,True,False,False,0
-961.61259,470,2465.537351,False,False,True,False,False,0
-365.57516,256,2468.514582,False,False,True,False,False,0
-782.609069,839,2478.185941,False,False,True,False,False,0
-437.895176,796,2487.185554,False,False,True,True,False,0
-114.445925,501,2493.045431,False,False,True,True,False,0
-543.166895,310,2496.6826,False,False,True,False,False,0
-594.009459,387,2501.106346,False,False,True,False,False,0
-455.405942,286,2504.377083,False,False,True,False,False,0
-377.568754,472,2509.684947,False,False,True,False,False,0
-682.23921,670,2517.253271,False,False,True,False,False,0
-586.216472,449,2522.463351,False,False,True,True,False,0
-425.663317,219,2525.002423,False,False,True,False,False,0
-1188.401951,677,2532.821614,False,False,True,False,False,0
-1212.280831,762,2541.544562,False,False,True,False,False,0
-801.038254,472,2546.979119,False,False,True,False,False,0
-335.492316,236,2549.679679,False,False,True,False,False,0
-574.140315,411,2554.388058,False,False,True,True,False,0
-1413.099435,758,2563.001024,False,False,True,False,False,0
-321.888738,365,2567.169643,False,False,True,False,False,0
-2048.83889,914,2577.579558,False,False,True,False,False,0
-325.964181,517,2583.62678,False,False,True,False,False,0
-1481.442951,917,2594.173334,False,False,True,False,False,0
-246.093104,364,2598.270302,False,False,True,True,False,0
-1826.662465,986,2609.424472,False,False,True,False,False,0
-2286.592268,1249,2623.902739,False,False,True,False,False,0
-822.620989,1034,2635.782563,False,False,True,False,False,0
-1184.528326,633,2643.067026,False,False,True,False,False,0
-432.138274,346,2646.981983,False,False,True,False,False,0
-412.838633,494,2652.524481,False,False,True,False,False,0
-1658.1131,513,2658.432271,False,False,True,False,False,0
-1385.249144,883,2668.529098,False,False,True,True,False,0
-495.570436,405,2673.134924,False,False,True,False,False,0
-612.030938,470,2678.529921,False,False,True,False,False,0
-284.119199,313,2682.096323,False,False,True,False,False,0
-988.617083,869,2691.831024,False,False,True,False,False,0
-776.296177,439,2696.745357,False,False,True,False,False,0
-393.732341,287,2700.106639,False,False,True,False,False,0
-158.724431,291,2705.867626,False,False,True,False,False,0
-514.149748,311,2709.411871,False,False,True,False,False,0
-1620.231004,779,2718.650743,False,False,True,False,False,0
-630.354013,373,2722.959639,False,False,True,False,False,0
-1900.541271,690,2730.819478,False,False,True,False,False,0
-764.895652,499,2736.573568,False,False,True,False,False,0
-922.386038,844,2746.098093,False,False,True,False,False,0
-554.150102,403,2750.516516,False,False,True,True,False,0
-444.856153,298,2753.949456,False,False,True,False,False,0
-1119.416192,849,2763.723707,False,False,True,False,False,0
-1957.310123,1519,2782.7529,False,False,True,True,False,0
-482.86838,297,2786.208368,False,False,True,False,False,0
-1396.221594,1154,2800.29,False,False,True,False,False,0
-1162.351504,788,2809.633751,False,False,True,False,False,0
-477.73513,526,2815.548094,False,False,True,True,False,0
-1037.317551,506,2821.447434,False,False,True,False,False,0
-1046.459803,340,2825.307499,False,False,True,False,False,0
-699.718335,443,2830.210363,False,False,True,False,False,0
-922.546257,560,2836.714213,False,False,True,False,False,0
-722.762767,612,2843.794019,False,False,True,True,False,0
-1166.589121,747,2852.425722,False,False,True,False,False,0
-179.553216,622,2859.953417,False,False,True,True,False,0
-970.764779,648,2867.455394,False,False,True,False,False,0
-598.134704,645,2875.111189,False,False,True,False,False,0
-474.386321,376,2879.443712,False,False,True,False,False,0
-1214.334403,568,2886.098623,False,False,True,False,False,0
-768.509732,874,2896.178073,False,False,True,False,False,0
-758.73018,821,2905.886356,False,False,True,False,False,0
-477.364338,248,2908.777418,False,False,True,False,False,0
-502.546707,600,2915.570758,False,False,True,False,False,0
-578.723191,288,2918.872974,False,False,True,False,False,0
-869.094762,601,2925.923989,False,False,True,False,False,0
-568.891265,320,2929.649131,False,False,True,True,False,0
-703.066068,693,2937.486359,False,False,True,False,False,0
-769.044842,514,2943.425169,False,False,True,False,False,0
-561.505354,424,2948.306129,False,False,True,False,False,0
-422.40432,218,2950.769469,False,False,True,False,False,0
-557.411296,432,2955.67605,False,False,True,False,False,0
-379.325814,275,2958.84855,False,False,True,False,False,0
-754.469778,430,2963.637623,False,False,True,True,False,0
-361.861762,418,2968.448223,False,False,True,False,False,0
-493.696938,366,2972.511746,False,False,True,False,False,0
-1054.472273,339,2976.355165,False,False,True,False,False,0
-419.790929,468,2981.755926,False,False,True,False,False,0
-459.098715,264,2984.748565,False,False,True,False,False,0
-576.11225,519,2990.813504,False,False,True,False,False,0
-855.053303,316,2994.536272,False,False,True,False,False,0
