#{"t_start": 1786688949.8842344, "env_id": "None"}
r,l,t,completed,gate_reached,constraint_success,phase1_speed_failure,premature_entry_failure,terminal_constraint_failure,distance_failure,time_failure,mission_phase,phase1_curriculum_difficulty,phase1_curriculum_full_sample
-23.742574,382,5.653083,False,False,True,False,False,False,True,False,0,1.0,True
-22.357793,285,7.447985,False,False,True,True,False,False,False,False,0,1.0,True
-24.160012,421,9.696079,False,False,True,True,False,False,False,False,0,1.0,True
-24.77577,403,11.856577,False,False,True,True,False,False,False,False,0,1.0,True
-24.237446,303,13.455255,False,False,True,True,False,False,False,False,0,1.0,True
-25.999695,431,15.771124,False,False,True,True,False,False,False,False,0,1.0,True
-26.000498,488,18.35099,False,False,True,False,False,False,True,False,0,1.0,True
-24.677495,482,20.990208,False,False,True,False,False,False,True,False,0,1.0,True
-22.672304,316,22.725773,False,False,True,True,False,False,False,False,0,1.0,True
-27.234967,566,25.776179,False,False,True,False,False,False,True,False,0,1.0,True
-22.896531,352,27.659983,False,False,True,True,False,False,False,False,0,1.0,True
-24.929454,501,30.296162,False,False,True,True,False,False,False,False,0,1.0,True
-24.42882,371,34.635079,False,False,True,True,False,False,False,False,0,1.0,True
-22.000905,261,37.805096,False,False,True,True,False,False,False,False,0,1.0,True
-22.695507,290,41.341435,False,False,True,False,False,False,True,False,0,1.0,True
-25.136631,346,45.414218,False,False,True,True,False,False,False,False,0,1.0,True
-24.622478,313,49.029958,False,False,True,True,False,False,False,False,0,1.0,True
-22.499814,434,54.305348,False,False,True,True,False,False,False,False,0,1.0,True
-23.846766,323,58.216862,False,False,True,True,False,False,False,False,0,1.0,True
-31.799994,767,67.396407,False,False,True,False,False,False,True,False,0,1.0,True
-27.356545,488,73.166606,False,False,True,True,False,False,False,False,0,1.0,True
-23.01792,449,78.342459,False,False,True,True,False,False,False,False,0,1.0,True
-26.232299,533,84.523828,False,False,True,True,False,False,False,False,0,1.0,True
-27.273473,579,91.686824,False,False,True,True,False,False,False,False,0,1.0,True
-22.199053,202,94.095263,False,False,True,True,False,False,False,False,0,1.0,True
-20.164797,151,95.992233,False,False,True,True,False,False,False,False,0,1.0,True
-48.382072,1481,115.053046,False,False,True,False,True,False,False,False,0,1.0,True
-30.06845,721,124.913572,False,False,True,False,False,False,True,False,0,1.0,True
-22.222875,251,128.703391,False,False,True,True,False,False,False,False,0,1.0,True
-24.371421,383,134.349841,False,False,True,True,False,False,False,False,0,1.0,True
-21.399904,267,138.059503,False,False,True,True,False,False,False,False,0,1.0,True
-25.27834,352,142.373286,False,False,True,True,False,False,False,False,0,1.0,True
-21.073345,318,146.316273,False,False,True,True,False,False,False,False,0,1.0,True
-23.263085,389,150.947875,False,False,True,True,False,False,False,False,0,1.0,True
-24.222946,278,154.362749,False,False,True,True,False,False,False,False,0,1.0,True
-24.847161,481,160.221805,False,False,True,False,False,False,True,False,0,1.0,True
-22.382503,325,164.105077,False,False,True,True,False,False,False,False,0,1.0,True
-22.426945,290,167.689351,False,False,True,True,False,False,False,False,0,1.0,True
-22.659231,277,170.968172,False,False,True,True,False,False,False,False,0,1.0,True
-27.904068,666,179.330702,False,False,True,True,False,False,False,False,0,1.0,True
-22.273334,273,182.610337,False,False,True,True,False,False,False,False,0,1.0,True
-22.221151,259,185.772536,False,False,True,True,False,False,False,False,0,1.0,True
-23.882055,432,190.867133,False,False,True,False,False,False,True,False,0,1.0,True
-23.374598,345,194.981119,False,False,True,True,False,False,False,False,0,1.0,True
-22.752271,237,197.839273,False,False,True,True,False,False,False,False,0,1.0,True
-22.979276,230,200.614233,False,False,True,True,False,False,False,False,0,1.0,True
-22.081292,241,203.494112,False,False,True,True,False,False,False,False,0,1.0,True
-24.014619,342,207.512482,False,False,True,False,False,False,True,False,0,1.0,True
-21.963473,256,210.533157,False,False,True,True,False,False,False,False,0,1.0,True
-31.467501,651,218.369424,False,False,True,False,False,False,True,False,0,1.0,True
-26.81719,448,223.694757,False,False,True,True,False,False,False,False,0,1.0,True
-26.728434,468,229.069475,False,False,True,True,False,False,False,False,0,1.0,True
-22.860939,352,233.280307,False,False,True,True,False,False,False,False,0,1.0,True
-25.625392,351,237.450522,False,False,True,True,False,False,False,False,0,1.0,True
-26.682109,526,243.804122,False,False,True,True,False,False,False,False,0,1.0,True
-28.157265,514,249.91874,False,False,True,False,False,False,True,False,0,1.0,True
-30.413413,680,258.189595,False,False,True,True,False,False,False,False,0,1.0,True
-28.981866,545,265.056587,False,False,True,True,False,False,False,False,0,1.0,True
-24.626783,381,269.636876,False,False,True,False,False,False,True,False,0,1.0,True
-23.821059,361,274.269911,False,False,True,False,False,False,True,False,0,1.0,True
-24.33179,343,281.69881,False,False,True,True,False,False,False,False,0,1.0,True
-26.343945,406,286.825432,False,False,True,False,False,False,True,False,0,1.0,True
-22.727774,314,291.031527,False,False,True,False,False,False,True,False,0,1.0,True
-23.157132,268,294.485415,False,False,True,True,False,False,False,False,0,1.0,True
-25.069209,415,299.561383,False,False,True,False,False,False,True,False,0,1.0,True
-25.548827,681,307.994545,False,False,True,True,False,False,False,False,0,1.0,True
-30.175961,630,315.887247,False,False,True,True,False,False,False,False,0,1.0,True
-33.124907,675,324.580796,False,False,True,False,False,False,True,False,0,1.0,True
-24.39898,399,329.56483,False,False,True,True,False,False,False,False,0,1.0,True
-21.902288,283,333.08113,False,False,True,True,False,False,False,False,0,1.0,True
-27.124286,550,339.951238,False,False,True,True,False,False,False,False,0,1.0,True
-25.511779,501,346.365798,False,False,True,True,False,False,False,False,0,1.0,True
-21.207645,238,349.672987,False,False,True,True,False,False,False,False,0,1.0,True
-23.759129,303,353.747847,False,False,True,False,False,False,True,False,0,1.0,True
-25.173702,278,357.155038,False,False,True,True,False,False,False,False,0,1.0,True
-22.078005,236,360.321182,False,False,True,True,False,False,False,False,0,1.0,True
-21.826897,180,362.558481,False,False,True,True,False,False,False,False,0,1.0,True
-21.981954,250,365.699367,False,False,True,True,False,False,False,False,0,1.0,True
-23.766383,263,369.224319,False,False,True,False,False,False,True,False,0,1.0,True
-28.060293,552,376.104227,False,False,True,True,False,False,False,False,0,1.0,True
-21.493218,171,378.14381,False,False,True,True,False,False,False,False,0,1.0,True
-23.448606,236,381.068822,False,False,True,True,False,False,False,False,0,1.0,True
-25.631973,630,390.29603,False,False,True,False,False,False,True,False,0,1.0,True
-25.662521,517,397.412711,False,False,True,True,False,False,False,False,0,1.0,True
-30.67433,777,408.098639,False,False,True,True,False,False,False,False,0,1.0,True
-23.758729,305,412.27456,False,False,True,True,False,False,False,False,0,1.0,True
-32.63019,791,422.454423,False,False,True,False,False,False,True,False,0,1.0,True
-21.591782,199,424.954309,False,False,True,True,False,False,False,False,0,1.0,True
-24.03569,342,429.005454,False,False,True,False,False,False,True,False,0,1.0,True
-25.137107,342,432.888891,False,False,True,True,False,False,False,False,0,1.0,True
-22.434924,289,436.327096,False,False,True,True,False,False,False,False,0,1.0,True
-24.401956,432,441.541305,False,False,True,True,False,False,False,False,0,1.0,True
-29.178087,974,452.79119,False,False,True,False,False,False,True,False,0,1.0,True
-27.619012,599,459.667511,False,False,True,False,False,False,True,False,0,1.0,True
-25.254058,382,463.995005,False,False,True,False,False,False,True,False,0,1.0,True
-23.985068,590,471.163016,False,False,True,True,False,False,False,False,0,1.0,True
-31.263009,626,478.914313,False,False,True,False,False,False,True,False,0,1.0,True
-30.538428,603,485.706573,False,False,True,False,False,False,True,False,0,1.0,True
-22.686489,397,490.378856,False,False,True,True,False,False,False,False,0,1.0,True
-31.489757,1025,502.168997,False,False,True,False,False,False,True,False,0,1.0,True
-23.467915,277,505.395199,False,False,True,True,False,False,False,False,0,1.0,True
-24.688436,367,509.699832,False,False,True,True,False,False,False,False,0,1.0,True
-32.839152,618,516.985146,False,False,True,True,False,False,False,False,0,1.0,True
-24.258223,388,521.506626,False,False,True,True,False,False,False,False,0,1.0,True
-29.639265,534,527.75468,False,False,True,True,False,False,False,False,0,1.0,True
-28.105876,522,533.97961,False,False,True,True,False,False,False,False,0,1.0,True
-29.786836,686,541.800049,False,False,True,True,False,False,False,False,0,1.0,True
-25.129347,359,545.995819,False,False,True,True,False,False,False,False,0,1.0,True
-25.75058,513,551.853333,False,False,True,False,False,False,True,False,0,1.0,True
-26.607829,437,556.962328,False,False,True,True,False,False,False,False,0,1.0,True
-23.416614,279,560.200915,False,False,True,True,False,False,False,False,0,1.0,True
-24.313311,340,564.187752,False,False,True,True,False,False,False,False,0,1.0,True
-23.302835,494,569.804742,False,False,True,True,False,False,False,False,0,1.0,True
-36.835589,990,581.261581,False,False,True,True,False,False,False,False,0,1.0,True
-34.060781,798,627.346971,False,False,True,True,False,False,False,False,0,1.0,True
-26.221756,361,631.507257,False,False,True,True,False,False,False,False,0,1.0,True
-29.612668,471,637.210064,False,False,True,True,False,False,False,False,0,1.0,True
-22.487351,249,640.062248,False,False,True,True,False,False,False,False,0,1.0,True
-24.085002,382,644.425689,False,False,True,False,False,False,True,False,0,1.0,True
-22.365141,259,647.440059,False,False,True,True,False,False,False,False,0,1.0,True
-24.166382,369,651.699065,False,False,True,True,False,False,False,False,0,1.0,True
-26.266262,563,658.380598,False,False,True,True,False,False,False,False,0,1.0,True
-28.887414,620,665.605667,False,False,True,False,False,False,True,False,0,1.0,True
-23.423042,314,669.241086,False,False,True,True,False,False,False,False,0,1.0,True
-22.737833,263,672.325084,False,False,True,True,False,False,False,False,0,1.0,True
-26.665842,709,680.560563,False,False,True,False,False,False,True,False,0,1.0,True
-23.796636,558,687.093154,False,False,True,False,False,False,True,False,0,1.0,True
-26.942545,539,693.549943,False,False,True,True,False,False,False,False,0,1.0,True
-22.618209,245,696.493478,False,False,True,True,False,False,False,False,0,1.0,True
-22.387384,255,699.280635,False,False,True,True,False,False,False,False,0,1.0,True
-21.973377,221,701.792143,False,False,True,True,False,False,False,False,0,1.0,True
-21.458142,198,704.162088,False,False,True,True,False,False,False,False,0,1.0,True
-25.645939,437,709.193027,False,False,True,True,False,False,False,False,0,1.0,True
-20.999154,261,712.197437,False,False,True,True,False,False,False,False,0,1.0,True
-26.511478,519,718.161695,False,False,True,False,True,False,False,False,0,1.0,True
-23.143804,428,723.335603,False,False,True,False,True,False,False,False,0,1.0,True
-22.793386,345,728.286874,False,False,True,False,False,False,True,False,0,1.0,True
-20.679503,274,731.485569,False,False,True,True,False,False,False,False,0,1.0,True
-23.914228,444,736.782546,False,False,True,True,False,False,False,False,0,1.0,True
-27.176327,501,742.649186,False,False,True,False,False,False,True,False,0,1.0,True
-26.809356,435,747.669863,False,False,True,True,False,False,False,False,0,1.0,True
-20.670549,147,749.253046,False,False,True,True,False,False,False,False,0,1.0,True
-27.343194,630,756.900085,False,False,True,True,False,False,False,False,0,1.0,True
-26.619339,571,763.558734,False,False,True,True,False,False,False,False,0,1.0,True
-20.449839,154,765.322968,False,False,True,True,False,False,False,False,0,1.0,True
-30.846876,531,771.570757,False,False,True,True,False,False,False,False,0,1.0,True
-24.062661,400,776.362139,False,False,True,False,False,False,True,False,0,1.0,True
-24.115632,299,780.813054,False,False,True,True,False,False,False,False,0,1.0,True
-25.73364,365,785.324841,False,False,True,True,False,False,False,False,0,1.0,True
-23.602595,315,789.454733,False,False,True,True,False,False,False,False,0,1.0,True
-20.191575,301,792.937701,False,False,True,True,False,False,False,False,0,1.0,True
-30.587092,629,800.741834,False,False,True,False,False,False,True,False,0,1.0,True
-24.541116,391,805.874386,False,False,True,True,False,False,False,False,0,1.0,True
-23.725796,418,810.897785,False,False,True,False,False,False,True,False,0,1.0,True
-29.761284,543,817.442546,False,False,True,True,False,False,False,False,0,1.0,True
-22.637869,257,820.488642,False,False,True,True,False,False,False,False,0,1.0,True
-21.759725,218,823.061326,False,False,True,True,False,False,False,False,0,1.0,True
-23.320188,350,827.116869,False,False,True,True,False,False,False,False,0,1.0,True
-25.500722,318,830.885842,False,False,True,True,False,False,False,False,0,1.0,True
-27.766053,519,836.841921,False,False,True,False,False,False,True,False,0,1.0,True
-20.029874,234,839.519165,False,False,True,True,False,False,False,False,0,1.0,True
-27.790459,407,844.277411,False,False,True,True,False,False,False,False,0,1.0,True
-22.822849,270,847.355066,False,False,True,True,False,False,False,False,0,1.0,True
-20.018799,266,850.522053,False,False,True,True,False,False,False,False,0,1.0,True
-21.17052,361,854.735087,False,False,True,True,False,False,False,False,0,1.0,True
-26.586906,401,859.456838,False,False,True,False,False,False,True,False,0,1.0,True
-25.231467,309,863.271297,False,False,True,True,False,False,False,False,0,1.0,True
-20.15995,248,866.218608,False,False,True,True,False,False,False,False,0,1.0,True
-20.521172,176,868.289981,False,False,True,True,False,False,False,False,0,1.0,True
-20.375162,159,870.248395,False,False,True,True,False,False,False,False,0,1.0,True
-18.224453,158,872.190749,False,False,True,True,False,False,False,False,0,1.0,True
-25.88449,331,875.940887,False,False,True,False,False,False,True,False,0,1.0,True
-21.796894,258,878.943161,False,False,True,True,False,False,False,False,0,1.0,True
-21.350567,253,881.745286,False,False,True,True,False,False,False,False,0,1.0,True
-29.835561,561,888.469877,False,False,True,True,False,False,False,False,0,1.0,True
-25.985406,667,896.388883,False,False,True,True,False,False,False,False,0,1.0,True
-23.86861,552,902.721417,False,False,True,False,False,False,True,False,0,1.0,True
-23.958965,394,907.234233,False,False,True,True,False,False,False,False,0,1.0,True
-23.842169,337,911.184126,False,False,True,True,False,False,False,False,0,1.0,True
-26.973603,486,917.126202,False,False,True,True,False,False,False,False,0,1.0,True
-22.623754,243,922.817812,False,False,True,True,False,False,False,False,0,1.0,True
-24.015916,338,926.738933,False,False,True,True,False,False,False,False,0,1.0,True
-25.978881,370,931.105298,False,False,True,True,False,False,False,False,0,1.0,True
-23.165839,307,934.773772,False,False,True,False,False,False,True,False,0,1.0,True
-24.590984,325,938.601483,False,False,True,False,False,False,True,False,0,1.0,True
-20.230383,169,940.487867,False,False,True,True,False,False,False,False,0,1.0,True
-22.975011,284,943.920718,False,False,True,True,False,False,False,False,0,1.0,True
-22.054874,219,946.289086,False,False,True,True,False,False,False,False,0,1.0,True
-28.853178,617,953.368292,False,False,True,True,False,False,False,False,0,1.0,True
-35.474735,703,961.495979,False,False,True,True,False,False,False,False,0,1.0,True
-24.994343,366,965.884729,False,False,True,False,False,False,True,False,0,1.0,True
-20.112021,158,967.712898,False,False,True,True,False,False,False,False,0,1.0,True
-29.160691,518,973.87829,False,False,True,True,False,False,False,False,0,1.0,True
-30.968671,532,980.094189,False,False,True,False,False,False,True,False,0,1.0,True
-21.410329,315,983.765552,False,False,True,False,False,False,True,False,0,1.0,True
-25.628733,437,988.855869,False,False,True,False,False,False,True,False,0,1.0,True
-22.545092,223,991.806206,False,False,True,True,False,False,False,False,0,1.0,True
-25.379581,347,995.896872,False,False,True,False,False,False,True,False,0,1.0,True
-23.324229,286,999.209817,False,False,True,True,False,False,False,False,0,1.0,True
-23.978862,351,1003.207198,False,False,True,True,False,False,False,False,0,1.0,True
-22.984927,265,1006.397788,False,False,True,True,False,False,False,False,0,1.0,True
-31.544301,595,1013.389989,False,False,True,True,False,False,False,False,0,1.0,True
-23.523516,282,1016.630828,False,False,True,False,False,False,True,False,0,1.0,True
-29.888065,529,1022.717146,False,False,True,False,False,False,True,False,0,1.0,True
-24.353633,292,1026.14385,False,False,True,True,False,False,False,False,0,1.0,True
-20.339674,237,1028.910238,False,False,True,False,True,False,False,False,0,1.0,True
-21.153991,193,1031.203658,False,False,True,True,False,False,False,False,0,1.0,True
-19.804467,200,1033.526219,False,False,True,True,False,False,False,False,0,1.0,True
-27.762414,384,1037.830614,False,False,True,False,False,False,True,False,0,1.0,True
-22.75952,338,1041.775049,False,False,True,True,False,False,False,False,0,1.0,True
-21.752677,225,1044.326496,False,False,True,True,False,False,False,False,0,1.0,True
-24.497658,324,1048.109863,False,False,True,False,False,False,True,False,0,1.0,True
-22.104143,222,1050.649818,False,False,True,True,False,False,False,False,0,1.0,True
-23.954104,269,1053.757119,False,False,True,True,False,False,False,False,0,1.0,True
-22.44089,359,1057.877172,False,False,True,True,False,False,False,False,0,1.0,True
-25.738972,408,1062.504646,False,False,True,False,False,False,True,False,0,1.0,True
-21.898897,187,1064.617453,False,False,True,True,False,False,False,False,0,1.0,True
-26.09744,312,1068.226651,False,False,True,True,False,False,False,False,0,1.0,True
-22.640094,259,1071.279177,False,False,True,True,False,False,False,False,0,1.0,True
-25.675293,435,1076.335074,False,False,True,False,False,False,True,False,0,1.0,True
-23.273961,367,1080.579684,False,False,True,True,False,False,False,False,0,1.0,True
-25.053668,327,1084.334255,False,False,True,False,False,False,True,False,0,1.0,True
-22.090323,231,1087.157275,False,False,True,True,False,False,False,False,0,1.0,True
-34.209432,1007,1099.863299,False,False,True,False,False,False,True,False,0,1.0,True
-26.772885,568,1106.521299,False,False,True,True,False,False,False,False,0,1.0,True
-33.146686,1043,1118.899456,False,False,True,False,False,False,True,False,0,1.0,True
-21.381381,233,1121.542491,False,False,True,True,False,False,False,False,0,1.0,True
-22.848225,250,1124.472428,False,False,True,False,False,False,True,False,0,1.0,True
-23.335289,322,1128.712134,False,False,True,True,False,False,False,False,0,1.0,True
-25.619648,439,1134.478331,False,False,True,True,False,False,False,False,0,1.0,True
-21.700019,187,1136.763536,False,False,True,True,False,False,False,False,0,1.0,True
-20.223494,116,1138.170961,False,False,True,True,False,False,False,False,0,1.0,True
-23.124702,256,1141.226122,False,False,True,True,False,False,False,False,0,1.0,True
-24.71173,234,1143.998314,False,False,True,False,True,False,False,False,0,1.0,True
-26.046882,1050,1156.357912,False,False,True,True,False,False,False,False,0,1.0,True
-23.891629,252,1159.386898,False,False,True,False,False,False,True,False,0,1.0,True
-25.872986,471,1164.740084,False,False,True,True,False,False,False,False,0,1.0,True
-33.219375,911,1176.115015,False,False,True,True,False,False,False,False,0,1.0,True
-22.244338,283,1179.481262,False,False,True,True,False,False,False,False,0,1.0,True
-21.882369,180,1182.155461,False,False,True,True,False,False,False,False,0,1.0,True
-26.226235,414,1187.081712,False,False,True,True,False,False,False,False,0,1.0,True
-24.597744,301,1190.741955,False,False,True,True,False,False,False,False,0,1.0,True
-21.226654,192,1193.077326,False,False,True,True,False,False,False,False,0,1.0,True
-25.213573,304,1196.849965,False,False,True,True,False,False,False,False,0,1.0,True
-27.578139,701,1205.04402,False,False,True,True,False,False,False,False,0,1.0,True
-22.661926,208,1207.516126,False,False,True,True,False,False,False,False,0,1.0,True
-22.681579,197,1209.791948,False,False,True,True,False,False,False,False,0,1.0,True
-29.697284,506,1215.643642,False,False,True,True,False,False,False,False,0,1.0,True
-21.001323,186,1217.845128,False,False,True,True,False,False,False,False,0,1.0,True
-26.318089,443,1247.52923,False,False,True,False,False,False,True,False,0,1.0,True
-22.166407,242,1250.595815,False,False,True,False,False,False,True,False,0,1.0,True
-24.84076,506,1256.488502,False,False,True,False,False,False,True,False,0,1.0,True
-22.490506,260,1259.491679,False,False,True,True,False,False,False,False,0,1.0,True
-25.332353,325,1263.266403,False,False,True,True,False,False,False,False,0,1.0,True
-25.371551,325,1267.010077,False,False,True,False,False,False,True,False,0,1.0,True
-23.490045,271,1270.08516,False,False,True,False,False,False,True,False,0,1.0,True
-32.343539,698,1278.190046,False,False,True,True,False,False,False,False,0,1.0,True
-24.148389,271,1281.374327,False,False,True,True,False,False,False,False,0,1.0,True
-22.832046,271,1284.556197,False,False,True,True,False,False,False,False,0,1.0,True
-22.391224,215,1287.035373,False,False,True,True,False,False,False,False,0,1.0,True
-19.10584,92,1288.113677,False,False,True,True,False,False,False,False,0,1.0,True
-25.158026,393,1292.951079,False,False,True,True,False,False,False,False,0,1.0,True
-31.334066,514,1298.801072,False,False,True,True,False,False,False,False,0,1.0,True
-23.777494,314,1302.305742,False,False,True,True,False,False,False,False,0,1.0,True
-32.678907,680,1310.106854,False,False,True,True,False,False,False,False,0,1.0,True
-20.678031,188,1312.155948,False,False,True,True,False,False,False,False,0,1.0,True
-23.410902,595,1319.332726,False,False,True,False,False,False,True,False,0,1.0,True
-26.459982,378,1323.755849,False,False,True,False,False,False,True,False,0,1.0,True
-19.615143,177,1325.82077,False,False,True,True,False,False,False,False,0,1.0,True
-23.160955,283,1329.05473,False,False,True,True,False,False,False,False,0,1.0,True
-21.603473,214,1331.390095,False,False,True,True,False,False,False,False,0,1.0,True
-33.896669,812,1340.811385,False,False,True,True,False,False,False,False,0,1.0,True
-25.378993,332,1344.701068,False,False,True,True,False,False,False,False,0,1.0,True
-22.074915,283,1347.837639,False,False,True,True,False,False,False,False,0,1.0,True
-27.785393,438,1352.94897,False,False,True,False,False,False,True,False,0,1.0,True
-24.090891,326,1356.650951,False,False,True,False,False,False,True,False,0,1.0,True
-21.554687,354,1360.757755,False,False,True,False,True,False,False,False,0,1.0,True
-27.760559,402,1365.35186,False,False,True,True,False,False,False,False,0,1.0,True
-21.770369,189,1367.390912,False,False,True,True,False,False,False,False,0,1.0,True
-24.021035,396,1371.988847,False,False,True,True,False,False,False,False,0,1.0,True
-21.427181,210,1374.442185,False,False,True,True,False,False,False,False,0,1.0,True
-23.807943,303,1377.911648,False,False,True,True,False,False,False,False,0,1.0,True
-27.128316,384,1382.708349,False,False,True,True,False,False,False,False,0,1.0,True
-22.096514,261,1385.672164,False,False,True,False,False,False,True,False,0,1.0,True
-28.435362,468,1391.054389,False,False,True,True,False,False,False,False,0,1.0,True
-19.630546,151,1392.753899,False,False,True,True,False,False,False,False,0,1.0,True
-25.098597,390,1397.170113,False,False,True,True,False,False,False,False,0,1.0,True
-20.808911,171,1399.180014,False,False,True,True,False,False,False,False,0,1.0,True
-23.779841,390,1403.553701,False,False,True,True,False,False,False,False,0,1.0,True
-30.295664,511,1409.882439,False,False,True,False,False,False,True,False,0,1.0,True
-22.894694,363,1413.916429,False,False,True,True,False,False,False,False,0,1.0,True
-26.925242,474,1419.400678,False,False,True,True,False,False,False,False,0,1.0,True
-23.183289,313,1423.081106,False,False,True,True,False,False,False,False,0,1.0,True
-33.453166,652,1430.421599,False,False,True,True,False,False,False,False,0,1.0,True
-20.740898,177,1432.490915,False,False,True,True,False,False,False,False,0,1.0,True
-27.647971,445,1437.641232,False,False,True,True,False,False,False,False,0,1.0,True
-21.013974,186,1439.789147,False,False,True,True,False,False,False,False,0,1.0,True
-22.307601,266,1442.797849,False,False,True,True,False,False,False,False,0,1.0,True
-24.377694,297,1446.099204,False,False,True,True,False,False,False,False,0,1.0,True
-25.591746,481,1451.596491,False,False,True,True,False,False,False,False,0,1.0,True
-31.924693,755,1460.121675,False,False,True,False,False,False,True,False,0,1.0,True
-20.992688,196,1462.433275,False,False,True,True,False,False,False,False,0,1.0,True
-24.177261,300,1465.89646,False,False,True,True,False,False,False,False,0,1.0,True
-21.33783,194,1468.244652,False,False,True,True,False,False,False,False,0,1.0,True
-28.894982,586,1474.835654,False,False,True,True,False,False,False,False,0,1.0,True
-20.587622,268,1477.929595,False,False,True,True,False,False,False,False,0,1.0,True
-22.310527,266,1480.876639,False,False,True,True,False,False,False,False,0,1.0,True
-25.034173,325,1484.65161,False,False,True,True,False,False,False,False,0,1.0,True
-23.317523,246,1487.436893,False,False,True,True,False,False,False,False,0,1.0,True
-22.997671,291,1490.932263,False,False,True,True,False,False,False,False,0,1.0,True
-30.831364,606,1497.898757,False,False,True,False,False,False,True,False,0,1.0,True
-20.788257,209,1500.208716,False,False,True,True,False,False,False,False,0,1.0,True
-21.86853,204,1502.537777,False,False,True,True,False,False,False,False,0,1.0,True
-21.320229,297,1505.893781,False,False,True,True,False,False,False,False,0,1.0,True
-30.335262,636,1513.213464,False,False,True,False,False,False,True,False,0,1.0,True
-22.477608,282,1516.516523,False,False,True,True,False,False,False,False,0,1.0,True
-23.709101,418,1521.61801,False,False,True,False,False,False,True,False,0,1.0,True
-24.458256,345,1525.693399,False,False,True,False,False,False,True,False,0,1.0,True
-27.665558,477,1531.358036,False,False,True,False,False,False,True,False,0,1.0,True
-21.043066,193,1537.142898,False,False,True,True,False,False,False,False,0,1.0,True
-24.640577,451,1542.922586,False,False,True,False,False,False,True,False,0,1.0,True
-21.305091,198,1545.268611,False,False,True,True,False,False,False,False,0,1.0,True
-20.568724,185,1547.293371,False,False,True,True,False,False,False,False,0,1.0,True
-24.667468,289,1550.705562,False,False,True,True,False,False,False,False,0,1.0,True
-22.776443,203,1553.043089,False,False,True,True,False,False,False,False,0,1.0,True
-29.020256,808,1562.383806,False,False,True,False,False,False,True,False,0,1.0,True
-25.521819,336,1566.281555,False,False,True,True,False,False,False,False,0,1.0,True
-21.157897,172,1568.096191,False,False,True,True,False,False,False,False,0,1.0,True
-26.566333,411,1572.801138,False,False,True,True,False,False,False,False,0,1.0,True
-23.917354,454,1578.122572,False,False,True,True,False,False,False,False,0,1.0,True
-21.048502,160,1579.968734,False,False,True,True,False,False,False,False,0,1.0,True
-19.613859,159,1581.731143,False,False,True,True,False,False,False,False,0,1.0,True
-20.062249,164,1583.91778,False,False,True,True,False,False,False,False,0,1.0,True
-22.24504,220,1586.553336,False,False,True,True,False,False,False,False,0,1.0,True
-20.711611,184,1588.696843,False,False,True,True,False,False,False,False,0,1.0,True
-20.174161,146,1590.713496,False,False,True,True,False,False,False,False,0,1.0,True
-22.426166,253,1593.796752,False,False,True,True,False,False,False,False,0,1.0,True
-23.676334,276,1597.057634,False,False,True,False,False,False,True,False,0,1.0,True
-33.283836,735,1605.508754,False,False,True,True,False,False,False,False,0,1.0,True
-22.858556,239,1608.284533,False,False,True,True,False,False,False,False,0,1.0,True
-23.546123,242,1610.995947,False,False,True,True,False,False,False,False,0,1.0,True
-22.019361,221,1613.608036,False,False,True,True,False,False,False,False,0,1.0,True
-22.170247,321,1617.314128,False,False,True,True,False,False,False,False,0,1.0,True
-23.495238,296,1620.605416,False,False,True,True,False,False,False,False,0,1.0,True
-27.586858,528,1627.147628,False,False,True,False,False,False,True,False,0,1.0,True
-21.883314,291,1630.643172,False,False,True,True,False,False,False,False,0,1.0,True
-25.556864,391,1635.04797,False,False,True,True,False,False,False,False,0,1.0,True
-22.434645,225,1637.726562,False,False,True,True,False,False,False,False,0,1.0,True
-25.879222,341,1641.81109,False,False,True,False,False,False,True,False,0,1.0,True
-31.04066,727,1650.51392,False,False,True,True,False,False,False,False,0,1.0,True
-30.232167,535,1656.658878,False,False,True,True,False,False,False,False,0,1.0,True
-22.165735,204,1659.004973,False,False,True,True,False,False,False,False,0,1.0,True
-25.517216,329,1662.801504,False,False,True,False,False,False,True,False,0,1.0,True
-23.707885,270,1665.925311,False,False,True,True,False,False,False,False,0,1.0,True
-22.99524,230,1668.526112,False,False,True,True,False,False,False,False,0,1.0,True
-22.929471,300,1671.998514,False,False,True,False,False,False,True,False,0,1.0,True
-34.793942,791,1681.172893,False,False,True,False,False,False,True,False,0,1.0,True
-35.014178,695,1689.319124,False,False,True,False,False,False,True,False,0,1.0,True
-27.833185,598,1696.268544,False,False,True,False,False,False,True,False,0,1.0,True
-25.395187,326,1700.070402,False,False,True,True,False,False,False,False,0,1.0,True
-23.197401,300,1703.617703,False,False,True,False,False,False,True,False,0,1.0,True
-24.103469,350,1707.66067,False,False,True,False,False,False,True,False,0,1.0,True
-25.968996,541,1714.010357,False,False,True,True,False,False,False,False,0,1.0,True
-25.527758,302,1717.514107,False,False,True,True,False,False,False,False,0,1.0,True
-24.092938,269,1720.67378,False,False,True,True,False,False,False,False,0,1.0,True
-24.823683,393,1725.184404,False,False,True,False,True,False,False,False,0,1.0,True
-22.433803,280,1728.46169,False,False,True,False,False,False,True,False,0,1.0,True
-25.898181,365,1732.657044,False,False,True,False,False,False,True,False,0,1.0,True
-22.135036,260,1735.633743,False,False,True,True,False,False,False,False,0,1.0,True
-29.634635,523,1741.566665,False,False,True,True,False,False,False,False,0,1.0,True
-25.127317,366,1745.68663,False,False,True,True,False,False,False,False,0,1.0,True
-24.278934,350,1749.866979,False,False,True,True,False,False,False,False,0,1.0,True
-21.797078,221,1752.488918,False,False,True,True,False,False,False,False,0,1.0,True
-26.847658,425,1757.538282,False,False,True,False,False,False,True,False,0,1.0,True
-23.766304,270,1760.623729,False,False,True,True,False,False,False,False,0,1.0,True
-22.644715,229,1763.270773,False,False,True,True,False,False,False,False,0,1.0,True
-27.489559,449,1768.548261,False,False,True,True,False,False,False,False,0,1.0,True
-24.679731,258,1771.555897,False,False,True,True,False,False,False,False,0,1.0,True
-25.627123,394,1776.080858,False,False,True,False,False,False,True,False,0,1.0,True
-21.435698,179,1778.197703,False,False,True,True,False,False,False,False,0,1.0,True
-24.165929,320,1781.917267,False,False,True,True,False,False,False,False,0,1.0,True
-21.316573,262,1784.788493,False,False,True,True,False,False,False,False,0,1.0,True
-24.464059,335,1788.762938,False,False,True,False,False,False,True,False,0,1.0,True
-26.340936,496,1794.589988,False,False,True,False,False,False,True,False,0,1.0,True
-22.587431,222,1797.196704,False,False,True,True,False,False,False,False,0,1.0,True
-23.97986,307,1800.811592,False,False,True,True,False,False,False,False,0,1.0,True
-24.076909,338,1804.585959,False,False,True,True,False,False,False,False,0,1.0,True
-22.330096,208,1807.043671,False,False,True,True,False,False,False,False,0,1.0,True
-26.145923,606,1814.1471,False,False,True,True,False,False,False,False,0,1.0,True
-21.072544,244,1816.986134,False,False,True,True,False,False,False,False,0,1.0,True
-26.103208,349,1820.887741,False,False,True,False,False,False,True,False,0,1.0,True
-21.12433,177,1822.99171,False,False,True,True,False,False,False,False,0,1.0,True
-22.243648,198,1825.325093,False,False,True,True,False,False,False,False,0,1.0,True
-24.908423,321,1854.793234,False,False,True,True,False,False,False,False,0,1.0,True
-28.524969,528,1860.885874,False,False,True,True,False,False,False,False,0,1.0,True
-21.053524,174,1862.941173,False,False,True,True,False,False,False,False,0,1.0,True
-22.358654,401,1867.447527,False,False,True,True,False,False,False,False,0,1.0,True
-22.254006,303,1870.983082,False,False,True,True,False,False,False,False,0,1.0,True
-22.727702,291,1874.259324,False,False,True,True,False,False,False,False,0,1.0,True
-23.839664,290,1877.666989,False,False,True,False,False,False,True,False,0,1.0,True
-23.725015,319,1881.443506,False,False,True,True,False,False,False,False,0,1.0,True
-21.613186,196,1883.609706,False,False,True,True,False,False,False,False,0,1.0,True
-22.750801,366,1887.929951,False,False,True,True,False,False,False,False,0,1.0,True
-23.679731,268,1891.211273,False,False,True,True,False,False,False,False,0,1.0,True
-22.012934,163,1893.135025,False,False,True,True,False,False,False,False,0,1.0,True
-23.342613,254,1895.959743,False,False,True,True,False,False,False,False,0,1.0,True
-26.070455,346,1900.005492,False,False,True,False,False,False,True,False,0,1.0,True
-21.043388,200,1902.305757,False,False,True,True,False,False,False,False,0,1.0,True
-27.727111,496,1908.008016,False,False,True,True,False,False,False,False,0,1.0,True
-25.654166,447,1913.231421,False,False,True,True,False,False,False,False,0,1.0,True
-26.824305,429,1918.291871,False,False,True,True,False,False,False,False,0,1.0,True
-24.494248,513,1924.301368,False,False,True,True,False,False,False,False,0,1.0,True
-20.547623,161,1926.231437,False,False,True,True,False,False,False,False,0,1.0,True
-25.874351,335,1930.163338,False,False,True,True,False,False,False,False,0,1.0,True
-20.124563,173,1932.177749,False,False,True,True,False,False,False,False,0,1.0,True
-28.427304,525,1938.357074,False,False,True,True,False,False,False,False,0,1.0,True
-23.903261,395,1942.875391,False,False,True,True,False,False,False,False,0,1.0,True
-21.065843,300,1946.376131,False,False,True,True,False,False,False,False,0,1.0,True
-24.949754,307,1949.830048,False,False,True,True,False,False,False,False,0,1.0,True
-31.535558,597,1956.724633,False,False,True,False,False,False,True,False,0,1.0,True
-23.910577,344,1960.643824,False,False,True,True,False,False,False,False,0,1.0,True
-21.633097,279,1963.852586,False,False,True,True,False,False,False,False,0,1.0,True
-25.600009,414,1968.685307,False,False,True,True,False,False,False,False,0,1.0,True
-23.349742,273,1971.890291,False,False,True,True,False,False,False,False,0,1.0,True
-22.862221,266,1974.989043,False,False,True,False,False,False,True,False,0,1.0,True
-24.892528,316,1978.69658,False,False,True,False,False,False,True,False,0,1.0,True
-23.052557,275,1981.99681,False,False,True,False,False,False,True,False,0,1.0,True
-22.418723,282,1985.189277,False,False,True,True,False,False,False,False,0,1.0,True
-22.231512,224,1987.781276,False,False,True,True,False,False,False,False,0,1.0,True
-20.61429,168,1989.78635,False,False,True,True,False,False,False,False,0,1.0,True
-25.358499,328,1993.449874,False,False,True,True,False,False,False,False,0,1.0,True
-20.198539,151,1995.250918,False,False,True,True,False,False,False,False,0,1.0,True
-29.294943,507,2001.735533,False,False,True,False,False,False,True,False,0,1.0,True
-20.281319,262,2005.248436,False,False,True,False,True,False,False,False,0,1.0,True
-28.371606,443,2010.40124,False,False,True,True,False,False,False,False,0,1.0,True
-22.953449,250,2013.449117,False,False,True,True,False,False,False,False,0,1.0,True
-22.564189,286,2016.85631,False,False,True,True,False,False,False,False,0,1.0,True
-21.57916,262,2020.031385,False,False,True,True,False,False,False,False,0,1.0,True
-21.200372,190,2022.285758,False,False,True,True,False,False,False,False,0,1.0,True
-21.96059,209,2024.702776,False,False,True,True,False,False,False,False,0,1.0,True
-22.633191,220,2027.302152,False,False,True,True,False,False,False,False,0,1.0,True
-19.973474,127,2028.879472,False,False,True,True,False,False,False,False,0,1.0,True
-27.055928,381,2033.419058,False,False,True,True,False,False,False,False,0,1.0,True
-21.95116,210,2035.96237,False,False,True,True,False,False,False,False,0,1.0,True
-22.126673,196,2038.396724,False,False,True,True,False,False,False,False,0,1.0,True
-21.415199,260,2041.424189,False,False,True,True,False,False,False,False,0,1.0,True
-21.450003,172,2043.55833,False,False,True,True,False,False,False,False,0,1.0,True
-27.944596,466,2049.11594,False,False,True,True,False,False,False,False,0,1.0,True
-23.676996,339,2052.89287,False,False,True,True,False,False,False,False,0,1.0,True
-27.696748,397,2057.657727,False,False,True,True,False,False,False,False,0,1.0,True
-21.191955,256,2060.672304,False,False,True,True,False,False,False,False,0,1.0,True
-21.96722,219,2063.184526,False,False,True,True,False,False,False,False,0,1.0,True
-27.588692,408,2067.899485,False,False,True,False,False,False,True,False,0,1.0,True
-22.644577,361,2072.262412,False,False,True,True,False,False,False,False,0,1.0,True
-23.2613,284,2075.726545,False,False,True,True,False,False,False,False,0,1.0,True
-23.261984,221,2078.378175,False,False,True,True,False,False,False,False,0,1.0,True
-26.658347,486,2083.9979,False,False,True,False,True,False,False,False,0,1.0,True
-25.035956,360,2088.20132,False,False,True,True,False,False,False,False,0,1.0,True
-19.970642,141,2089.841255,False,False,True,True,False,False,False,False,0,1.0,True
-26.414277,343,2094.172184,False,False,True,True,False,False,False,False,0,1.0,True
-27.989462,396,2098.823886,False,False,True,True,False,False,False,False,0,1.0,True
-21.841935,210,2101.3956,False,False,True,True,False,False,False,False,0,1.0,True
-21.991958,189,2103.609854,False,False,True,True,False,False,False,False,0,1.0,True
-20.499885,172,2105.664399,False,False,True,True,False,False,False,False,0,1.0,True
-24.341003,319,2109.384576,False,False,True,True,False,False,False,False,0,1.0,True
-22.501679,252,2112.345844,False,False,True,True,False,False,False,False,0,1.0,True
-26.101985,384,2116.9652,False,False,True,True,False,False,False,False,0,1.0,True
-21.721416,211,2119.556936,False,False,True,True,False,False,False,False,0,1.0,True
-22.563516,225,2122.183694,False,False,True,True,False,False,False,False,0,1.0,True
-27.143982,414,2127.101495,False,False,True,False,False,False,True,False,0,1.0,True
-22.04165,265,2130.31346,False,False,True,True,False,False,False,False,0,1.0,True
-19.980713,191,2132.668809,False,False,True,True,False,False,False,False,0,1.0,True
-21.809625,180,2135.109469,False,False,True,True,False,False,False,False,0,1.0,True
-24.504822,274,2138.445954,False,False,True,False,False,False,True,False,0,1.0,True
-22.050858,192,2140.842705,False,False,True,True,False,False,False,False,0,1.0,True
-24.629895,420,2145.89367,False,False,True,True,False,False,False,False,0,1.0,True
-21.601747,320,2152.903521,False,False,True,True,False,False,False,False,0,1.0,True
-20.050568,133,2155.104232,False,False,True,True,False,False,False,False,0,1.0,True
-21.122333,139,2157.002456,False,False,True,True,False,False,False,False,0,1.0,True
-22.261269,228,2160.118331,False,False,True,True,False,False,False,False,0,1.0,True
-20.183322,137,2161.770185,False,False,True,True,False,False,False,False,0,1.0,True
-24.145635,298,2166.002925,False,False,True,True,False,False,False,False,0,1.0,True
-27.905889,541,2173.185359,False,False,True,True,False,False,False,False,0,1.0,True
-22.212575,220,2176.041503,False,False,True,True,False,False,False,False,0,1.0,True
-24.769424,419,2181.938011,False,False,True,True,False,False,False,False,0,1.0,True
-24.63756,297,2185.842576,False,False,True,True,False,False,False,False,0,1.0,True
-30.177946,527,2192.836173,False,False,True,True,False,False,False,False,0,1.0,True
-25.775101,511,2200.061231,False,False,True,False,False,False,True,False,0,1.0,True
-22.229412,237,2203.054068,False,False,True,True,False,False,False,False,0,1.0,True
-22.486789,272,2206.460235,False,False,True,True,False,False,False,False,0,1.0,True
-20.912139,219,2209.136726,False,False,True,True,False,False,False,False,0,1.0,True
-31.338691,510,2215.22688,False,False,True,True,False,False,False,False,0,1.0,True
-36.743956,223,2217.886595,False,False,True,True,False,False,True,False,0,1.0,True
-20.334441,182,2220.072345,False,False,True,True,False,False,False,False,0,1.0,True
-20.959664,192,2222.374588,False,False,True,True,False,False,False,False,0,1.0,True
-29.285158,544,2228.793728,False,False,True,False,False,False,True,False,0,1.0,True
-27.53529,387,2233.407606,False,False,True,False,False,False,True,False,0,1.0,True
-20.534633,145,2235.142287,False,False,True,True,False,False,False,False,0,1.0,True
-29.224921,544,2241.763558,False,False,True,True,False,False,False,False,0,1.0,True
-22.605894,251,2244.713205,False,False,True,False,False,False,True,False,0,1.0,True
-21.145557,179,2246.727605,False,False,True,True,False,False,False,False,0,1.0,True
-23.975569,296,2250.214612,False,False,True,True,False,False,False,False,0,1.0,True
-24.526763,283,2253.485872,False,False,True,True,False,False,False,False,0,1.0,True
-24.788444,331,2257.492178,False,False,True,True,False,False,False,False,0,1.0,True
-23.331585,247,2260.4755,False,False,True,True,False,False,False,False,0,1.0,True
-22.183969,276,2263.688278,False,False,True,True,False,False,False,False,0,1.0,True
-28.874199,494,2269.576954,False,False,True,True,False,False,False,False,0,1.0,True
-21.244839,164,2271.537046,False,False,True,True,False,False,False,False,0,1.0,True
-23.201565,226,2274.352872,False,False,True,True,False,False,False,False,0,1.0,True
-24.738761,312,2278.130742,False,False,True,True,False,False,False,False,0,1.0,True
-22.069699,219,2280.724875,False,False,True,True,False,False,False,False,0,1.0,True
-25.68291,330,2284.800261,False,False,True,True,False,False,False,False,0,1.0,True
-21.943142,194,2287.189952,False,False,True,True,False,False,False,False,0,1.0,True
-22.809135,320,2291.45238,False,False,True,False,False,False,True,False,0,1.0,True
-26.043307,429,2297.319086,False,False,True,True,False,False,False,False,0,1.0,True
-19.019715,185,2299.747891,False,False,True,True,False,False,False,False,0,1.0,True
-24.70698,317,2303.936445,False,False,True,True,False,False,False,False,0,1.0,True
-20.732558,217,2306.679611,False,False,True,True,False,False,False,False,0,1.0,True
-21.213,348,2312.65226,False,False,True,False,False,False,True,False,0,1.0,True
-20.388396,202,2315.390252,False,False,True,True,False,False,False,False,0,1.0,True
-22.448626,209,2318.167327,False,False,True,True,False,False,False,False,0,1.0,True
-25.229382,343,2322.437883,False,False,True,True,False,False,False,False,0,1.0,True
-20.670217,150,2324.349069,False,False,True,True,False,False,False,False,0,1.0,True
-20.974517,156,2326.191705,False,False,True,True,False,False,False,False,0,1.0,True
-20.408186,161,2328.257379,False,False,True,True,False,False,False,False,0,1.0,True
-33.19264,633,2335.909051,False,False,True,False,False,False,True,False,0,1.0,True
-22.640369,245,2339.177696,False,False,True,False,False,False,True,False,0,1.0,True
-20.608302,177,2341.31031,False,False,True,True,False,False,False,False,0,1.0,True
-29.091216,536,2347.924044,False,False,True,True,False,False,False,False,0,1.0,True
-25.031065,351,2352.350029,False,False,True,True,False,False,False,False,0,1.0,True
-20.566281,174,2354.400037,False,False,True,True,False,False,False,False,0,1.0,True
-21.485207,168,2356.367748,False,False,True,True,False,False,False,False,0,1.0,True
-22.37429,196,2358.666762,False,False,True,True,False,False,False,False,0,1.0,True
-20.846671,132,2360.120916,False,False,True,True,False,False,False,False,0,1.0,True
-21.136175,159,2361.900428,False,False,True,True,False,False,False,False,0,1.0,True
-25.217251,256,2364.800923,False,False,True,True,False,False,False,False,0,1.0,True
-23.696079,281,2368.158723,False,False,True,True,False,False,False,False,0,1.0,True
-22.315629,183,2370.249702,False,False,True,True,False,False,False,False,0,1.0,True
-21.531414,194,2372.525872,False,False,True,True,False,False,False,False,0,1.0,True
-20.447917,172,2374.538523,False,False,True,True,False,False,False,False,0,1.0,True
-21.284373,159,2376.390529,False,False,True,True,False,False,False,False,0,1.0,True
-23.917535,325,2380.091965,False,False,True,True,False,False,False,False,0,1.0,True
-21.774768,263,2383.081286,False,False,True,True,False,False,False,False,0,1.0,True
-27.607117,423,2387.994612,False,False,True,True,False,False,False,False,0,1.0,True
-25.438292,336,2391.910489,False,False,True,False,False,False,True,False,0,1.0,True
-22.559542,250,2394.824488,False,False,True,True,False,False,False,False,0,1.0,True
-19.433177,116,2396.148739,False,False,True,True,False,False,False,False,0,1.0,True
-23.370751,247,2398.9904,False,False,True,True,False,False,False,False,0,1.0,True
-30.283742,529,2405.070513,False,False,True,True,False,False,False,False,0,1.0,True
-22.805137,269,2408.001129,False,False,True,True,False,False,False,False,0,1.0,True
-20.22155,131,2409.58303,False,False,True,True,False,False,False,False,0,1.0,True
-21.063314,160,2411.430725,False,False,True,True,False,False,False,False,0,1.0,True
-23.359313,414,2416.116188,False,False,True,True,False,False,False,False,0,1.0,True
-21.52245,321,2419.828513,False,False,True,True,False,False,False,False,0,1.0,True
-28.381958,530,2426.201361,False,False,True,False,False,False,True,False,0,1.0,True
-21.582974,188,2428.432907,False,False,True,True,False,False,False,False,0,1.0,True
-20.240754,151,2430.109091,False,False,True,True,False,False,False,False,0,1.0,True
-21.421749,214,2433.101377,False,False,True,True,False,False,False,False,0,1.0,True
-22.077537,344,2437.184159,False,False,True,True,False,False,False,False,0,1.0,True
-26.642063,537,2443.641179,False,False,True,True,False,False,False,False,0,1.0,True
-22.18836,176,2445.702423,False,False,True,True,False,False,False,False,0,1.0,True
-21.364023,190,2447.972793,False,False,True,True,False,False,False,False,0,1.0,True
-26.315543,456,2453.50199,False,False,True,False,False,False,True,False,0,1.0,True
-21.312011,172,2455.459881,False,False,True,True,False,False,False,False,0,1.0,True
-23.134777,196,2457.543171,False,False,True,True,False,False,False,False,0,1.0,True
-23.99639,243,2486.508568,False,False,True,True,False,False,False,False,0,1.0,True
-22.020021,215,2488.984659,False,False,True,True,False,False,False,False,0,1.0,True
-24.831803,368,2493.448234,False,False,True,True,False,False,False,False,0,1.0,True
-23.136682,256,2496.219917,False,False,True,True,False,False,False,False,0,1.0,True
-21.2278,169,2498.205857,False,False,True,True,False,False,False,False,0,1.0,True
-27.922961,619,2506.124211,False,False,True,True,False,False,False,False,0,1.0,True
-27.399719,398,2510.912811,False,False,True,True,False,False,False,False,0,1.0,True
-27.181671,357,2515.205723,False,False,True,True,False,False,False,False,0,1.0,True
-19.684467,208,2517.712269,False,False,True,True,False,False,False,False,0,1.0,True
-23.286716,284,2521.105216,False,False,True,True,False,False,False,False,0,1.0,True
-21.400613,169,2523.146156,False,False,True,True,False,False,False,False,0,1.0,True
-20.21908,112,2524.44479,False,False,True,True,False,False,False,False,0,1.0,True
-23.37272,259,2527.651884,False,False,True,True,False,False,False,False,0,1.0,True
-24.682365,394,2532.348387,False,False,True,True,False,False,False,False,0,1.0,True
-21.207245,221,2535.042879,False,False,True,True,False,False,False,False,0,1.0,True
-23.148784,303,2538.691997,False,False,True,True,False,False,False,False,0,1.0,True
-20.941662,168,2540.66148,False,False,True,True,False,False,False,False,0,1.0,True
-19.943021,124,2542.190007,False,False,True,True,False,False,False,False,0,1.0,True
-21.38534,174,2544.282341,False,False,True,True,False,False,False,False,0,1.0,True
-21.412914,247,2547.190273,False,False,True,True,False,False,False,False,0,1.0,True
-20.723446,191,2549.373992,False,False,True,True,False,False,False,False,0,1.0,True
-22.830993,277,2552.69365,False,False,True,True,False,False,False,False,0,1.0,True
-24.256687,322,2556.572787,False,False,True,True,False,False,False,False,0,1.0,True
-20.43722,160,2558.477206,False,False,True,True,False,False,False,False,0,1.0,True
-19.765652,163,2560.434235,False,False,True,True,False,False,False,False,0,1.0,True
-22.74114,364,2564.804682,False,False,True,True,False,False,False,False,0,1.0,True
-25.005664,376,2569.298809,False,False,True,True,False,False,False,False,0,1.0,True
-23.598862,245,2572.263731,False,False,True,True,False,False,False,False,0,1.0,True
-20.597721,137,2573.88315,False,False,True,True,False,False,False,False,0,1.0,True
-21.121886,383,2578.271631,False,False,True,True,False,False,False,False,0,1.0,True
-24.760586,299,2581.865472,False,False,True,True,False,False,False,False,0,1.0,True
-21.799933,187,2584.103267,False,False,True,True,False,False,False,False,0,1.0,True
-28.683833,555,2590.761288,False,False,True,True,False,False,False,False,0,1.0,True
-31.283327,717,2599.326734,False,False,True,False,False,False,True,False,0,1.0,True
-20.189446,151,2601.11431,False,False,True,True,False,False,False,False,0,1.0,True
-21.083952,144,2602.804123,False,False,True,True,False,False,False,False,0,1.0,True
-32.179908,909,2613.447155,False,False,True,False,False,False,True,False,0,1.0,True
-20.389478,261,2616.425611,False,False,True,False,True,False,False,False,0,1.0,True
-23.850385,249,2619.40591,False,False,True,True,False,False,False,False,0,1.0,True
-22.731332,319,2623.229727,False,False,True,True,False,False,False,False,0,1.0,True
-23.618184,370,2627.659907,False,False,True,True,False,False,False,False,0,1.0,True
-21.800719,223,2630.165967,False,False,True,True,False,False,False,False,0,1.0,True
-26.077769,415,2634.945301,False,False,True,False,False,False,True,False,0,1.0,True
-21.063078,158,2636.855489,False,False,True,True,False,False,False,False,0,1.0,True
-20.046756,172,2638.930068,False,False,True,True,False,False,False,False,0,1.0,True
-23.854659,306,2642.439226,False,False,True,True,False,False,False,False,0,1.0,True
-26.210403,350,2646.596184,False,False,True,True,False,False,False,False,0,1.0,True
-19.32679,166,2648.580889,False,False,True,True,False,False,False,False,0,1.0,True
-19.835373,163,2650.52122,False,False,True,True,False,False,False,False,0,1.0,True
-24.583726,253,2653.399477,False,False,True,True,False,False,False,False,0,1.0,True
-21.436138,243,2656.368032,False,False,True,True,False,False,False,False,0,1.0,True
-24.366738,290,2659.754452,False,False,True,False,False,False,True,False,0,1.0,True
-22.587266,235,2662.563713,False,False,True,True,False,False,False,False,0,1.0,True
-22.292556,222,2665.243626,False,False,True,True,False,False,False,False,0,1.0,True
-25.145222,384,2669.626182,False,False,True,True,False,False,False,False,0,1.0,True
-23.768088,206,2671.935202,False,False,True,True,False,False,False,False,0,1.0,True
-21.51531,212,2674.467994,False,False,True,True,False,False,False,False,0,1.0,True
-28.310551,681,2682.549614,False,False,True,True,False,False,False,False,0,1.0,True
-25.986451,367,2686.965332,False,False,True,False,False,False,True,False,0,1.0,True
-24.563975,352,2691.179497,False,False,True,False,False,False,True,False,0,1.0,True
-24.591756,366,2695.61997,False,False,True,True,False,False,False,False,0,1.0,True
-21.652905,231,2698.397151,False,False,True,True,False,False,False,False,0,1.0,True
-18.781549,121,2699.729303,False,False,True,True,False,False,False,False,0,1.0,True
-20.496922,132,2701.216866,False,False,True,True,False,False,False,False,0,1.0,True
-26.655816,387,2705.719947,False,False,True,True,False,False,False,False,0,1.0,True
-25.573272,356,2709.946985,False,False,True,True,False,False,False,False,0,1.0,True
-22.302562,235,2712.595975,False,False,True,True,False,False,False,False,0,1.0,True
-26.207457,405,2717.386049,False,False,True,True,False,False,False,False,0,1.0,True
-22.85892,245,2720.3422,False,False,True,True,False,False,False,False,0,1.0,True
-20.83355,170,2722.366386,False,False,True,True,False,False,False,False,0,1.0,True
-30.388022,588,2729.480288,False,False,True,False,False,False,True,False,0,1.0,True
-28.22925,570,2735.958075,False,False,True,False,False,False,True,False,0,1.0,True
-22.25589,236,2738.742674,False,False,True,True,False,False,False,False,0,1.0,True
-23.504846,281,2742.121144,False,False,True,True,False,False,False,False,0,1.0,True
-21.676165,232,2744.883304,False,False,True,True,False,False,False,False,0,1.0,True
-24.875685,380,2749.381395,False,False,True,True,False,False,False,False,0,1.0,True
-22.229542,227,2752.106349,False,False,True,True,False,False,False,False,0,1.0,True
-25.062114,462,2757.557127,False,False,True,True,False,False,False,False,0,1.0,True
-28.051163,506,2763.420633,False,False,True,False,False,False,True,False,0,1.0,True
-25.108726,346,2767.553496,False,False,True,True,False,False,False,False,0,1.0,True
-21.860908,192,2769.832115,False,False,True,True,False,False,False,False,0,1.0,True
-25.336179,293,2773.398568,False,False,True,False,False,False,True,False,0,1.0,True
-22.208307,230,2776.172695,False,False,True,True,False,False,False,False,0,1.0,True
-21.69641,223,2778.864437,False,False,True,True,False,False,False,False,0,1.0,True
-21.25044,142,2780.556092,False,False,True,True,False,False,False,False,0,1.0,True
-19.975701,108,2781.8499,False,False,True,True,False,False,False,False,0,1.0,True
-19.321593,175,2786.597148,False,False,True,True,False,False,False,False,0,1.0,True
-23.507987,479,2792.181039,False,False,True,True,False,False,False,False,0,1.0,True
-28.767117,464,2797.560488,False,False,True,True,False,False,False,False,0,1.0,True
-23.572235,266,2800.810433,False,False,True,False,False,False,True,False,0,1.0,True
-23.645627,287,2804.107001,False,False,True,True,False,False,False,False,0,1.0,True
-23.273609,258,2807.136742,False,False,True,True,False,False,False,False,0,1.0,True
-23.997799,313,2810.906435,False,False,True,True,False,False,False,False,0,1.0,True
-26.66777,428,2815.87464,False,False,True,False,False,False,True,False,0,1.0,True
-21.878189,263,2819.120447,False,False,True,True,False,False,False,False,0,1.0,True
-22.446007,273,2822.370295,False,False,True,True,False,False,False,False,0,1.0,True
-20.561092,185,2824.55818,False,False,True,True,False,False,False,False,0,1.0,True
-27.021161,465,2830.030848,False,False,True,True,False,False,False,False,0,1.0,True
-23.81126,310,2833.624199,False,False,True,True,False,False,False,False,0,1.0,True
-24.662173,244,2836.364139,False,False,True,True,False,False,False,False,0,1.0,True
-20.032108,172,2838.447173,False,False,True,True,False,False,False,False,0,1.0,True
-23.79106,263,2841.547622,False,False,True,True,False,False,False,False,0,1.0,True
-22.355814,236,2844.80768,False,False,True,True,False,False,False,False,0,1.0,True
-22.000326,248,2848.20348,False,False,True,True,False,False,False,False,0,1.0,True
-21.999488,229,2851.290645,False,False,True,True,False,False,False,False,0,1.0,True
-22.436487,263,2854.796302,False,False,True,True,False,False,False,False,0,1.0,True
-21.825325,150,2856.606225,False,False,True,True,False,False,False,False,0,1.0,True
-20.614166,150,2858.571962,False,False,True,True,False,False,False,False,0,1.0,True
-28.914646,605,2866.780456,False,False,True,True,False,False,False,False,0,1.0,True
-29.597235,582,2874.147842,False,False,True,True,False,False,False,False,0,1.0,True
-27.662799,595,2881.837895,False,False,True,True,False,False,False,False,0,1.0,True
-21.727063,163,2883.967153,False,False,True,True,False,False,False,False,0,1.0,True
-25.136148,448,2890.023692,False,False,True,True,False,False,False,False,0,1.0,True
-26.716174,400,2894.828926,False,False,True,False,False,False,True,False,0,1.0,True
-22.771909,266,2897.991418,False,False,True,True,False,False,False,False,0,1.0,True
-26.734551,390,2903.008435,False,False,True,False,False,False,True,False,0,1.0,True
-21.936028,250,2906.347164,False,False,True,True,False,False,False,False,0,1.0,True
-26.455926,405,2911.463891,False,False,True,True,False,False,False,False,0,1.0,True
-32.010301,679,2920.553172,False,False,True,True,False,False,False,False,0,1.0,True
-32.497164,721,2932.287514,False,False,True,True,False,False,False,False,0,1.0,True
-27.870184,433,2938.009855,False,False,True,True,False,False,False,False,0,1.0,True
-21.95922,175,2940.575975,False,False,True,True,False,False,False,False,0,1.0,True
-24.257653,359,2945.241521,False,False,True,True,False,False,False,False,0,1.0,True
-26.099259,353,2949.654812,False,False,True,True,False,False,False,False,0,1.0,True
-27.311228,429,2954.929245,False,False,True,True,False,False,False,False,0,1.0,True
-19.866747,162,2957.005133,False,False,True,True,False,False,False,False,0,1.0,True
-21.317864,207,2960.488564,False,False,True,True,False,False,False,False,0,1.0,True
-27.407188,551,2967.862987,False,False,True,False,False,False,True,False,0,1.0,True
-21.232281,184,2970.134046,False,False,True,True,False,False,False,False,0,1.0,True
-21.023249,144,2971.857412,False,False,True,True,False,False,False,False,0,1.0,True
-20.666433,275,2975.338709,False,False,True,False,True,False,False,False,0,1.0,True
-25.180726,306,2979.12234,False,False,True,False,False,False,True,False,0,1.0,True
-21.015465,188,2981.323449,False,False,True,True,False,False,False,False,0,1.0,True
-20.634753,165,2983.262282,False,False,True,True,False,False,False,False,0,1.0,True
-21.682432,228,2985.877139,False,False,True,True,False,False,False,False,0,1.0,True
-23.186943,264,2989.024916,False,False,True,True,False,False,False,False,0,1.0,True
-21.668978,196,2991.197175,False,False,True,True,False,False,False,False,0,1.0,True
-29.240449,574,2997.911384,False,False,True,False,False,False,True,False,0,1.0,True
-22.342244,191,3000.05845,False,False,True,True,False,False,False,False,0,1.0,True
-22.067903,184,3002.091537,False,False,True,True,False,False,False,False,0,1.0,True
-20.050311,214,3004.426714,False,False,True,True,False,False,False,False,0,1.0,True
-23.734568,272,3007.6051,False,False,True,True,False,False,False,False,0,1.0,True
-28.208868,506,3013.469551,False,False,True,True,False,False,False,False,0,1.0,True
-25.519607,318,3017.294245,False,False,True,True,False,False,False,False,0,1.0,True
-31.225511,760,3026.07167,False,False,True,True,False,False,False,False,0,1.0,True
-21.403892,183,3028.237027,False,False,True,True,False,False,False,False,0,1.0,True
-24.740987,381,3032.703681,False,False,True,False,False,False,True,False,0,1.0,True
-25.779146,407,3038.517642,False,False,True,True,False,False,False,False,0,1.0,True
-23.807445,318,3042.555698,False,False,True,False,False,False,True,False,0,1.0,True
-30.335675,558,3049.012241,False,False,True,True,False,False,False,False,0,1.0,True
-21.030411,208,3051.281894,False,False,True,True,False,False,False,False,0,1.0,True
-25.594546,389,3055.717531,False,False,True,True,False,False,False,False,0,1.0,True
-23.709225,287,3058.989865,False,False,True,True,False,False,False,False,0,1.0,True
-28.746403,607,3065.797432,False,False,True,True,False,False,False,False,0,1.0,True
-19.343716,166,3067.679855,False,False,True,True,False,False,False,False,0,1.0,True
-29.185847,512,3073.474587,False,False,True,False,False,False,True,False,0,1.0,True
-22.913633,288,3076.767659,False,False,True,True,False,False,False,False,0,1.0,True
-19.902045,169,3078.56612,False,False,True,True,False,False,False,False,0,1.0,True
-22.152274,242,3081.399512,False,False,True,True,False,False,False,False,0,1.0,True
-24.611482,310,3084.921901,False,False,True,True,False,False,False,False,0,1.0,True
-26.085265,453,3090.448334,False,False,True,False,False,False,True,False,0,1.0,True
-23.201616,299,3093.865172,False,False,True,True,False,False,False,False,0,1.0,True
